round,jump,reference_size,reference_objective_before,reference_objective_after,objective_change,gradient_sq_norm,gradient_norm,coordinate_events,aggregate_nonzeros,aggregate_l1,aggregate_energy,event_energy_ratio,cancellation_fraction,descent_mass,harmful_mass,net_alignment,inner_product_alignment,alignment_identity_error,alignment_ratio,harmful_share,first_order_change,curvature_remainder,objective_decreased,net_alignment_positive,update_reconstruction_error,ideal_local_mass,memory_opposition_penalty,local_drift_term,heterogeneity_term,silent_local_mass,event_local_mass_fraction,decomposition_alignment,decomposition_identity_error,kappa_gradient_sq,defect,coverage_deficit,memory_penalty,drift_penalty,heterogeneity_penalty,defect_upper_bound,defect_bound_slack,regime,local_steps,partition_seed,train_seed
1.0,0.0049950273089797,60000.0,2.3051766322135925,2.3051766322135925,0.0,0.612396823706262,0.7825578724326157,0.0,0.0,0.0,0.0,0.0,0.0,0.0,0.0,0.0,0.0,0.0,0.0,,-0.0,0.0,0.0,0.0,0.0,0.0,0.0,0.0,0.0,1488.5457527501387,0.0,0.0,0.0,4.899174589650096,4.899174589650096,4.899174589650096,0.0,0.0,0.0,4.899174589650096,0.0,iid,1,2500,72500
5.0,0.0049756643332495,60000.0,2.3052116131782534,2.305241848373413,3.023519515954476e-05,0.6130818787388416,0.7829954525658763,3.0,3.0,3.0,3.0,0.1,0.0,0.0012736735446097,0.0068209401797503,-0.0055472666351406,-0.0055472666351406,0.0,-0.0090481660403203,0.8426517202696516,2.7601336743494264e-05,2.6338584160504957e-06,0.0,0.0,0.0,0.3530639223754406,0.0,-0.3587487084259919,0.0001375194154107,1420.6036614246475,0.0002484691588965,-0.0055472666351406,0.0,4.9046550299107325,4.910202296545873,4.551591107535292,0.0,0.3587487084259919,0.0,4.910339815961284,0.0001375194154107,iid,1,2500,72500
10.0,0.0049525712910726,60000.0,2.3039549266815182,2.3025139301300053,-0.0014409965515129,0.6175248803453555,0.7858275131002703,15.0,10.0,15.0,29.0,0.1933333333333333,0.0,0.2917340338226495,0.0,0.2917340338226495,0.2917340338226495,0.0,0.4724247445050231,0.0,-0.0014448336005388,3.837049025885372e-06,1.0,1.0,0.0,0.5012986063957214,0.0,-0.2085312610724941,-0.0010333115005778,1392.3319083532397,0.0003599128767829,0.2917340338226495,0.0,4.940199042762844,4.648465008940194,4.438900436367122,0.0,0.2085312610724941,0.0010333115005778,4.648465008940194,0.0,iid,1,2500,72500
15.0,0.004930605096731,60000.0,2.2698910815238955,2.248502857923508,-0.0213882236003875,0.5667976869209166,0.7528596727949483,331.0,227.0,331.0,631.0,0.1906344410876133,0.0,4.582044579379726,0.0016815381677588,4.580363041211967,4.580363041211967,0.0,8.081125147306839,0.0003668496163681,-0.0225839613558781,0.0011957377554906,1.0,1.0,1.862645149230957e-09,5.492271066177636,0.0,-0.9025039304979146,-0.0094040944677544,1331.7055729528215,0.0041072987746303,4.580363041211967,0.0,4.534381495367333,0.0,0.0,0.0,0.9025039304979146,0.0094040944677544,0.911908024965669,0.911908024965669,iid,1,2500,72500
20.0,0.0049096652228095,60000.0,2.160985339212417,2.140027273416519,-0.0209580657958983,0.4314497452973559,0.6568483426920981,469.0,321.0,469.0,901.0,0.1921108742004264,0.0,4.435391833186941,0.018807471380569,4.416584361806372,4.416584361806372,0.0,10.236613672729032,0.0042224135236344,-0.0216839506447653,0.0007258848488669,1.0,1.0,0.0,6.563806793128606,0.0,-2.135544939956162,-0.0116774913660719,1171.3370889575808,0.0055724609912494,4.416584361806372,0.0,3.4515979623788478,0.0,0.0,0.0,2.135544939956162,0.0116774913660719,2.147222431322234,2.147222431322234,iid,1,2500,72500
25.0,0.0048896638427146,60000.0,2.03842651553154,2.0114441904067992,-0.0269823251247407,0.545285338670563,0.7384343834563522,598.0,455.0,598.0,956.0,0.1598662207357859,0.0,5.630953711537135,0.0153325276626219,5.615621183874513,5.615621183874513,0.0,10.298500226625787,0.002715506620294,-0.0274584998571736,0.0004761747324328,1.0,1.0,0.0,8.484378960274626,0.0,-2.8540376133896643,-0.0147201630104483,1207.3779925860754,0.0069780751167453,5.615621183874513,0.0,4.362282709364504,0.0,0.0,0.0,2.8540376133896643,0.0147201630104483,2.8687577764001126,2.8687577764001126,iid,1,2500,72500
30.0,0.0048705237912742,60000.0,1.8971494157791144,1.867930555438996,-0.0292188603401184,0.5065515395058003,0.7117243423586131,686.0,543.0,686.0,1044.0,0.1521865889212828,0.0,6.166328780119784,0.0163870135299077,6.149941766589876,6.149941766589876,0.0,12.14080164989698,0.0026504555727337,-0.0299534376891273,0.0007345773490088,1.0,1.0,0.0,10.9662325627869,0.0,-4.794694066114971,-0.0215967300820523,1171.8356937364117,0.0092714023531382,6.149941766589876,0.0,4.052412316046403,0.0,0.0,0.0,4.794694066114971,0.0215967300820523,4.816290796197023,4.816290796197023,iid,1,2500,72500
35.0,0.0048521769173698,60000.0,1.742568014907837,1.7146517435073856,-0.0279162714004514,0.4233273516811521,0.6506361131086654,650.0,513.0,650.0,1008.0,0.155076923076923,0.0,5.945386251575599,0.0226846612374629,5.922701590338136,5.922701590338136,0.0,13.99083136683094,0.0038010039707739,-0.0287379959451081,0.0008217245446566,1.0,1.0,0.0,10.44490282132756,0.0,-4.505917108988797,-0.0162841220006271,1040.752414931262,0.0099361962258981,5.922701590338136,0.0,3.386618813449217,0.0,0.0,0.0,4.505917108988797,0.0162841220006271,4.522201230989424,4.522201230989424,iid,1,2500,72500
40.0,0.0048345627417287,60000.0,1.598044681167603,1.5731101360321045,-0.0249345451354985,0.24516607783073,0.4951424823530395,714.0,603.0,714.0,984.0,0.1378151260504201,0.0,5.334515123409517,0.0404348682691804,5.2940802551403365,5.2940802551403365,0.0,21.59385304028695,0.0075228361811328,-0.0255945631532232,0.0006600180177247,1.0,1.0,0.0,11.35798477465869,0.0,-6.024147109357728,-0.0397574101606252,954.6400855558886,0.0117577717011092,5.2940802551403365,0.0,1.96132862264584,0.0,0.0,0.0,6.024147109357728,0.0397574101606252,6.063904519518353,6.063904519518353,iid,1,2500,72500
45.0,0.0048176273546297,60000.0,1.4872808928489685,1.4688329439163208,-0.0184479489326476,0.1931662408471778,0.4395068154729546,606.0,531.0,606.0,778.0,0.1283828382838283,0.0,3.9636051397451695,0.0201893104040493,3.94341582934112,3.94341582934112,0.0,20.41462220337417,0.0050678594633046,-0.0189979079701137,0.000549959037466,1.0,1.0,0.0,9.49058052879991,0.0,-5.527617275050943,-0.0195474244078468,926.9324483435912,0.0101349285912245,3.94341582934112,0.0,1.5453299267774228,0.0,0.0,0.0,5.527617275050943,0.0195474244078468,5.54716469945879,5.54716469945879,iid,1,2500,72500
50.0,0.004801322503961,60000.0,1.4013374293327332,1.386813845729828,-0.0145235836029051,0.1801073147125815,0.4243905214688254,562.0,508.0,562.0,684.0,0.1217081850533807,0.0,3.17963889618218,0.0260619668433719,3.153576929338808,3.153576929338808,0.0,17.509432831039327,0.0081298810952605,-0.0151413398788069,0.0006177562759017,1.0,1.0,0.0,9.137723152671242,0.0,-5.9443386496495805,-0.0398075736828538,1070.5444088553097,0.0084633457216495,3.153576929338808,0.0,1.4408585177006523,0.0,0.0,0.0,5.9443386496495805,0.0398075736828538,5.984146223332434,5.984146223332434,iid,1,2500,72500
55.0,0.0047856048355997,60000.0,1.3292734405517577,1.3150652667999267,-0.0142081737518309,0.1513869563694762,0.3890847675886018,571.0,518.0,571.0,699.0,0.1224168126094571,0.0,3.134805479611444,0.0831072041145404,3.0516982754969035,3.0516982754969035,0.0,20.158264283013285,0.0258264323127349,-0.0146042220240092,0.0003960482721783,1.0,1.0,0.0,9.158864338241983,0.0,-6.044809326058157,-0.0623567366869224,1129.967957792162,0.0080402499180143,3.0516982754969035,0.0,1.21109565095581,0.0,0.0,0.0,6.044809326058157,0.0623567366869224,6.10716606274508,6.10716606274508,iid,1,2500,72500
60.0,0.0047704352566433,60000.0,1.2708935052871706,1.2593012888908388,-0.0115922163963317,0.1383063416466824,0.3718956058448155,457.0,403.0,455.0,567.0,0.124070021881838,0.0043763676148796,2.5652239582336165,0.0554462551103203,2.509777703123296,2.509777703123296,0.0,18.14651210668834,0.0211572806177591,-0.0119727320413167,0.0003805156449849,1.0,1.0,0.0,8.14052835048642,0.0,-5.587305785664739,-0.0434448616983846,1040.5493307802362,0.0077625699148404,2.509777703123296,0.0,1.1064507331734592,0.0,0.0,0.0,5.587305785664739,0.0434448616983846,5.630750647363124,5.630750647363124,iid,1,2500,72500
65.0,0.0047557783984597,60000.0,1.213539615058899,1.2027137013435365,-0.0108259137153625,0.1259734800532979,0.3549274292771663,557.0,519.0,557.0,637.0,0.1143626570915619,0.0,2.432939382539967,0.0692150771914725,2.3637243053484944,2.3637243053484944,0.0,18.76366600611835,0.0276621920450512,-0.0112413489912905,0.0004154352759279,1.0,1.0,0.0,8.05415392271243,0.0,-5.606415781821852,-0.084013835542084,1093.1165629478323,0.0073141737237635,2.3637243053484944,0.0,1.0077878404263836,0.0,0.0,0.0,5.606415781821852,0.084013835542084,5.690429617363936,5.690429617363936,iid,1,2500,72500
70.0,0.0047416021613943,60000.0,1.1655892290115355,1.1552442502975464,-0.0103449787139893,0.1075722518346713,0.327982090722453,506.0,449.0,506.0,638.0,0.1260869565217391,0.0,2.3434736116060257,0.0477027323158694,2.2957708792901563,2.2957708792901563,0.0,21.3416642315766,0.0199494832060899,-0.0108856321633083,0.000540653449319,1.0,1.0,0.0,8.184415920622996,0.0,-5.79618739073635,-0.09245765059649,1068.334361141599,0.0076026689873054,2.2957708792901563,0.0,0.8605780146773709,0.0,0.0,0.0,5.79618739073635,0.09245765059649,5.88864504133284,5.88864504133284,iid,1,2500,72500
75.0,0.0047278773267132,60000.0,1.1209881675720217,1.113515417480469,-0.0074727500915525,0.1064674045563099,0.3262934332105228,591.0,556.0,589.0,663.0,0.1121827411167512,0.0033840947546531,1.9916686492832127,0.2839677190813425,1.7077009302018702,1.7077009302018702,0.0,16.039659624638247,0.1247860699666279,-0.0080738005087086,0.000601050417156,1.0,1.0,0.0,8.553073929506354,0.0,-6.732487723460508,-0.1128852758439755,1271.4721220304932,0.0066819574774789,1.7077009302018702,0.0,0.8517392364504792,0.0,0.0,0.0,6.732487723460508,0.1128852758439755,6.845372999304484,6.845372999304484,iid,1,2500,72500
80.0,0.0047145772242381,60000.0,1.0845214344024658,1.075660101413727,-0.0088613329887388,0.1254910188060333,0.3542471154519587,477.0,440.0,477.0,563.0,0.1180293501048218,0.0,2.139245307950784,0.1552891527886473,1.9839561551621363,1.9839561551621363,0.0,15.8095469623102,0.0676778472695521,-0.0093535145030144,0.0004921815142756,1.0,1.0,0.0,7.632899360032752,0.0,-5.596358976929878,-0.0525842279407378,1187.325201736819,0.006387587441791,1.9839561551621363,0.0,1.0039281504482669,0.0,0.0,0.0,5.596358976929878,0.0525842279407378,5.648943204870616,5.648943204870616,iid,1,2500,72500
85.0,0.0047016774463746,60000.0,1.0468463026046753,1.0410462621688843,-0.0058000404357909,0.0713297110570115,0.2670762270532731,363.0,343.0,363.0,403.0,0.1110192837465564,0.0,1.3067404731433925,0.0330583424359005,1.273682130707492,1.273682130707492,0.0,17.856263706009962,0.0246741093151414,-0.0059884425477977,0.0001884021120068,1.0,1.0,0.0,6.057201215298846,0.0,-4.740182757410366,-0.0433363271809881,1001.742740730989,0.0060103210599526,1.273682130707492,0.0,0.570637688456092,0.0,0.0,0.0,4.740182757410366,0.0433363271809881,4.783519084591354,4.783519084591354,iid,1,2500,72500
90.0,0.0046891556009951,60000.0,1.017696335887909,1.0122303377151491,-0.0054659981727598,0.0611487695489639,0.2472827724467759,314.0,289.0,314.0,372.0,0.1184713375796178,0.0,1.215400834755016,0.0230236615700221,1.192377173184994,1.192377173184994,0.0,19.499610245308624,0.0185910902427589,-0.0055912421001391,0.0001252439273793,1.0,1.0,0.0,4.654649902659003,0.0,-3.4168904203675083,-0.0453823091065004,1043.0600873011415,0.0044426691134283,1.192377173184994,0.0,0.4891901563917117,0.0,0.0,0.0,3.4168904203675083,0.0453823091065004,3.4622727294740088,3.4622727294740088,iid,1,2500,72500
95.0,0.0046769910970246,60000.0,0.9911078350067138,0.985986498451233,-0.0051213365554808,0.0614159751881131,0.2478224670769645,449.0,427.0,449.0,501.0,0.1115812917594654,0.0,1.201102920252545,0.0439457826970297,1.1571571375555152,1.1571571375555152,0.0,18.84130527946869,0.0352964366718508,-0.0054120136302056,0.0002906770747247,1.0,1.0,0.0,6.614457682881039,0.0,-5.381400279467471,-0.0759002658580527,1137.1300527821722,0.0057831601571504,1.1571571375555152,0.0,0.4913278015049055,0.0,0.0,0.0,5.381400279467471,0.0759002658580527,5.4573005453255234,5.4573005453255234,iid,1,2500,72500
100.0,0.004665164957684,60000.0,0.9667884244441988,0.9632245825767518,-0.0035638418674469,0.0533231523403068,0.2309180641273151,349.0,328.0,349.0,393.0,0.1126074498567335,0.0,0.8743384849845768,0.0613168297449762,0.8130216552396006,0.8130216552396006,0.0,15.247066603469351,0.0655335664530474,-0.003792880135862,0.000229038268415,1.0,1.0,0.0,6.375008344184607,0.0,-5.44299628882527,-0.1189904001197363,1228.449100871616,0.0051626853546236,0.8130216552396006,0.0,0.4265852187224545,0.0,0.0,0.0,5.44299628882527,0.1189904001197363,5.561986688945007,5.561986688945007,iid,1,2500,72500
105.0,0.0046536596572292,60000.0,0.9512808845520018,0.9469013572692871,-0.0043795272827146,0.1032265327298709,0.3212888618204356,414.0,395.0,414.0,452.0,0.1091787439613526,0.0,1.0719661635400968,0.072384812928405,0.9995813506116916,0.9995813506116916,0.0,9.683376203552749,0.0632540316885878,-0.0046517114054603,0.0002721841227457,1.0,1.0,0.0,6.388526480295695,0.0,-5.29246326538032,-0.0964818643036835,1200.319938882493,0.0052941755723699,0.9995813506116916,0.0,0.8258122618389679,0.0,0.0,0.0,5.29246326538032,0.0964818643036835,5.388945129684004,5.388945129684004,iid,1,2500,72500
110.0,0.0046424589777348,60000.0,0.9284283594608308,0.9225842255115512,-0.0058441339492797,0.063369709509515,0.251733409601338,507.0,469.0,505.0,595.0,0.1173570019723865,0.0039447731755424,1.4314105136413031,0.0610596799889151,1.3703508336523882,1.3703508336523882,0.0,21.624698049888156,0.040911825408316,-0.0063617975303359,0.0005176635810561,1.0,1.0,0.0,8.848633539164439,0.0,-7.30112584390622,-0.1771568616058303,1341.3000028119675,0.0065538217800067,1.3703508336523882,0.0,0.5069576760761202,0.0,0.0,0.0,7.30112584390622,0.1771568616058303,7.478282705512051,7.478282705512051,iid,1,2500,72500
115.0,0.0046315478830482,60000.0,0.907615919017792,0.9041084496974946,-0.0035074693202973,0.0617898736146069,0.2485756899107532,464.0,446.0,464.0,500.0,0.1077586206896551,0.0,0.8720737827953613,0.0887211970336863,0.783352585761675,0.783352585761675,0.0,12.677685516037252,0.0923414452576264,-0.0036281350102648,0.0001206656899675,1.0,1.0,0.0,6.05951698962599,0.0,-5.169538697983626,-0.1066257058806896,1256.1754021749402,0.0048006253809208,0.783352585761675,0.0,0.4943189889168556,0.0,0.0,0.0,5.169538697983626,0.1066257058806896,5.276164403864316,5.276164403864316,iid,1,2500,72500
120.0,0.0046209124075087,60000.0,0.8897907374858857,0.8863954007148744,-0.0033953367710112,0.0406794698667369,0.2016915215539238,392.0,373.0,390.0,434.0,0.1107142857142857,0.0051020408163264,0.8322641114368672,0.047410721709582,0.7848533897272851,0.7848533897272851,0.0,19.29359926022658,0.0538957350183611,-0.0036267387666661,0.0002314019956549,1.0,1.0,0.0,6.183849410153925,0.0,-5.275510469804431,-0.1234855506222096,1235.2723287868332,0.0049811258091565,0.7848533897272851,0.0,0.3254357589338955,0.0,0.0,0.0,5.275510469804431,0.1234855506222096,5.39899602042664,5.39899602042664,iid,1,2500,72500
125.0,0.0046105395574086,60000.0,0.8744080287456514,0.8710572094440461,-0.0033508193016053,0.0413834597630443,0.2034292500183892,349.0,337.0,349.0,373.0,0.1068767908309455,0.0,0.7957453804901533,0.052718265914244,0.7430271145759093,0.7430271145759093,0.0,17.954688149090835,0.0621337945799474,-0.0034257559039794,7.493660237412958e-05,1.0,1.0,0.0,5.426213729660958,0.0,-4.643982341736773,-0.0392042733482753,1252.0906746343508,0.0043150225494945,0.7430271145759093,0.0,0.3310676781043546,0.0,0.0,0.0,4.643982341736773,0.0392042733482753,4.683186615085049,4.683186615085049,iid,1,2500,72500
130.0,0.0046004172234895,60000.0,0.859357518529892,0.8556736495018006,-0.0036838690280913,0.0351865243568748,0.187580714245561,354.0,334.0,352.0,390.0,0.1101694915254237,0.0056497175141242,0.8501698298925078,0.0255320036827342,0.8246378262097736,0.8246378262097736,0.0,23.436183063890866,0.0291560468458702,-0.0037936780588364,0.000109809030745,1.0,1.0,0.0,4.912593211047351,0.0,-4.018337190860166,-0.069618193977412,1388.034791993127,0.0035267615009932,0.8246378262097736,0.0,0.2814921948549987,0.0,0.0,0.0,4.018337190860166,0.069618193977412,4.087955384837578,4.087955384837578,iid,1,2500,72500
135.0,0.0045905341030286,60000.0,0.8440016085624695,0.8407912935733797,-0.0032103149890898,0.0310032208575397,0.1760773149998028,350.0,338.0,350.0,376.0,0.1074285714285714,0.0,0.7657489382735889,0.0256716729965476,0.7400772652770413,0.7400772652770413,0.0,23.870980008100005,0.0324374581998156,-0.0033973499251304,0.0001870349360405,1.0,1.0,0.0,6.053742254152894,0.0,-5.157561938085223,-0.1561030507906295,1140.8794357098968,0.0052781996113313,0.7400772652770413,0.0,0.2480257668603183,0.0,0.0,0.0,5.157561938085223,0.1561030507906295,5.3136649888758525,5.3136649888758525,iid,1,2500,72500
140.0,0.0045808796302822,60000.0,0.8318533257007599,0.8277405055522918,-0.004112820148468,0.0839598749199661,0.2897583043157971,569.0,553.0,569.0,603.0,0.1059753954305799,0.0,1.213802883390365,0.1454796182295581,1.0683232651608066,1.0683232651608066,0.0,12.724212204689143,0.1070267718860376,-0.0048938602839317,0.0007810401354637,1.0,1.0,0.0,12.016264718549792,0.0,-10.68687286883278,-0.2610685845562059,1551.2254648809176,0.0076867604613066,1.0683232651608066,0.0,0.6716789993597287,0.0,0.0,0.0,10.68687286883278,0.2610685845562059,10.947941453388983,10.947941453388983,iid,1,2500,72500
145.0,0.0045714439142384,60000.0,0.8156575017452241,0.8128327136516571,-0.002824788093567,0.0565647218649803,0.2378333909798628,327.0,318.0,327.0,345.0,0.1055045871559633,0.0,0.6763158207088633,0.0300206802766567,0.6462951404322066,0.6462951404322066,0.0,11.425763605360062,0.0425019523056931,-0.0029545019865306,0.0001297138929636,1.0,1.0,0.0,5.0535804242827,0.0,-4.347592947320663,-0.0596923365298298,1307.616560366264,0.0038498479299904,0.6462951404322066,0.0,0.4525177749198424,0.0,0.0,0.0,4.347592947320663,0.0596923365298298,4.407285283850493,4.407285283850493,iid,1,2500,72500
150.0,0.0045622176827774,60000.0,0.7997118219375611,0.7963841588497163,-0.0033276630878448,0.0446498674464424,0.2113051524370441,386.0,378.0,384.0,396.0,0.1025906735751295,0.005181347150259,0.8729506045116437,0.0565474329628359,0.8164031715488078,0.8164031715488078,0.0,18.28455980363399,0.0608365275482235,-0.0037246089855155,0.0003969458976707,1.0,1.0,0.0,7.500053857511375,0.0,-6.590670428811109,-0.0929802571514586,1314.2340974296983,0.005674404228874,0.8164031715488078,0.0,0.3571989395715398,0.0,0.0,0.0,6.590670428811109,0.0929802571514586,6.683650685962567,6.683650685962567,iid,1,2500,72500
1.0,0.0049950273089797,60000.0,2.305176632213593,2.305176632213593,0.0,0.6123968228219241,0.7825578718675853,0.0,0.0,0.0,0.0,0.0,0.0,0.0,0.0,0.0,0.0,0.0,0.0,,-0.0,0.0,0.0,0.0,0.0,0.0,0.0,0.0,0.0,1516.5943733061629,0.0,0.0,0.0,4.899174582575393,4.899174582575393,4.899174582575393,0.0,0.0,0.0,4.899174582575393,0.0,iid,1,2600,72600
5.0,0.0049756643332495,60000.0,2.3051222978591923,2.305046007633209,-7.629022598276691e-05,0.6122126610182527,0.7824401964484268,3.0,3.0,3.0,3.0,0.1,0.0,0.0158658536529401,0.0,0.0158658536529401,0.0158658536529401,0.0,0.0259155921841791,0.0,-7.894316213749109e-05,2.652936154724176e-06,1.0,1.0,0.0,0.2204603981226682,0.0,-0.2046810525935143,8.650812378618866e-05,1483.3379193211365,0.0001486024420315,0.0158658536529401,0.0,4.897701288146021,4.881835434493081,4.677240890023353,0.0,0.2046810525935143,0.0,4.881921942616867,8.650812378618866e-05,iid,1,2600,72600
10.0,0.0049525712910726,60000.0,2.30400253124237,2.302936216592789,-0.0010663146495817,0.6155932165440912,0.7845974869600917,12.0,6.0,10.0,24.0,0.2,0.1666666666666666,0.2193452021310804,0.0033364509363309,0.2160087511947495,0.2160087511947495,0.0,0.3508952753043829,0.0149830526690087,-0.0010697987397875,3.484090205828046e-06,1.0,1.0,0.0,0.653587004635483,0.0,-0.4391663802089169,0.0015881267681834,1480.4421297588128,0.0004412861351484,0.2160087511947495,0.0,4.924745732352729,4.70873698115798,4.271158727717246,0.0,0.4391663802089169,0.0,4.710325107926163,0.0015881267681834,iid,1,2600,72600
15.0,0.004930605096731,60000.0,2.2737296275138856,2.2561092236518863,-0.0176204038619993,0.5745689458543787,0.7580032624299045,275.0,176.0,273.0,557.0,0.2025454545454545,0.0072727272727273,3.884170171606456,0.0014725860528415,3.882697585553615,3.882697585553615,0.0,6.757583425919547,0.0003789813281055,-0.0191440485043959,0.0015236446423965,1.0,1.0,0.0,6.161121811019257,0.0,-2.2678068549357704,-0.0106173705298715,1462.319516176908,0.0041955757887697,3.882697585553615,0.0,4.596551566835029,0.7138539812814146,0.0,0.0,2.2678068549357704,0.0106173705298715,2.278424225465642,1.5645702441842273,iid,1,2600,72600
20.0,0.0049096652228095,60000.0,2.160387473201752,2.139137267971039,-0.021250205230713,0.4169368037537325,0.6457064377515006,511.0,359.0,509.0,911.0,0.1782778864970645,0.0039138943248532,4.520873602357227,0.0024980473517643,4.518375555005463,4.518375555005463,0.0,10.837075341696824,0.0005522533953019,-0.0221837113260031,0.00093350609529,1.0,1.0,0.0,6.7943412909517065,0.0,-2.25510376256716,-0.020861973379084,1219.2700179977169,0.0055415861650962,4.518375555005463,0.0,3.3354944300298603,0.0,0.0,0.0,2.25510376256716,0.020861973379084,2.275965735946244,2.275965735946244,iid,1,2600,72600
25.0,0.0048896638427146,60000.0,2.040470379257202,2.0147115221977234,-0.0257588570594786,0.5054351215914656,0.7109396047425306,580.0,451.0,580.0,930.0,0.1603448275862068,0.0,5.410223958486313,0.0160667663201365,5.394157192166176,5.394157192166176,0.0,10.672303846202004,0.002960911446688,-0.026375615384454,0.0006167583249754,1.0,1.0,0.0,9.306370253034402,0.0,-3.9081480019340233,-0.0040650589342021,1263.862070674312,0.0073096143085795,5.394157192166176,0.0,4.043480972731725,0.0,0.0,0.0,3.9081480019340233,0.0040650589342021,3.9122130608682255,3.9122130608682255,iid,1,2600,72600
30.0,0.0048705237912742,60000.0,1.893111553955078,1.8631425879478456,-0.0299689660072324,0.4979772699849522,0.7056750456016935,707.0,536.0,707.0,1159.0,0.1639321074964639,0.0,6.283495112948174,0.0026179842714562,6.2808771286767175,6.2808771286767175,0.0,12.612778749653598,0.0004164710737727,-0.0305911614852904,0.0006221954780579,1.0,1.0,0.0,10.459366058494195,0.0,-4.152376416906918,-0.0261125129105614,1104.4790677368792,0.0093811153526113,6.2808771286767175,0.0,3.9838181598796174,0.0,0.0,0.0,4.152376416906918,0.0261125129105614,4.17848892981748,4.17848892981748,iid,1,2600,72600
35.0,0.0048521769173698,60000.0,1.7363892349243166,1.7058840606689454,-0.0305051742553712,0.3571595227474228,0.5976282479496956,685.0,546.0,681.0,1047.0,0.1528467153284671,0.0058394160583941,6.458390385504487,0.023455063655831,6.434935321848656,6.434935321848656,0.0,18.016978162442367,0.0036185780484583,-0.0312234446334417,0.0007182703780704,1.0,1.0,0.0,12.220828825666104,0.0,-5.765218648783048,-0.0206748550344002,998.439993028004,0.0120919190310075,6.434935321848656,0.0,2.857276181979383,0.0,0.0,0.0,5.765218648783048,0.0206748550344002,5.785893503817448,5.785893503817448,iid,1,2600,72600
40.0,0.0048345627417287,60000.0,1.5904294232368472,1.5665066067695617,-0.0239228164672855,0.2440704491644744,0.4940348663449518,770.0,678.0,770.0,1000.0,0.1298701298701298,0.0,5.317856641561264,0.0368788254148633,5.2809778161464,5.2809778161464,0.0,21.637104509065946,0.0068871423513455,-0.0255312185898374,0.0016084021225518,1.0,1.0,0.0,13.163968702720013,0.0,-7.862985445235608,-0.0200054413380037,954.5405482101468,0.01360329364248,5.2809778161464,0.0,1.9525635933157957,0.0,0.0,0.0,7.862985445235608,0.0200054413380037,7.882990886573612,7.882990886573612,iid,1,2600,72600
45.0,0.0048176273546297,60000.0,1.4846737813949586,1.4657307601928713,-0.0189430212020873,0.208933402580091,0.4570923348516042,646.0,566.0,646.0,826.0,0.1278637770897832,0.0,4.166962584962029,0.1019137697079486,4.06504881525408,4.06504881525408,0.0,19.45619400754177,0.0238736757030826,-0.0195838903702733,0.0006408691681859,1.0,1.0,0.0,10.663946945569478,0.0,-6.5461033615792985,-0.0527947687360992,1007.6147782681688,0.0104725225829805,4.06504881525408,0.0,1.6714672206407286,0.0,0.0,0.0,6.5461033615792985,0.0527947687360992,6.598898130315398,6.598898130315398,iid,1,2600,72600
50.0,0.004801322503961,60000.0,1.399144078731537,1.3833626322746275,-0.0157814464569092,0.1594790621668415,0.3993482968122457,485.0,425.0,485.0,649.0,0.1338144329896907,0.0,3.3872588559611927,0.0083420212566354,3.3789168347045573,3.3789168347045573,0.0,21.18721284659707,0.0024567143072098,-0.0162232694374799,0.0004418229805707,1.0,1.0,1.862645149230957e-09,8.376208509143908,0.0,-4.982965148786889,-0.0143265256524616,981.8685079426086,0.0084587257775608,3.3789168347045573,0.0,1.275832497334732,0.0,0.0,0.0,4.982965148786889,0.0143265256524616,4.99729167443935,4.99729167443935,iid,1,2600,72600
55.0,0.0047856048355997,60000.0,1.32337626285553,1.3107083894729616,-0.0126678733825682,0.1414515969033167,0.3761005143619412,643.0,595.0,643.0,751.0,0.1167962674961119,0.0,2.958822566815968,0.0932745427578112,2.865548024058157,2.865548024058157,0.0,20.258152518538058,0.0305608043942077,-0.0137133804805758,0.0010455070980076,1.0,1.0,0.0,10.763716562651098,0.0,-7.841572182262098,-0.0565963563308429,973.5411850475668,0.0109353479242486,2.865548024058157,0.0,1.131612775226534,0.0,0.0,0.0,7.841572182262098,0.0565963563308429,7.898168538592941,7.898168538592941,iid,1,2600,72600
60.0,0.0047704352566433,60000.0,1.2637367559432984,1.252922380447388,-0.0108143754959104,0.1341140649580446,0.3662158720728043,614.0,553.0,614.0,754.0,0.122801302931596,0.0,2.5037058733181112,0.1586010135221442,2.345104859795967,2.345104859795967,0.0,17.485897996825273,0.0595727766419817,-0.0111871709036963,0.0003727954077859,1.0,1.0,0.0,9.843234616273548,0.0,-7.460048931785423,-0.0380808246921589,1174.3664334911457,0.0083120708109103,2.345104859795967,0.0,1.072912519664357,0.0,0.0,0.0,7.460048931785423,0.0380808246921589,7.498129756477581,7.498129756477581,iid,1,2600,72600
65.0,0.0047557783984597,60000.0,1.2095650897979735,1.1995923280715943,-0.0099727617263793,0.1142126250375039,0.3379535841465569,450.0,405.0,450.0,550.0,0.1222222222222222,0.0,2.1831520916956126,0.0255986271529256,2.157553464542687,2.157553464542687,0.0,18.89067398489626,0.0115896406663177,-0.010260846160194,0.0002880844338146,1.0,1.0,0.0,8.024522795458324,0.0,-5.833019387534478,-0.0339499433811596,1066.3433470980217,0.0074690643869068,2.157553464542687,0.0,0.9137010003000317,0.0,0.0,0.0,5.833019387534478,0.0339499433811596,5.866969330915637,5.866969330915637,iid,1,2600,72600
70.0,0.0047416021613943,60000.0,1.1621998400688174,1.152837092590332,-0.0093627474784854,0.1037048998972785,0.3220324516213832,445.0,411.0,445.0,519.0,0.116629213483146,0.0,2.061598018520442,0.0264737732185551,2.035124245301887,2.035124245301887,0.0,19.624186005846514,0.0126785742345128,-0.0096497495202294,0.000287002041744,1.0,1.0,0.0,6.974597123262356,0.0,-4.894766345112657,-0.0447065328478117,1041.3718799785613,0.00665295040867,2.035124245301887,0.0,0.8296391991782283,0.0,0.0,0.0,4.894766345112657,0.0447065328478117,4.939472877960469,4.939472877960469,iid,1,2600,72600
75.0,0.0047278773267132,60000.0,1.116148431491852,1.106865245819092,-0.0092831856727599,0.1095160661312273,0.3309321171044408,595.0,554.0,595.0,683.0,0.1147899159663865,0.0,2.1902640079531555,0.1416014643965155,2.04866254355664,2.04866254355664,0.0,18.706502305349744,0.0607245426786275,-0.0096858251897681,0.0004026395170082,1.0,1.0,0.0,9.50010730768554,0.0,-7.383028445439777,-0.0684163186891222,1256.3757400282827,0.007504770177643,2.04866254355664,0.0,0.876128529049819,0.0,0.0,0.0,7.383028445439777,0.0684163186891222,7.451444764128899,7.451444764128899,iid,1,2600,72600
80.0,0.0047145772242381,60000.0,1.074877809715271,1.0673896783828736,-0.0074881313323973,0.0822229684947453,0.286745476851415,432.0,404.0,432.0,490.0,0.1134259259259259,0.0,1.6635314118743594,0.0286782579086661,1.6348531539656932,1.6348531539656932,0.0,19.88316870449857,0.0169472249336237,-0.0077076414446605,0.0002195101122632,1.0,1.0,0.0,6.843712179979775,0.0,-5.129331160088441,-0.0795278659256411,1145.838192985368,0.0059372079576438,1.6348531539656932,0.0,0.6577837479579631,0.0,0.0,0.0,5.129331160088441,0.0795278659256411,5.208859026014082,5.208859026014082,iid,1,2600,72600
85.0,0.0047016774463746,60000.0,1.0398431527137757,1.0331683069229125,-0.0066748457908631,0.0686947947548828,0.2620969186291262,348.0,306.0,348.0,442.0,0.1270114942528735,0.0,1.4824332550064696,0.0117649814258697,1.4706682735805998,1.4706682735805998,0.0,21.40872942161408,0.0078737754730327,-0.0069146078529926,0.0002397620621294,1.0,1.0,0.0,5.395669824793004,0.0,-3.895467841677601,-0.0295337095348031,1133.4775757684315,0.0047377263849783,1.4706682735805998,0.0,0.5495583580390624,0.0,0.0,0.0,3.895467841677601,0.0295337095348031,3.925001551212404,3.925001551212404,iid,1,2600,72600
90.0,0.0046891556009951,60000.0,1.0092542362213135,1.0055941588401796,-0.0036600773811339,0.0637713051486896,0.2525298104158985,314.0,295.0,312.0,346.0,0.1101910828025477,0.0063694267515923,0.8755790171475439,0.0698641128973491,0.8057149042501948,0.8057149042501948,0.0,12.634442754018972,0.073895627010407,-0.00377812255607,0.0001180451749361,1.0,1.0,0.0,4.373475741012953,0.0,-3.515429127219249,-0.0523317095435089,1086.5914374625936,0.0040088142964839,0.8057149042501948,0.0,0.5101704411895173,0.0,0.0,0.0,3.515429127219249,0.0523317095435089,3.5677608367627585,3.5677608367627585,iid,1,2600,72600
95.0,0.0046769910970246,60000.0,0.9836755130290984,0.979831920528412,-0.0038435925006865,0.0612702768931301,0.2475283355358133,356.0,345.0,356.0,384.0,0.1078651685393258,0.0,0.8781598530609678,0.0295683661154839,0.8485914869454838,0.8485914869454838,0.0,13.84996983815868,0.0325740298591909,-0.0039688548294549,0.0001252623287683,1.0,1.0,0.0,4.702137537242379,0.0,-3.78542201306027,-0.0681240372366254,1262.6733760271031,0.0037101375929365,0.8485914869454838,0.0,0.4901622151450415,0.0,0.0,0.0,3.78542201306027,0.0681240372366254,3.8535460502968952,3.8535460502968952,iid,1,2600,72600
100.0,0.004665164957684,60000.0,0.9615398485183716,0.9571853305816652,-0.0043545179367063,0.0599798231314013,0.2449077849546668,287.0,272.0,287.0,319.0,0.1111498257839721,0.0,0.9937670123135902,0.0215252072507468,0.9722418050628434,0.9722418050628434,0.0,16.20948102719303,0.0212009969503984,-0.0045356683993746,0.0001811504626682,1.0,1.0,0.0,4.185360562987626,0.0,-3.1599576425294345,-0.0531611153953477,1081.1651067302569,0.0038562295674184,0.9722418050628434,0.0,0.4798385850512106,0.0,0.0,0.0,3.1599576425294345,0.0531611153953477,3.213118757924782,3.213118757924782,iid,1,2600,72600
105.0,0.0046536596572292,60000.0,0.940851093196869,0.9367997190475464,-0.0040513741493225,0.0690610664768366,0.2627947230764663,408.0,390.0,408.0,446.0,0.109313725490196,0.0,1.0245179277814422,0.1027672950265703,0.921750632754872,0.921750632754872,0.0,13.346892536969884,0.0911635253858664,-0.0042895137336768,0.0002381395843543,1.0,1.0,0.0,6.849089944153093,0.0,-5.839974810311105,-0.0873645010871158,1412.8774216367356,0.0048242319124734,0.921750632754872,0.0,0.552488531814693,0.0,0.0,0.0,5.839974810311105,0.0873645010871158,5.927339311398221,5.927339311398221,iid,1,2600,72600
110.0,0.0046424589777348,60000.0,0.9201495460033416,0.9167337027072908,-0.0034158432960509,0.0549522676528193,0.2344190001958445,420.0,397.0,418.0,462.0,0.11,0.0047619047619047,0.8642199158981043,0.097809822585237,0.7664100933128672,0.7664100933128672,0.0,13.94683287967182,0.1016702692989887,-0.0035580274183268,0.0001421841222759,1.0,1.0,0.0,6.548506543331314,0.0,-5.664023832670978,-0.1180726173474688,1290.8523081640724,0.0050474043711836,0.7664100933128672,0.0,0.4396181412225549,0.0,0.0,0.0,5.664023832670978,0.1180726173474688,5.782096450018447,5.782096450018447,iid,1,2600,72600
115.0,0.0046315478830482,60000.0,0.9016817160606384,0.8982198325634003,-0.0034618834972381,0.0489775693959838,0.2213087648422082,359.0,351.0,359.0,375.0,0.1044568245125348,0.0,0.8337963758863651,0.0648527451536438,0.7689436307327213,0.7689436307327213,0.0,15.699914067107114,0.0721669265959883,-0.0035613992451035,9.951574786536784e-05,1.0,1.0,0.0,4.712656880146824,0.0,-3.856176499546564,-0.0875367498675387,1132.8122327699407,0.0041429044085325,0.7689436307327213,0.0,0.3918205551678705,0.0,0.0,0.0,3.856176499546564,0.0875367498675387,3.9437132494141034,3.9437132494141034,iid,1,2600,72600
120.0,0.0046209124075087,60000.0,0.8852764576435089,0.8820525610923768,-0.003223896551132,0.0448262957328607,0.2117222136027789,322.0,313.0,322.0,340.0,0.1055900621118012,0.0,0.7536735300399044,0.0196688900290382,0.7340046400108662,0.7340046400108662,0.0,16.374421040389258,0.0254336106731152,-0.0033917711481952,0.0001678745970631,1.0,1.0,0.0,5.107867632468697,0.0,-4.349873120690972,-0.023989871766858,1313.3145126857355,0.0038742270373443,0.7340046400108662,0.0,0.3586103658628859,0.0,0.0,0.0,4.349873120690972,0.023989871766858,4.373862992457831,4.373862992457831,iid,1,2600,72600
125.0,0.0046105395574086,60000.0,0.8695516076087952,0.8665745625019072,-0.002977045106888,0.0461847491308971,0.2149063729415607,301.0,291.0,301.0,321.0,0.1066445182724252,0.0,0.7559603675050894,0.0877534053118438,0.6682069621932456,0.6682069621932456,0.0,14.468130167805135,0.1040085016259232,-0.0030807946317278,0.0001037495248398,1.0,1.0,0.0,4.963019384013023,0.0,-4.269119861253785,-0.025692560565993,1293.3482105214182,0.0038226730769127,0.6682069621932456,0.0,0.3694779930471774,0.0,0.0,0.0,4.269119861253785,0.025692560565993,4.294812421819778,4.294812421819778,iid,1,2600,72600
130.0,0.0046004172234895,60000.0,0.8546298868656158,0.8505505071640015,-0.0040793797016143,0.0661076754563381,0.2571141292429067,348.0,332.0,348.0,384.0,0.1103448275862069,0.0,1.011839141150551,0.0593679987943345,0.9524711423562164,0.9524711423562164,0.0,14.407875269873784,0.055421586153159,-0.0043817646481723,0.000302384946558,1.0,1.0,0.0,5.6756136153126135,0.0,-4.666585957538928,-0.0565565154174694,1236.610083591915,0.0045686862756867,0.9524711423562164,0.0,0.5288614036507051,0.0,0.0,0.0,4.666585957538928,0.0565565154174694,4.723142472956397,4.723142472956397,iid,1,2600,72600
135.0,0.0045905341030286,60000.0,0.8379349427700042,0.8353071753025056,-0.0026277674674985,0.0414599455493352,0.2036171543591924,269.0,261.0,269.0,285.0,0.1059479553903345,0.0,0.6481403510738808,0.0589656730161092,0.5891746780577716,0.5891746780577716,0.0,14.210695895793782,0.0833901437793506,-0.0027046264522651,7.68589847665248e-05,1.0,1.0,0.0,4.389511413755827,0.0,-3.752842990711088,-0.0474937449869674,1184.8260772110712,0.0036910981118501,0.5891746780577716,0.0,0.3316795643946817,0.0,0.0,0.0,3.752842990711088,0.0474937449869674,3.800336735698055,3.800336735698055,iid,1,2600,72600
140.0,0.0045808796302822,60000.0,0.8222241594314575,0.8197004279136657,-0.0025237315177918,0.0336122671199494,0.1833364860576024,315.0,302.0,313.0,341.0,0.1082539682539682,0.0063492063492063,0.6070728383265127,0.0393353812608836,0.5677374570656291,0.5677374570656291,0.0,16.890781423329432,0.0608522293945944,-0.0026007369524201,7.700543462833571e-05,1.0,1.0,0.0,5.331909681844991,0.0,-4.709296584172989,-0.0548756406063724,1332.5936210710415,0.0039852066197171,0.5677374570656291,0.0,0.2688981369595957,0.0,0.0,0.0,4.709296584172989,0.0548756406063724,4.764172224779362,4.764172224779362,iid,1,2600,72600
145.0,0.0045714439142384,60000.0,0.8078527356147768,0.8054233050823212,-0.0024294305324555,0.0315070145954261,0.177502153776866,275.0,267.0,275.0,291.0,0.1058181818181818,0.0,0.5879179768387601,0.0394261538766045,0.5484918229621556,0.5484918229621556,0.0,17.408562188617484,0.0628461349142561,-0.0025073996060898,7.796907363429636e-05,1.0,1.0,0.0,4.230160783044994,0.0,-3.607193997924696,-0.0744749621581419,1255.4784342027417,0.0033580470911153,0.5484918229621556,0.0,0.2520561167634095,0.0,0.0,0.0,3.607193997924696,0.0744749621581419,3.6816689600828383,3.6816689600828383,iid,1,2600,72600
150.0,0.0045622176827774,60000.0,0.7954749914646148,0.7932300318717959,-0.0022449595928188,0.038881892639448,0.1971849199088208,295.0,289.0,295.0,307.0,0.1040677966101694,0.0,0.5482700495909043,0.0344458285216831,0.5138242210692212,0.5138242210692212,0.0,13.215000253046188,0.059112562083005,-0.0023441779472013,9.921835438243126e-05,1.0,1.0,0.0,4.583153579151258,0.0,-3.996037718428397,-0.0732916396536396,1241.4733303145977,0.0036781266647155,0.5138242210692212,0.0,0.3110551411155847,0.0,0.0,0.0,3.996037718428397,0.0732916396536396,4.069329358082037,4.069329358082037,iid,1,2600,72600
1.0,0.0049950273089797,60000.0,2.305176560688019,2.305176560688019,0.0,0.6123968220985337,0.7825578714053892,0.0,0.0,0.0,0.0,0.0,0.0,0.0,0.0,0.0,0.0,0.0,0.0,,-0.0,0.0,0.0,0.0,0.0,0.0,0.0,0.0,0.0,1446.0643157709196,0.0,0.0,0.0,4.89917457678827,4.89917457678827,4.89917457678827,0.0,0.0,0.0,4.89917457678827,0.0,iid,1,2700,72700
5.0,0.0049756643332495,60000.0,2.305176560688019,2.3051375102043155,-3.905048370356212e-05,0.6123968220985337,0.7825578714053892,2.0,2.0,2.0,2.0,0.1,0.0,0.0111015178263187,0.0028008327935822,0.0083006850327365,0.0083006850327365,0.0,0.0135544221217414,0.2014646925659383,-4.130142245892532e-05,2.2509387553631925e-06,1.0,1.0,0.0,0.1964167272672057,0.0,-0.1880924722645431,-2.3569969926029444e-05,1531.7886314932866,0.0001282106032923,0.0083006850327365,0.0,4.89917457678827,4.890873891755533,4.702757849521064,0.0,0.1880924722645431,2.3569969926029444e-05,4.890873891755533,0.0,iid,1,2700,72700
10.0,0.0049525712910726,60000.0,2.304443072080612,2.302842096471787,-0.0016009756088251,0.6129801330481384,0.7829304777872288,19.0,10.0,19.0,57.0,0.3,0.0,0.3311693023715634,0.005702117428882,0.3254671849426813,0.3254671849426813,0.0,0.5309587821782176,0.0169266880290997,-0.0016118994363333,1.0923827508236986e-05,1.0,1.0,1.862645149230957e-09,0.778888869099319,0.0,-0.4533834793837741,-3.820477286353707e-05,1430.9114583311048,0.0005440344489452,0.3254671849426813,0.0,4.903841064385107,4.578373879442426,4.124952195285788,0.0,0.4533834793837741,3.820477286353707e-05,4.578373879442426,0.0,iid,1,2700,72700
15.0,0.004930605096731,60000.0,2.271229624557496,2.252149552059174,-0.0190800724983217,0.5753464800956847,0.7585159722086837,276.0,185.0,276.0,524.0,0.1898550724637681,0.0,4.022109080920927,0.0,4.022109080920927,4.022109080920927,0.0,6.9907598639554,0.0,-0.0198314315339969,0.0007513590356751,1.0,1.0,0.0,5.37336069624871,0.0,-1.323874371126294,-0.0273772442014887,1467.7675299326825,0.0036475538289855,4.022109080920927,0.0,4.602771840765477,0.5806627598445502,0.0,0.0,1.323874371126294,0.0273772442014887,1.351251615327783,0.7705888554832327,iid,1,2700,72700
20.0,0.0049096652228095,60000.0,2.156788540363312,2.134237932538986,-0.0225506078243258,0.4286766207716292,0.6547340076486245,496.0,354.0,496.0,872.0,0.1758064516129032,0.0,4.738716909135519,0.0078122609292137,4.730904648206305,4.730904648206305,0.0,11.036068726329306,0.0016458891643358,-0.0232271580237266,0.0006765501994007,1.0,1.0,0.0,6.6474983902298845,0.0,-1.8950405006798972,-0.0215532413436818,1184.5246086263774,0.0055806363757787,4.730904648206305,0.0,3.4294129661730337,0.0,0.0,0.0,1.8950405006798972,0.0215532413436818,1.9165937420235792,1.9165937420235792,iid,1,2700,72700
25.0,0.0048896638427146,60000.0,2.0334688163280488,2.006780804491043,-0.0266880118370056,0.5387031197390724,0.7339639771399359,593.0,450.0,593.0,981.0,0.1654300168634064,0.0,5.574272532444041,0.0148367766703358,5.5594357557737055,5.5594357557737055,0.0,10.320036309547431,0.0026545869564835,-0.0271837720009016,0.0004957601638959,1.0,1.0,0.0,9.135745655803476,0.0,-3.548142317526072,-0.0281675825036984,1273.1091365391103,0.0071248057080681,5.5594357557737055,0.0,4.309624957912579,0.0,0.0,0.0,3.548142317526072,0.0281675825036984,3.57630990002977,3.57630990002977,iid,1,2700,72700
30.0,0.0048705237912742,60000.0,1.8914999214172368,1.8666378364562988,-0.0248620849609377,0.5091260130708001,0.7135306672251727,540.0,427.0,540.0,828.0,0.1533333333333333,0.0,5.188988781060743,0.0025782965335565,5.186410484527187,5.186410484527187,0.0,10.186889593885189,0.0004966316518732,-0.0252605356562039,0.0003984506952662,1.0,1.0,0.0,8.528999435366131,0.0,-3.3297084949899727,-0.0128804558489719,1115.433435222053,0.0075883314000309,5.186410484527187,0.0,4.073008104566401,0.0,0.0,0.0,3.3297084949899727,0.0128804558489719,3.3425889508389446,3.3425889508389446,iid,1,2700,72700
35.0,0.0048521769173698,60000.0,1.7369587730407718,1.7041723168373109,-0.0327864562034609,0.3769792746179233,0.6139863798309563,759.0,619.0,759.0,1099.0,0.1447957839262187,0.0,7.00569546837815,0.0024536226792406,7.003241845698909,7.003241845698909,0.0,18.57725959284326,0.000350109943062,-0.0339809684304585,0.0011945122269976,1.0,1.0,0.0,11.78896263198112,0.0,-4.76138244906906,-0.0243383372131518,1083.2478911474675,0.0107658135808783,7.003241845698909,0.0,3.015834196943387,0.0,0.0,0.0,4.76138244906906,0.0243383372131518,4.785720786282212,4.785720786282212,iid,1,2700,72700
40.0,0.0048345627417287,60000.0,1.5913737955093383,1.5678022321701053,-0.023571563339233,0.2423174368780784,0.4922574904235368,652.0,545.0,652.0,910.0,0.1395705521472392,0.0,5.046862032638302,0.0232046251078372,5.0236574075304645,5.0236574075304645,0.0,20.731720639889847,0.004576788960434,-0.0242871869296564,0.0007156235904233,1.0,1.0,0.0,10.44786307757022,0.0,-5.404317733238372,-0.019887936801382,922.9406990505896,0.0111934766521551,5.0236574075304645,0.0,1.938539495024628,0.0,0.0,0.0,5.404317733238372,0.019887936801382,5.424205670039754,5.424205670039754,iid,1,2700,72700
45.0,0.0048176273546297,60000.0,1.4800684653282168,1.4626405486106873,-0.0174279167175295,0.1816290667891543,0.4261796179888877,610.0,519.0,610.0,814.0,0.1334426229508196,0.0,3.754219837447522,0.0357776379229619,3.71844219952456,3.71844219952456,0.0,20.472726448796585,0.0094400162943286,-0.0179140688570391,0.0004861521395096,1.0,1.0,0.0,9.338939657027368,0.0,-5.538160288158224,-0.0823371693445835,1012.190470393698,0.0091421153078339,3.71844219952456,0.0,1.4530325343132344,0.0,0.0,0.0,5.538160288158224,0.0823371693445835,5.620497457502808,5.620497457502808,iid,1,2700,72700
50.0,0.004801322503961,60000.0,1.3915439126968383,1.3775222001075746,-0.0140217125892638,0.1672696364734208,0.4089861079222872,506.0,443.0,506.0,644.0,0.1272727272727272,0.0,3.0185045649431856,0.0409922715155914,2.977512293427594,2.977512293427594,0.0,17.800674146265163,0.0133983702898801,-0.0142959967802547,0.0002742841909908,1.0,1.0,0.0,7.650750440952834,0.0,-4.647191810613549,-0.0260463369116905,1013.1574566935842,0.007494797149436,2.977512293427594,0.0,1.3381570917873664,0.0,0.0,0.0,4.647191810613549,0.0260463369116905,4.67323814752524,4.67323814752524,iid,1,2700,72700
55.0,0.0047856048355997,60000.0,1.3203211372375487,1.3072247868537905,-0.0130963503837584,0.1362448481568282,0.369113597902906,558.0,503.0,558.0,678.0,0.121505376344086,0.0,2.8336420161291898,0.0326779944346533,2.8009640216945364,2.8009640216945364,0.0,20.558311448741268,0.0114006790289354,-0.0134043069665621,0.0003079565828037,1.0,1.0,0.0,8.481877145386534,0.0,-5.620215850390196,-0.0606972733018018,1145.105499127633,0.0073526091909826,2.8009640216945364,0.0,1.0899587852546255,0.0,0.0,0.0,5.620215850390196,0.0606972733018018,5.680913123691997,5.680913123691997,iid,1,2700,72700
60.0,0.0047704352566433,60000.0,1.2605106179237364,1.2478970584869384,-0.0126135594367979,0.1223850248165873,0.3498357111796726,524.0,466.0,524.0,660.0,0.1259541984732824,0.0,2.767384096849298,0.0330470838390226,2.7343370130102755,2.7343370130102755,0.0,22.34208815259953,0.0118007127141399,-0.0130439776904091,0.0004304182536111,1.0,1.0,0.0,9.777165501436684,0.0,-6.979244577846657,-0.0635839105797515,1107.2727123654022,0.0087526669087574,2.7343370130102755,0.0,0.9790801985326988,0.0,0.0,0.0,6.979244577846657,0.0635839105797515,7.042828488426409,7.042828488426409,iid,1,2700,72700
65.0,0.0047557783984597,60000.0,1.2063918628692627,1.1951754360198974,-0.0112164268493653,0.1133927635588034,0.3367384200812308,497.0,460.0,497.0,581.0,0.1169014084507042,0.0,2.4346745095918543,0.0294471192053986,2.405227390386456,2.405227390386456,0.0,21.21147165744089,0.0119503513386926,-0.0114387284665835,0.0002223016172182,1.0,1.0,0.0,8.171264519332908,0.0,-5.664217044830366,-0.1018200841160865,1131.7670492343132,0.0071681637688149,2.405227390386456,0.0,0.9071421084704276,0.0,0.0,0.0,5.664217044830366,0.1018200841160865,5.7660371289464525,5.7660371289464525,iid,1,2700,72700
70.0,0.0047416021613943,60000.0,1.1584137817382814,1.149104454421997,-0.0093093273162843,0.1136531340444221,0.3371248048489195,559.0,522.0,559.0,641.0,0.1146690518783542,0.0,2.2007885122418784,0.0903218376999817,2.1104666745418967,2.1104666745418967,0.0,18.569366276490065,0.0394227356627644,-0.0100069933455585,0.0006976660292742,1.0,1.0,0.0,8.408056519110687,0.0,-6.164736525645026,-0.1328533189237646,1110.8951400200249,0.0075118667981189,2.1104666745418967,0.0,0.9092250723553768,0.0,0.0,0.0,6.164736525645026,0.1328533189237646,6.29758984456879,6.29758984456879,iid,1,2700,72700
75.0,0.0047278773267132,60000.0,1.1125806105613707,1.103581694507599,-0.0089989160537717,0.1122982979866166,0.3351093821226387,436.0,403.0,436.0,508.0,0.1165137614678899,0.0,2.048765406228356,0.0864172571460812,1.962348149082274,1.962348149082274,0.0,17.474424673080442,0.0404730043140701,-0.0092777413211638,0.000278825267392,1.0,1.0,0.0,7.444256155285984,0.0,-5.406441089722648,-0.0754669164810621,1089.9603639304269,0.0067835108573759,1.962348149082274,0.0,0.8983863838929333,0.0,0.0,0.0,5.406441089722648,0.0754669164810621,5.48190800620371,5.48190800620371,iid,1,2700,72700
80.0,0.0047145772242381,60000.0,1.0731415247917175,1.0664811944961547,-0.0066603302955627,0.0841577516414627,0.2900995547074534,399.0,373.0,399.0,457.0,0.1145363408521303,0.0,1.5046680540758075,0.0392257160622264,1.465442338013581,1.465442338013581,0.0,17.413040503467876,0.0254070045627034,-0.0069089410702331,0.0002486107746703,1.0,1.0,0.0,5.971082389296498,0.0,-4.439072042083353,-0.0665680091995639,1124.5629805334966,0.0052816474842512,1.465442338013581,0.0,0.6732620131317021,0.0,0.0,0.0,4.439072042083353,0.0665680091995639,4.505640051282917,4.505640051282917,iid,1,2700,72700
85.0,0.0047016774463746,60000.0,1.0379803470611573,1.0311941465377807,-0.0067862005233765,0.0646840357272756,0.2543305638873858,423.0,398.0,423.0,475.0,0.1122931442080378,0.0,1.5145893334499263,0.0272733114973355,1.4873160219525907,1.4873160219525907,0.0,22.99355637337618,0.0176885480601733,-0.0069928801960461,0.0002066796726695,1.0,1.0,0.0,6.804471059294883,0.0,-5.28787096826909,-0.0292840690732028,1031.9084409432207,0.0065508678872362,1.4873160219525907,0.0,0.5174722858182049,0.0,0.0,0.0,5.28787096826909,0.0292840690732028,5.3171550373422924,5.3171550373422924,iid,1,2700,72700
90.0,0.0046891556009951,60000.0,1.011583503818512,1.0055292040348054,-0.0060542997837065,0.0903825196743876,0.3006368568129791,517.0,484.0,513.0,575.0,0.1112185686653771,0.0077369439071566,1.542265952378358,0.1762423364010601,1.3660236159772978,1.3660236159772978,0.0,15.113803209940798,0.1025554182960836,-0.0064054972899515,0.000351197506245,1.0,1.0,0.0,7.733043341722805,0.0,-6.298929674500414,-0.0680900512450932,1192.4917887733216,0.0064429956244911,1.3660236159772978,0.0,0.7230601573951014,0.0,0.0,0.0,6.298929674500414,0.0680900512450932,6.367019725745507,6.367019725745507,iid,1,2700,72700
95.0,0.0046769910970246,60000.0,0.9840307682037353,0.9778434776782992,-0.006187290525436,0.0535145017225895,0.231332016207419,399.0,373.0,399.0,457.0,0.1145363408521303,0.0,1.3939392799783037,0.0264591034881931,1.3674801764901106,1.3674801764901106,0.0,25.5534506063217,0.0186279453681293,-0.0063956926108018,0.0002084020853657,1.0,1.0,0.0,6.45636292087147,0.0,-5.018281135380676,-0.0706016090006841,1121.3769254874703,0.0057245720508773,1.3674801764901106,0.0,0.4281160137807167,0.0,0.0,0.0,5.018281135380676,0.0706016090006841,5.08888274438136,5.08888274438136,iid,1,2700,72700
100.0,0.004665164957684,60000.0,0.9603364065647126,0.9551321784496308,-0.0052042281150819,0.0548729160500456,0.2342496874065057,382.0,349.0,378.0,442.0,0.1157068062827225,0.0104712041884816,1.1916109480806334,0.0356145791461415,1.155996368934492,1.155996368934492,0.0,21.066793094797276,0.0290204028159531,-0.0053929137515631,0.0001886856364812,1.0,1.0,0.0,6.400524349301122,0.0,-5.185481098036689,-0.059046882329941,1200.6234757593584,0.0053027316347685,1.155996368934492,0.0,0.4389833284003651,0.0,0.0,0.0,5.185481098036689,0.059046882329941,5.24452798036663,5.24452798036663,iid,1,2700,72700
105.0,0.0046536596572292,60000.0,0.9379069453239444,0.933645177555084,-0.0042617677688601,0.0514724160025866,0.2268753314104173,333.0,312.0,333.0,379.0,0.1138138138138138,0.0,0.9516224651363244,0.0174113591329501,0.9342111060033744,0.9342111060033744,0.0,18.149742688519357,0.0179677516892453,-0.0043475005353434,8.573276648330286e-05,1.0,1.0,0.0,4.8907568922732025,0.0,-3.915306260423222,-0.0412395258466062,1160.34321226666,0.0041972316476521,0.9342111060033744,0.0,0.4117793280206935,0.0,0.0,0.0,3.915306260423222,0.0412395258466062,3.956545786269828,3.956545786269828,iid,1,2700,72700
110.0,0.0046424589777348,60000.0,0.9184918686389923,0.9141308342933656,-0.0043610343456267,0.0877947944296894,0.2963018636959434,331.0,314.0,331.0,369.0,0.1114803625377643,0.0,1.0864966763391948,0.1249411978758985,0.9615554784632964,0.9615554784632964,0.0,10.95230628090779,0.1031346307848015,-0.004463981863582,0.0001029475179552,1.0,1.0,0.0,5.313761268625967,0.0,-4.262346755942417,-0.0898590342202538,1142.438463584881,0.004629711146327,0.9615554784632964,0.0,0.7023583554375158,0.0,0.0,0.0,4.262346755942417,0.0898590342202538,4.352205790162671,4.352205790162671,iid,1,2700,72700
115.0,0.0046315478830482,60000.0,0.8989688360214233,0.8949272916316986,-0.0040415443897247,0.0619610932694836,0.2489198531043349,392.0,378.0,392.0,422.0,0.1076530612244898,0.0,0.9371985856483462,0.0396296179806654,0.8975689676676808,0.8975689676676808,0.0,14.486009208455016,0.0405696905898473,-0.004157133652091,0.0001155892623663,1.0,1.0,0.0,5.662030623352621,0.0,-4.700692283558965,-0.0637693721259751,1192.4914591496145,0.0047256304569337,0.8975689676676808,0.0,0.4956887461558695,0.0,0.0,0.0,4.700692283558965,0.0637693721259751,4.76446165568494,4.76446165568494,iid,1,2700,72700
120.0,0.0046209124075087,60000.0,0.879733626651764,0.8762879733085633,-0.0034456533432006,0.0479402657507452,0.2189526564139957,334.0,325.0,334.0,354.0,0.1059880239520958,0.0,0.8128603509425147,0.0388989756711168,0.7739613752713979,0.7739613752713979,0.0,16.144286293602082,0.0456689753263622,-0.0035764077219241,0.0001307543787234,1.0,1.0,0.0,4.849970472278073,0.0,-3.9763177360518966,-0.0996913609547789,1118.6500316958495,0.0043168406434522,0.7739613752713979,0.0,0.383522126005962,0.0,0.0,0.0,3.9763177360518966,0.0996913609547789,4.076009097006676,4.076009097006676,iid,1,2700,72700
125.0,0.0046105395574086,60000.0,0.8627116907119752,0.860963117647171,-0.0017485730648041,0.0477932493254611,0.2186166721123097,452.0,440.0,452.0,476.0,0.1053097345132743,0.0,0.7259840934774786,0.2309315415409898,0.4950525519364888,0.4950525519364888,0.0,10.358210812688071,0.2413290504303787,-0.0022824593736992,0.0005338863088951,1.0,1.0,0.0,7.169846952310763,0.0,-6.586320623447136,-0.0884737769271382,1267.2916197629777,0.0056257855883158,0.4950525519364888,0.0,0.3823459946036893,0.0,0.0,0.0,6.586320623447136,0.0884737769271382,6.6747944003742745,6.6747944003742745,iid,1,2700,72700
130.0,0.0046004172234895,60000.0,0.8490512315750123,0.8445150728702546,-0.0045361587047576,0.0576822771016663,0.2401713494604765,525.0,501.0,525.0,575.0,0.1095238095238095,0.0,1.2469326727387084,0.0364788660215538,1.2104538067171546,1.2104538067171546,0.0,20.984847817011484,0.0284233583070254,-0.0055685925406601,0.0010324338359024,1.0,1.0,0.0,10.322593043092638,0.0,-8.962787470189141,-0.1493517661863421,1468.6260693904778,0.0069796831393099,1.2104538067171546,0.0,0.4614582168133307,0.0,0.0,0.0,8.962787470189141,0.1493517661863421,9.112139236375484,9.112139236375484,iid,1,2700,72700
135.0,0.0045905341030286,60000.0,0.8333387202739716,0.8313775333404542,-0.0019611869335174,0.0726490278800364,0.269534836115921,531.0,522.0,531.0,549.0,0.1033898305084745,0.0,1.0033879151545548,0.2978283052348667,0.7055596099196881,0.7055596099196881,0.0,9.711893338542144,0.2288845624332396,-0.0032388954510559,0.0012777085175384,1.0,1.0,0.0,10.456606837396976,0.0,-9.634770090637971,-0.116277136839316,1268.0246904475268,0.0081789282796732,0.7055596099196881,0.0,0.5811922230402913,0.0,0.0,0.0,9.634770090637971,0.116277136839316,9.751047227477288,9.751047227477288,iid,1,2700,72700
140.0,0.0045808796302822,60000.0,0.8189474172592164,0.8149872790336607,-0.0039601382255556,0.0558429720637588,0.2363111763411939,514.0,494.0,514.0,560.0,0.1089494163424124,0.0,1.0771212158320085,0.0703310453473307,1.0067901704846776,1.0067901704846776,0.0,18.028950345536263,0.0612932212753193,-0.0046119845839416,0.000651846358386,1.0,1.0,0.0,8.035712911514565,0.0,-6.8612814547716425,-0.1676412862582452,1347.41465281234,0.0059284449764586,1.0067901704846776,0.0,0.446743776510071,0.0,0.0,0.0,6.8612814547716425,0.1676412862582452,7.028922741029888,7.028922741029888,iid,1,2700,72700
145.0,0.0045714439142384,60000.0,0.8025447674751283,0.7990308941841127,-0.0035138732910156,0.0427608432690176,0.2067869513993027,444.0,431.0,444.0,470.0,0.1058558558558558,0.0,0.9118171061211626,0.0918113298957479,0.8200057762254147,0.8200057762254147,0.0,19.17655765267731,0.0914794027360549,-0.003748610415366,0.0002347371243504,1.0,1.0,0.0,8.06420648470521,0.0,-7.119127241438036,-0.1250734670417586,1454.749753944459,0.0055128038854232,0.8200057762254147,0.0,0.3420867461521409,0.0,0.0,0.0,7.119127241438036,0.1250734670417586,7.244200708479795,7.244200708479795,iid,1,2700,72700
150.0,0.0045622176827774,60000.0,0.790471906042099,0.7883549325466156,-0.0021169734954834,0.0631224002468224,0.2512417167725584,263.0,256.0,263.0,279.0,0.106083650190114,0.0,0.5741101302894265,0.0929531391942504,0.481156991095176,0.481156991095176,0.0,7.622602898713394,0.1393468107848276,-0.0021951429329663,7.816943748292825e-05,1.0,1.0,0.0,4.195117910858244,0.0,-3.6729596208335806,-0.041001298929487,1395.5843736468546,0.0029969848366543,0.481156991095176,0.0,0.5049792019745798,0.0238222108794037,0.0,0.0,3.6729596208335806,0.041001298929487,3.713960919763068,3.690138708883664,iid,1,2700,72700
1.0,0.0049950273089797,60000.0,2.305176560688019,2.305176560688019,0.0,0.6123968229589202,0.7825578719551163,0.0,0.0,0.0,0.0,0.0,0.0,0.0,0.0,0.0,0.0,0.0,0.0,,-0.0,0.0,0.0,0.0,0.0,0.0,0.0,0.0,0.0,1437.217742677872,0.0,0.0,0.0,4.899174583671361,4.899174583671361,4.899174583671361,0.0,0.0,0.0,4.899174583671361,0.0,iid,1,2800,72800
5.0,0.0049756643332495,60000.0,2.3051308821678167,2.305099866390228,-3.101577758846119e-05,0.6125485986961656,0.7826548400771349,2.0,2.0,2.0,2.0,0.1,0.0,0.011008906411007,0.0043165627866983,0.0066923436243087,0.0066923436243087,0.0,0.0109254084305369,0.2816594213862399,-3.329885547732276e-05,2.283077888861571e-06,1.0,1.0,0.0,0.130033460445702,0.0,-0.1232692822813987,-7.183453999459743e-05,1515.9185355298905,8.577130251988051e-05,0.0066923436243087,0.0,4.900388789569325,4.893696445945016,4.770355329123623,0.0,0.1232692822813987,7.183453999459743e-05,4.893696445945016,0.0,iid,1,2800,72800
10.0,0.0049525712910726,60000.0,2.3035925260066983,2.302979307317734,-0.0006132186889642,0.6128347019599676,0.7828375961589783,6.0,5.0,6.0,8.0,0.1333333333333333,0.0,0.1241235426568891,0.0,0.1241235426568891,0.1241235426568891,0.0,0.2025400034624628,0.0,-0.0006147306939087,1.512004944490301e-06,1.0,1.0,0.0,0.1505708135664463,0.0,-0.0269954586401581,0.000548187730601,1346.954277047613,0.0001117736409348,0.1241235426568891,0.0,4.902677615679741,4.778554073022852,4.752106802113294,0.0,0.0269954586401581,0.0,4.779102260753453,0.000548187730601,iid,1,2800,72800
15.0,0.004930605096731,60000.0,2.2746569832324983,2.253266583538055,-0.0213903996944431,0.5771545797469033,0.7597069038431224,317.0,219.0,317.0,585.0,0.1845425867507886,0.0,4.55334537444287,0.0060028228908777,4.547342551551992,4.547342551551992,0.0,7.8788988446494095,0.0013165967219586,-0.0224211503612641,0.001030750666821,1.0,1.0,0.0,5.782657191739418,0.0,-1.2184289098950103,-0.0168857302924152,1390.7194453572538,0.0041408152420139,4.547342551551992,0.0,4.6172366379752265,0.0698940864232344,0.0,0.0,1.2184289098950103,0.0168857302924152,1.2353146401874255,1.165420553764191,iid,1,2800,72800
20.0,0.0049096652228095,60000.0,2.1637340712070463,2.144330170440674,-0.0194039007663722,0.4250122029270339,0.65192959967088,468.0,362.0,468.0,756.0,0.1615384615384615,0.0,4.092645711679779,0.0068637292918083,4.085781982387971,4.085781982387971,0.0,9.61332863915302,0.0016742806403152,-0.0200598217069121,0.0006559209405399,1.0,1.0,0.0,6.576174872170668,0.0,-2.4490444499315345,-0.0413484398511627,1260.5073944217986,0.0051900087977898,4.085781982387971,0.0,3.400097623416272,0.0,0.0,0.0,2.4490444499315345,0.0413484398511627,2.490392889782697,2.490392889782697,iid,1,2800,72800
25.0,0.0048896638427146,60000.0,2.043462271404266,2.0161831280231475,-0.0272791433811185,0.5205251072706647,0.7214742596036706,596.0,454.0,594.0,974.0,0.1634228187919463,0.0033557046979866,5.705773946155503,0.0255295086171827,5.68024443753832,5.68024443753832,0.0,10.91252728868789,0.0044543983438746,-0.027774485844012,0.0004953424628935,1.0,1.0,0.0,8.671991774463095,0.0,-2.961322203584132,-0.0304251333406426,1149.5999753293768,0.0074870082508745,5.68024443753832,0.0,4.164200858165318,0.0,0.0,0.0,2.961322203584132,0.0304251333406426,2.9917473369247745,2.9917473369247745,iid,1,2800,72800
30.0,0.0048705237912742,60000.0,1.8967513033866883,1.866180707073212,-0.0305705963134765,0.4975486686925491,0.7053712984609943,668.0,531.0,668.0,1006.0,0.1505988023952096,0.0,6.390742403510728,0.003620192097685,6.387122211413043,6.387122211413043,0.0,12.837180789161843,0.0005661537086075,-0.0311086306884635,0.0005380343749869,1.0,1.0,0.0,10.84098972438369,0.0,-4.425881474511698,-0.0279860384589483,1168.3353453322693,0.0091936968221659,6.387122211413043,0.0,3.980389349540393,0.0,0.0,0.0,4.425881474511698,0.0279860384589483,4.453867512970646,4.453867512970646,iid,1,2800,72800
35.0,0.0048521769173698,60000.0,1.7400234391212466,1.7106459951400756,-0.0293774439811709,0.4174320617937274,0.6460898248647222,688.0,574.0,688.0,986.0,0.1433139534883721,0.0,6.217228769786757,0.0134901543010528,6.203738615485705,6.203738615485705,0.0,14.861672552960869,0.0021651039736201,-0.0301016373114554,0.0007241933302845,1.0,1.0,0.0,11.22423482593149,0.0,-4.969359476197496,-0.0511367342482884,1078.1664616373473,0.0103032225833863,6.203738615485705,0.0,3.3394564943498195,0.0,0.0,0.0,4.969359476197496,0.0511367342482884,5.020496210445785,5.020496210445785,iid,1,2800,72800
40.0,0.0048345627417287,60000.0,1.5912128071784974,1.567273111820221,-0.0239396953582764,0.2361771450003723,0.4859806014650917,673.0,561.0,671.0,961.0,0.1427934621099554,0.0029717682020802,5.153463816346232,0.0563575734868422,5.09710624285939,5.09710624285939,0.0,21.581708267543647,0.0108175634575157,-0.0246422799323609,0.0007025845740845,1.0,1.0,0.0,11.297314458643086,0.0,-6.158261684162426,-0.0419465316212708,1010.5628638787028,0.0110556362779737,5.09710624285939,0.0,1.8894171600029783,0.0,0.0,0.0,6.158261684162426,0.0419465316212708,6.200208215783697,6.200208215783697,iid,1,2800,72800
45.0,0.0048176273546297,60000.0,1.4857412072181702,1.4679587595939636,-0.0177824476242065,0.1888137075895603,0.4345269929354911,579.0,508.0,577.0,737.0,0.1272884283246977,0.003454231433506,3.856335373466933,0.0345551553368181,3.8217802181301153,3.8217802181301153,0.0,20.241010395483727,0.0088810402351366,-0.0184119129222465,0.0006294652980399,1.0,1.0,0.0,10.301866800000424,0.0,-6.448351476865355,-0.0317351050049552,995.0813691981624,0.0102467063614528,3.8217802181301153,0.0,1.5105096607164827,0.0,0.0,0.0,6.448351476865355,0.0317351050049552,6.48008658187031,6.48008658187031,iid,1,2800,72800
50.0,0.004801322503961,60000.0,1.4014986721038818,1.3851635301589966,-0.0163351419448851,0.1740351255571378,0.4171751737066071,549.0,493.0,549.0,677.0,0.1233151183970856,0.0,3.606229010120529,0.0976725671994813,3.508556442921048,3.508556442921048,0.0,20.160047758687345,0.0263701842936531,-0.0168457110058145,0.0005105690609293,1.0,1.0,0.0,9.473576758755373,0.0,-5.911408258587471,-0.0536120572468519,1006.3342312418716,0.009326150758185,3.508556442921048,0.0,1.392281004457103,0.0,0.0,0.0,5.911408258587471,0.0536120572468519,5.965020315834323,5.965020315834323,iid,1,2800,72800
55.0,0.0047856048355997,60000.0,1.327203921890259,1.3124986032485964,-0.0147053186416625,0.1467595453298799,0.3830920846609597,508.0,446.0,508.0,662.0,0.1303149606299212,0.0,3.1892567150133857,0.0202376279490295,3.169019087064356,3.169019087064356,0.0,21.593274086133,0.0063055502787862,-0.0151656730671629,0.0004603544255003,1.0,1.0,0.0,8.72496610856615,0.0,-5.512087828630683,-0.0438591928711105,974.961933926661,0.0088696577216324,3.169019087064356,0.0,1.1740763626390391,0.0,0.0,0.0,5.512087828630683,0.0438591928711105,5.555947021501794,5.555947021501794,iid,1,2800,72800
60.0,0.0047704352566433,60000.0,1.2603154169082644,1.2471786690711977,-0.0131367478370667,0.1219142494475196,0.3491622107953832,615.0,563.0,615.0,745.0,0.1211382113821138,0.0,2.8906016246616986,0.0283488269519693,2.862252797709729,2.862252797709729,0.0,23.47759027907432,0.0097119932050567,-0.0136541916596205,0.0005174438225538,1.0,1.0,0.0,11.00209093565354,0.0,-8.115253211718482,-0.0245849262253301,1047.424598932871,0.0103947595435449,2.862252797709729,0.0,0.9753139955801572,0.0,0.0,0.0,8.115253211718482,0.0245849262253301,8.139838137943812,8.139838137943812,iid,1,2800,72800
65.0,0.0047557783984597,60000.0,1.2018144883155826,1.1938748332977296,-0.0079396550178529,0.1183446864088469,0.3440126253625685,489.0,445.0,489.0,583.0,0.1192229038854805,0.0,1.9450026653451715,0.2075761500303699,1.7374265153148016,1.7374265153148016,0.0,14.681069070667792,0.0964313819998994,-0.0082628154904452,0.0003231604725922,1.0,1.0,0.0,7.368252279993612,0.0,-5.578001238482102,-0.0528245261967086,1051.857781397726,0.0069562605579192,1.7374265153148016,0.0,0.9467574912707754,0.0,0.0,0.0,5.578001238482102,0.0528245261967086,5.630825764678811,5.630825764678811,iid,1,2800,72800
70.0,0.0047416021613943,60000.0,1.1551561645507815,1.1471381933212283,-0.0080179712295531,0.1131626514045727,0.3363965686575484,394.0,364.0,394.0,458.0,0.116243654822335,0.0,1.7727661407195967,0.037356873521162,1.7354092671984347,1.7354092671984347,0.0,15.335530280163706,0.020637754024044,-0.0082286203322518,0.0002106491026986,1.0,1.0,0.0,5.740807532565668,0.0,-4.00031389872629,-0.0050843666409434,1082.8594276221995,0.0052735681540152,1.7354092671984347,0.0,0.9053012112365816,0.0,0.0,0.0,4.00031389872629,0.0050843666409434,4.0053982653672335,4.0053982653672335,iid,1,2800,72800
75.0,0.0047278773267132,60000.0,1.1107898030281067,1.1018190063476565,-0.0089707966804502,0.0929796802749501,0.3049256963178901,472.0,433.0,472.0,556.0,0.1177966101694915,0.0,1.9880664232835343,0.0305986713392485,1.9574677519442856,1.9574677519442856,0.0,21.05264016993669,0.0151578740925157,-0.0092546674021898,0.0002838707217396,1.0,1.0,0.0,7.255294923379552,0.0,-5.260756620209577,-0.037070551225689,1132.8275517629966,0.0063638313167037,1.9574677519442856,0.0,0.7438374421996012,0.0,0.0,0.0,5.260756620209577,0.037070551225689,5.297827171435266,5.297827171435266,iid,1,2800,72800
80.0,0.0047145772242381,60000.0,1.0693694603919983,1.0618371277809144,-0.0075323326110838,0.0736945564728901,0.2714674132799186,449.0,414.0,449.0,523.0,0.1164810690423162,0.0,1.6802284915646282,0.0223304852162229,1.6578980063484052,1.6578980063484052,0.0,22.496885600475693,0.0131158365265236,-0.00781628818084,0.0002839555697561,1.0,1.0,0.0,6.671195677190553,0.0,-4.965848459054541,-0.0474492117876068,1051.733157929798,0.0063030690061463,1.6578980063484052,0.0,0.5895564517831212,0.0,0.0,0.0,4.965848459054541,0.0474492117876068,5.013297670842148,5.013297670842148,iid,1,2800,72800
85.0,0.0047016774463746,60000.0,1.0361633033752444,1.0301852004051208,-0.0059781029701235,0.0633982401851261,0.2517900716571766,363.0,338.0,363.0,419.0,0.115426997245179,0.0,1.3181928297579475,0.0145696879938554,1.303623141764092,1.303623141764092,0.0,20.562449966394095,0.0109319460892647,-0.0061292155242042,0.0001511125540806,1.0,1.0,0.0,4.9476535664871335,0.0,-3.611383038835356,-0.0326473858876852,1071.6101245408004,0.0045958086663826,1.303623141764092,0.0,0.5071859214810092,0.0,0.0,0.0,3.611383038835356,0.0326473858876852,3.6440304247230415,3.6440304247230415,iid,1,2800,72800
90.0,0.0046891556009951,60000.0,1.0075032276630402,1.0019259036064148,-0.0055773240566254,0.060633489843497,0.2462386847014437,383.0,363.0,383.0,429.0,0.1120104438642297,0.0,1.2645653835718704,0.0467487785853393,1.217816604986531,1.217816604986531,0.0,20.08488391695539,0.0356503269273276,-0.0057105315542574,0.0001332074976319,1.0,1.0,0.0,6.624524405924603,0.0,-5.369399306507603,-0.0373084944304693,1220.440569458558,0.0053986739897078,1.217816604986531,0.0,0.485067918747976,0.0,0.0,0.0,5.369399306507603,0.0373084944304693,5.406707800938072,5.406707800938072,iid,1,2800,72800
95.0,0.0046769910970246,60000.0,0.9808960857868194,0.9767369617938996,-0.0041591239929198,0.0603544158312202,0.2456713573683759,463.0,448.0,463.0,493.0,0.1064794816414686,0.0,1.0357864603623457,0.0864726461475839,0.9493138142147616,0.9493138142147616,0.0,15.728986870977185,0.0770523007084361,-0.0044399322573649,0.000280808264445,1.0,1.0,0.0,7.05079116334673,0.0,-6.046561476537818,-0.0549158725941509,1122.4325832873046,0.0062424922073563,0.9493138142147616,0.0,0.4828353266497623,0.0,0.0,0.0,6.046561476537818,0.0549158725941509,6.101477349131969,6.101477349131969,iid,1,2800,72800
100.0,0.004665164957684,60000.0,0.957824338245392,0.9512433557510376,-0.0065809824943544,0.0750558763843565,0.2739632756125473,445.0,424.0,445.0,493.0,0.1107865168539325,0.0,1.5196195609764764,0.0488309316706363,1.47078862930584,1.47078862930584,0.0,19.595915738482898,0.0311332311090184,-0.0068614715735977,0.0002804890792432,1.0,1.0,0.0,7.435527822381118,0.0,-5.952241802326171,-0.0124973907491074,1340.207948488453,0.0055174294634184,1.47078862930584,0.0,0.6004470110748527,0.0,0.0,0.0,5.952241802326171,0.0124973907491074,5.964739193075278,5.964739193075278,iid,1,2800,72800
105.0,0.0046536596572292,60000.0,0.9330044352531434,0.9291608557701112,-0.0038435794830321,0.0453633947948565,0.2129868418350217,330.0,310.0,330.0,372.0,0.1127272727272727,0.0,0.863582743880265,0.0186619293316425,0.8449208145486224,0.8449208145486224,0.0,18.6256081223538,0.0211527821003461,-0.0039319739082181,8.839442518604121e-05,1.0,1.0,0.0,5.0238810130395,0.0,-4.099944625671924,-0.0790155728189532,1205.2492335312832,0.0041510308315251,0.8449208145486224,0.0,0.3629071583588524,0.0,0.0,0.0,4.099944625671924,0.0790155728189532,4.178960198490877,4.178960198490877,iid,1,2800,72800
110.0,0.0046424589777348,60000.0,0.9140298298835754,0.9101365629196166,-0.0038932669639587,0.0396477991470896,0.199117551077472,370.0,356.0,370.0,400.0,0.1081081081081081,0.0,0.8889406119225272,0.0197620158683662,0.8691785960541609,0.8691785960541609,0.0,21.922492918953417,0.0217475060201034,-0.0040351259765065,0.0001418590125478,1.0,1.0,0.0,5.50401478074491,0.0,-4.557879958803824,-0.0769562258869256,1277.7329280078377,0.0042891648433875,0.8691785960541609,0.0,0.3171823931767175,0.0,0.0,0.0,4.557879958803824,0.0769562258869256,4.63483618469075,4.63483618469075,iid,1,2800,72800
115.0,0.0046315478830482,60000.0,0.8945158314704895,0.8910434428691864,-0.0034723886013031,0.0406230645480151,0.2015516423848119,361.0,349.0,361.0,385.0,0.1066481994459833,0.0,0.8135843630244244,0.0436736948702218,0.7699106681542025,0.7699106681542025,0.0,18.95255015150798,0.0509457968554775,-0.0035658781252258,9.348952392268474e-05,1.0,1.0,0.0,4.570793227176182,0.0,-3.709899128570214,-0.0909834304517653,1187.0523433092203,0.0038357707961778,0.7699106681542025,0.0,0.3249845163841209,0.0,0.0,0.0,3.709899128570214,0.0909834304517653,3.80088255902198,3.80088255902198,iid,1,2800,72800
120.0,0.0046209124075087,60000.0,0.8779931195259095,0.8741213167667389,-0.0038718027591706,0.050611369818635,0.2249697086690451,351.0,334.0,351.0,385.0,0.1096866096866096,0.0,0.9316227970965656,0.0536966905818729,0.8779261065146926,0.8779261065146926,0.0,17.346420570332814,0.0544967305055444,-0.0040568196384696,0.0001850168792989,1.0,1.0,0.0,6.396453492925502,0.0,-5.453236520426799,-0.0652908659840107,1282.0227105780612,0.0049645749390398,0.8779261065146926,0.0,0.4048909585490804,0.0,0.0,0.0,5.453236520426799,0.0652908659840107,5.51852738641081,5.51852738641081,iid,1,2800,72800
125.0,0.0046105395574086,60000.0,0.8606730924129486,0.8571653672218322,-0.0035077251911164,0.0416683429139414,0.2041282511411426,303.0,292.0,301.0,319.0,0.1052805280528052,0.0066006600660065,0.8117478862420313,0.0249908034150507,0.7867570828269805,0.7867570828269805,0.0,18.881410389942516,0.0298669151121632,-0.0036273746524452,0.0001196494613288,1.0,1.0,0.0,5.123334403615445,0.0,-4.30891513334609,-0.0276621874423739,1241.731167078674,0.0041090074243022,0.7867570828269805,0.0,0.3333467433115312,0.0,0.0,0.0,4.30891513334609,0.0276621874423739,4.336577320788464,4.336577320788464,iid,1,2800,72800
130.0,0.0046004172234895,60000.0,0.8466274145126342,0.8437316188812256,-0.0028957956314086,0.0412278589915435,0.2030464454048471,372.0,358.0,370.0,394.0,0.1059139784946236,0.0053763440860215,0.7194048010835807,0.0678151234322541,0.6515896776513266,0.6515896776513266,0.0,15.804596541988206,0.0861450800727161,-0.0029975843757151,0.0001017887443065,1.0,1.0,0.0,5.477436997462064,0.0,-4.741719979381742,-0.0841273404289957,1365.6416102229375,0.0039948660975618,0.6515896776513266,0.0,0.3298228719323484,0.0,0.0,0.0,4.741719979381742,0.0841273404289957,4.8258473198107374,4.8258473198107374,iid,1,2800,72800
135.0,0.0045905341030286,60000.0,0.8322178458213806,0.8298137986660004,-0.0024040471553802,0.0517928290285773,0.2275803792697809,464.0,446.0,464.0,502.0,0.1081896551724137,0.0,0.773495585374576,0.1638702312623805,0.6096253541121954,0.6096253541121954,0.0,11.770458682143564,0.1748199351351509,-0.0027985059781229,0.0003944588227427,1.0,1.0,0.0,7.598938235896639,0.0,-6.835171468928593,-0.1541414128558513,1398.3370202335868,0.0054048964251322,0.6096253541121954,0.0,0.4143426322286188,0.0,0.0,0.0,6.835171468928593,0.1541414128558513,6.9893128817844445,6.9893128817844445,iid,1,2800,72800
140.0,0.0045808796302822,60000.0,0.815891399383545,0.8134864492416382,-0.0024049501419068,0.0341212444541622,0.1847193667544425,390.0,376.0,386.0,410.0,0.1051282051282051,0.0102564102564102,0.6400578906976229,0.0741979564550776,0.5658599342425452,0.5658599342425452,0.0,16.583801185877306,0.1038814827359962,-0.0025921362463645,0.0001871861044576,1.0,1.0,0.0,6.9513088872190565,0.0,-6.296838241585647,-0.0886107113908645,1359.971071821692,0.005085372063053,0.5658599342425452,0.0,0.2729699556332979,0.0,0.0,0.0,6.296838241585647,0.0886107113908645,6.385448952976511,6.385448952976511,iid,1,2800,72800
145.0,0.0045714439142384,60000.0,0.8032314877986909,0.8008419568061829,-0.002389530992508,0.0354955659894511,0.1884026698044672,357.0,344.0,357.0,383.0,0.1072829131652661,0.0,0.6233130378167147,0.0883801827391295,0.5349328550775851,0.5349328550775851,0.0,15.070413449290006,0.124182976859191,-0.0024454155448706,5.588455236256364e-05,1.0,1.0,0.0,5.530200301436707,0.0,-4.895374104238272,-0.0998933421208505,1251.8762643071002,0.0043981007391737,0.5349328550775851,0.0,0.283964527915609,0.0,0.0,0.0,4.895374104238272,0.0998933421208505,4.995267446359122,4.995267446359122,iid,1,2800,72800
150.0,0.0045622176827774,60000.0,0.7883204327583314,0.7853560337066652,-0.0029643990516662,0.0270369539103116,0.1644291759704209,407.0,395.0,405.0,431.0,0.1058968058968058,0.0049140049140049,0.730053190467518,0.0446692497332463,0.6853839407342717,0.6853839407342717,0.0,25.349894925584497,0.057658391464265,-0.0031268707339095,0.0001624716822433,1.0,1.0,0.0,7.133163239923306,0.0,-6.2262944852091096,-0.2214848139799246,1341.7915347620974,0.0052880366491092,0.6853839407342717,0.0,0.2162956312824933,0.0,0.0,0.0,6.2262944852091096,0.2214848139799246,6.447779299189034,6.447779299189034,iid,1,2800,72800
1.0,0.0049950273089797,60000.0,2.3051766083717347,2.3051766083717347,0.0,0.6123968213721072,0.7825578709412533,0.0,0.0,0.0,0.0,0.0,0.0,0.0,0.0,0.0,0.0,0.0,0.0,,-0.0,0.0,0.0,0.0,0.0,0.0,0.0,0.0,0.0,1552.8404518609682,0.0,0.0,0.0,4.899174570976857,4.899174570976857,4.899174570976857,0.0,0.0,0.0,4.899174570976857,0.0,iid,1,2900,72900
5.0,0.0049756643332495,60000.0,2.305159614086151,2.305105375099182,-5.423898696887974e-05,0.6132209149202972,0.7830842323277217,1.0,1.0,1.0,1.0,0.1,0.0,0.0111000047763809,0.0,0.0111000047763809,0.0111000047763809,0.0,0.018101151650745,0.0,-5.522989786473822e-05,9.909108958584793e-07,1.0,1.0,0.0,0.0359823857434093,0.0,-0.0247983816079795,-8.399935904890299e-05,1503.71721334097,2.392838522016927e-05,0.0111000047763809,0.0,4.905767319362377,4.8946673145859965,4.869784933618968,0.0,0.0247983816079795,8.399935904890299e-05,4.8946673145859965,0.0,iid,1,2900,72900
10.0,0.0049525712910726,60000.0,2.3037278738498688,2.3030886748313906,-0.0006391990184781,0.6128748197527588,0.7828632190573005,13.0,12.0,13.0,15.0,0.1153846153846153,0.0,0.1365478959487518,0.0048223191115539,0.1317255768371978,0.1317255768371978,0.0,0.2149306393275181,0.0341112808627817,-0.0006523803101438,1.3181291665687068e-05,1.0,1.0,0.0,0.6559442437719554,0.0,-0.5235228448873386,-0.0006958220474189,1395.7149959703988,0.0004697492799952,0.1317255768371978,0.0,4.902998558022071,4.771272981184873,4.247054314250115,0.0,0.5235228448873386,0.0006958220474189,4.771272981184873,0.0,iid,1,2900,72900
15.0,0.004930605096731,60000.0,2.26850519490242,2.2544845006465914,-0.0140206942558287,0.5569194649616404,0.7462703698805416,226.0,170.0,220.0,340.0,0.1504424778761062,0.0265486725663717,3.0016963310736173,0.01479190901955,2.9869044220540677,2.9869044220540677,0.0,5.363260955980054,0.0049036852930324,-0.0147272461668282,0.0007065519109995,1.0,1.0,0.0,5.110909747891128,0.0,-2.109788814675994,-0.0142165111610665,1467.2963875478215,0.0034711249783113,2.9869044220540677,0.0,4.455355719693123,1.4684512976390556,0.0,0.0,2.109788814675994,0.0142165111610665,2.124005325837061,0.6555540281980052,iid,1,2900,72900
20.0,0.0049096652228095,60000.0,2.162574615287781,2.141449598741532,-0.0211250165462488,0.4232767964496127,0.6505972613296284,476.0,341.0,476.0,820.0,0.1722689075630252,0.0,4.4500781351353,0.0,4.4500781351353,4.4500781351353,0.0,10.513399677142573,0.0,-0.021848393858859,0.0007233773126101,1.0,1.0,0.0,6.954161320463754,0.0,-2.4758201450458728,-0.0282630402825816,1287.104085767537,0.0053739167739262,4.4500781351353,0.0,3.386214371596901,0.0,0.0,0.0,2.4758201450458728,0.0282630402825816,2.5040831853284544,2.5040831853284544,iid,1,2900,72900
25.0,0.0048896638427146,60000.0,2.036697951459885,2.0064575569629666,-0.0302403944969182,0.506293422289624,0.7115429869583594,694.0,523.0,692.0,1122.0,0.161671469740634,0.0028818443804035,6.397128825106847,0.0444535547524083,6.352675270354439,6.352675270354439,0.0,12.547418138725895,0.0069010302330992,-0.0310624465739595,0.0008220520770412,1.0,1.0,0.0,11.146021756576374,0.0,-4.771963040546325,-0.0213834456756103,1237.2067601448343,0.0089285832644194,6.352675270354439,0.0,4.050347378316992,0.0,0.0,0.0,4.771963040546325,0.0213834456756103,4.793346486221935,4.793346486221935,iid,1,2900,72900
30.0,0.0048705237912742,60000.0,1.886319419002533,1.856568101978302,-0.0297513170242309,0.4773764861620894,0.6909243707976217,653.0,530.0,653.0,975.0,0.1493108728943338,0.0,6.23092023068989,0.0198736177824798,6.21104661290741,6.21104661290741,0.0,13.010792933773654,0.003179375014477,-0.030251050296879,0.000499733272648,1.0,1.0,0.0,10.909287477697944,0.0,-4.664960715090274,-0.0332801497002606,1180.3174910564169,0.0091580274002256,6.21104661290741,0.0,3.819011889296716,0.0,0.0,0.0,4.664960715090274,0.0332801497002606,4.698240864790535,4.698240864790535,iid,1,2900,72900
35.0,0.0048521769173698,60000.0,1.7246537792205814,1.68681365776062,-0.0378401214599612,0.3432641127478123,0.5858874574078304,892.0,725.0,892.0,1318.0,0.1477578475336322,0.0,8.20995180102058,0.0193405256866299,8.19061127533395,8.19061127533395,0.0,23.860960033859964,0.0023502052082731,-0.0397422949693242,0.0019021735093629,1.0,1.0,0.0,14.432744012156036,0.0,-6.232789423927898,-0.0093433128941882,1041.9009103708925,0.0136630542369545,8.19061127533395,0.0,2.7461129019824986,0.0,0.0,0.0,6.232789423927898,0.0093433128941882,6.242132736822086,6.242132736822086,iid,1,2900,72900
40.0,0.0048345627417287,60000.0,1.585920927619934,1.5575478534698484,-0.0283730741500856,0.2568425746286223,0.5067963837959208,740.0,616.0,740.0,1038.0,0.1402702702702702,0.0,6.307214693041516,0.0099135675797583,6.2973011254617575,6.2973011254617575,0.0,24.51813580582287,0.001569315545096,-0.0304446973946039,0.0020716232445182,1.0,1.0,0.0,12.12032092968002,0.0,-5.815440257236332,-0.0075795469819297,951.4186014036682,0.0125789634946234,6.2973011254617575,0.0,2.0547405970289785,0.0,0.0,0.0,5.815440257236332,0.0075795469819297,5.823019804218262,5.823019804218262,iid,1,2900,72900
45.0,0.0048176273546297,60000.0,1.478824433517456,1.4599880710601807,-0.0188363624572753,0.1880994703692164,0.4337043582548099,526.0,451.0,526.0,724.0,0.1376425855513308,0.0,4.024150640902107,0.0128228274681987,4.011327813433908,4.011327813433908,0.0,21.325566762948124,0.0031763467282273,-0.0193250826023863,0.0004887201451109,1.0,1.0,0.0,9.62992840242805,0.0,-5.604385000922775,-0.0142155880713659,968.7822740878744,0.0098424042319969,4.011327813433908,0.0,1.504795762953732,0.0,0.0,0.0,5.604385000922775,0.0142155880713659,5.618600588994141,5.618600588994141,iid,1,2900,72900
50.0,0.004801322503961,60000.0,1.388050344657898,1.3729140274047853,-0.0151363172531127,0.1562271018912035,0.3952557423886508,608.0,544.0,608.0,746.0,0.1226973684210526,0.0,3.2768134038512557,0.0267044554376809,3.2501089484135743,3.2501089484135743,0.0,20.80374601506049,0.0080836419160237,-0.0156048212343434,0.0004685039812307,1.0,1.0,0.0,9.238569164881484,0.0,-5.947482931682316,-0.0409772847855922,1046.4434184147854,0.0087512804742103,3.2501089484135743,0.0,1.249816815129628,0.0,0.0,0.0,5.947482931682316,0.0409772847855922,5.988460216467908,5.988460216467908,iid,1,2900,72900
55.0,0.0047856048355997,60000.0,1.3150279081344602,1.3019187311172489,-0.0131091770172115,0.1366155119619094,0.3696153567722929,588.0,531.0,588.0,720.0,0.1224489795918367,0.0,2.946843676847159,0.101994955489566,2.844848721357593,2.844848721357593,0.0,20.8237606440386,0.0334537073913268,-0.0136143217974785,0.0005051447802669,1.0,1.0,0.0,9.747706190973986,0.0,-6.865782417594346,-0.0370750520220468,959.942845641317,0.0100523885404009,2.844848721357593,0.0,1.0929240956952753,0.0,0.0,0.0,6.865782417594346,0.0370750520220468,6.902857469616393,6.902857469616393,iid,1,2900,72900
60.0,0.0047704352566433,60000.0,1.2547389612197877,1.244608898448944,-0.0101300627708436,0.1265615857146421,0.3557549517781054,525.0,493.0,525.0,595.0,0.1133333333333333,0.0,2.251011986226956,0.0590856733220732,2.191926312904883,2.191926312904883,0.0,17.319049066333683,0.0255771322384733,-0.0104564425630457,0.0003263797922021,1.0,1.0,0.0,8.441809283976909,0.0,-6.228859160106822,-0.0210238109652038,1119.606366247865,0.0074835538650615,2.191926312904883,0.0,1.012492685717137,0.0,0.0,0.0,6.228859160106822,0.0210238109652038,6.249882971072026,6.249882971072026,iid,1,2900,72900
65.0,0.0047557783984597,60000.0,1.2026148912429808,1.1925673665046692,-0.0100475247383116,0.1193610967347649,0.3454867533419551,475.0,446.0,475.0,539.0,0.1134736842105263,0.0,2.192087196447545,0.0335788993872938,2.1585082970602514,2.1585082970602514,0.0,18.083851071314484,0.0150871235582615,-0.0102653871320552,0.0002178623937435,1.0,1.0,0.0,8.032833006582223,0.0,-5.834569275652029,-0.0397554338699421,1021.48881030844,0.0078024906603389,2.1585082970602514,0.0,0.95488877387812,0.0,0.0,0.0,5.834569275652029,0.0397554338699421,5.874324709521972,5.874324709521972,iid,1,2900,72900
70.0,0.0047416021613943,60000.0,1.155392949104309,1.146356370353699,-0.0090365787506099,0.1049062251841938,0.3238923049166093,445.0,417.0,443.0,505.0,0.1134831460674157,0.0044943820224718,2.041452244776167,0.103296645368033,1.9381555994081336,1.9381555994081336,0.0,18.475124769813515,0.0481625825021818,-0.0091899627792721,0.0001533840286622,1.0,1.0,0.0,6.919933860335732,0.0,-4.951134594227369,-0.0306436667002287,1048.0254170109515,0.0065595187984102,1.9381555994081336,0.0,0.8392498014735507,0.0,0.0,0.0,4.951134594227369,0.0306436667002287,4.981778260927598,4.981778260927598,iid,1,2900,72900
75.0,0.0047278773267132,60000.0,1.1077893650054933,1.100046537590027,-0.0077428274154662,0.0845967091726182,0.290855134341167,522.0,486.0,522.0,600.0,0.1149425287356321,0.0,1.76113151873804,0.060188597805812,1.7009429209322278,1.7009429209322278,0.0,20.10649040096205,0.0330466880912875,-0.0080418494699089,0.0002990220544426,1.0,1.0,0.0,7.388149044418242,0.0,-5.649086558427371,-0.0381195650586434,1174.6866010956223,0.006250153844791,1.7009429209322278,0.0,0.6767736733809463,0.0,0.0,0.0,5.649086558427371,0.0381195650586434,5.687206123486014,5.687206123486014,iid,1,2900,72900
80.0,0.0047145772242381,60000.0,1.0665567591667178,1.0604205228805543,-0.0061362362861634,0.068044609493586,0.2608536169839054,379.0,356.0,379.0,427.0,0.112664907651715,0.0,1.4488405896856236,0.0848288645026116,1.364011725183012,1.364011725183012,0.0,20.04584544366568,0.0553110478082196,-0.0064307386131416,0.0002945023269781,1.0,1.0,0.0,6.821684043679852,0.0,-5.429733917971134,-0.0279384005257057,1072.9754812687315,0.0063175606149199,1.364011725183012,0.0,0.5443568759486882,0.0,0.0,0.0,5.429733917971134,0.0279384005257057,5.45767231849684,5.45767231849684,iid,1,2900,72900
85.0,0.0047016774463746,60000.0,1.035316826725006,1.0304142528533935,-0.0049025738716124,0.0655877313768429,0.2561010179144998,329.0,307.0,329.0,377.0,0.1145896656534954,0.0,1.0899009273184106,0.0224842720575324,1.067416655260878,1.067416655260878,0.0,16.27463906516136,0.0202126674016755,-0.0050186488139247,0.0001160749423122,1.0,1.0,0.0,5.034292238997296,0.0,-3.9417389624395582,-0.0251366212968591,1087.1052791968395,0.0046095685667526,1.067416655260878,0.0,0.5247018510147438,0.0,0.0,0.0,3.9417389624395582,0.0251366212968591,3.966875583736418,3.966875583736418,iid,1,2900,72900
90.0,0.0046891556009951,60000.0,1.0051680088043211,1.00021753616333,-0.0049504726409912,0.0560718090116258,0.2367948669452651,381.0,363.0,381.0,419.0,0.1099737532808399,0.0,1.219779474967254,0.0473582867180653,1.1724211882491886,1.1724211882491886,0.0,20.90928059777956,0.0373742209805805,-0.005497665381604,0.0005471927406128,1.0,1.0,0.0,6.867824992514215,0.0,-5.6446457903603005,-0.0507580139047263,1154.2402777547022,0.0059148885243886,1.1724211882491886,0.0,0.4485744720930064,0.0,0.0,0.0,5.6446457903603005,0.0507580139047263,5.695403804265027,5.695403804265027,iid,1,2900,72900
95.0,0.0046769910970246,60000.0,0.9797585600852968,0.974371028470993,-0.0053875316143037,0.0547382178595785,0.2339620008881326,409.0,381.0,409.0,471.0,0.1151589242053789,0.0,1.2174044448301515,0.0230878521964754,1.194316592633676,1.194316592633676,0.0,21.818697051801877,0.0186118464837028,-0.0055858080707764,0.0001982764564727,1.0,1.0,0.0,6.059881790424697,0.0,-4.825715097341913,-0.039850100449108,1298.930330920058,0.0046436224052885,1.194316592633676,0.0,0.4379057428766287,0.0,0.0,0.0,4.825715097341913,0.039850100449108,4.865565197791021,4.865565197791021,iid,1,2900,72900
100.0,0.004665164957684,60000.0,0.9579145683765412,0.9533991130828858,-0.0045154552936553,0.0502019418085761,0.2240578983400856,404.0,389.0,404.0,434.0,0.1074257425742574,0.0,1.050128819810471,0.0550122322324142,0.9951165875780568,0.9951165875780568,0.0,19.822272839017124,0.0497784713822027,-0.0046423830331792,0.0001269277395238,1.0,1.0,0.0,6.521224638272543,0.0,-5.474231834120474,-0.051876216574012,1243.5464618947665,0.0052166972304984,0.9951165875780568,0.0,0.401615534468609,0.0,0.0,0.0,5.474231834120474,0.051876216574012,5.526108050694486,5.526108050694486,iid,1,2900,72900
105.0,0.0046536596572292,60000.0,0.936898370742798,0.931554521417618,-0.0053438493251799,0.0431500208746751,0.2077258310241534,497.0,469.0,497.0,561.0,0.1128772635814889,0.0,1.2688322447514508,0.071876322991109,1.1969559217603418,1.1969559217603418,0.0,27.73940539303049,0.05361069864134,-0.0055702254845777,0.0002263761593977,1.0,1.0,0.0,8.788494147302117,0.0,-7.457211345895303,-0.1343268796464727,1380.807551463863,0.0063244956511349,1.1969559217603418,0.0,0.3452001669974011,0.0,0.0,0.0,7.457211345895303,0.1343268796464727,7.591538225541775,7.591538225541775,iid,1,2900,72900
110.0,0.0046424589777348,60000.0,0.9169323818206788,0.9127965092658996,-0.0041358725547789,0.0437405552392999,0.2091424281184952,429.0,412.0,429.0,463.0,0.1079254079254079,0.0,0.9954848028389308,0.0767302557816282,0.9187545470573024,0.9187545470573024,0.0,21.00463841921744,0.0715623746978002,-0.0042652802953208,0.0001294077405418,1.0,1.0,0.0,7.10809104522923,0.0,-6.052538995363648,-0.1367975028082799,1260.70743712251,0.0056065656929615,0.9187545470573024,0.0,0.3499244419143996,0.0,0.0,0.0,6.052538995363648,0.1367975028082799,6.189336498171928,6.189336498171928,iid,1,2900,72900
115.0,0.0046315478830482,60000.0,0.8988554357528687,0.8950234530448913,-0.0038319827079774,0.0462680168270402,0.2151000158694561,355.0,336.0,355.0,393.0,0.1107042253521126,0.0,0.8787614504745562,0.0194582521522548,0.8593031983223014,0.8593031983223014,0.0,18.57229371932149,0.0216631321884277,-0.0039799039090862,0.0001479212011087,1.0,1.0,0.0,6.026036973926239,0.0,-5.13481933161404,-0.0319144439898977,1207.5686218318856,0.0049654445413066,0.8593031983223014,0.0,0.3701441346163223,0.0,0.0,0.0,5.13481933161404,0.0319144439898977,5.166733775603937,5.166733775603937,iid,1,2900,72900
120.0,0.0046209124075087,60000.0,0.880338260793686,0.8767353855609894,-0.0036028752326966,0.0446732164193669,0.2113603946328803,378.0,363.0,378.0,408.0,0.1079365079365079,0.0,0.862110561757877,0.0355642699198028,0.8265462918380742,0.8265462918380742,0.0,18.502054655723114,0.0396182099183244,-0.0038193980153349,0.0002165227826382,1.0,1.0,0.0,7.0488574262708426,0.0,-6.123361967296205,-0.0989491671365634,1320.7761928488344,0.0053085739155248,0.8265462918380742,0.0,0.3573857313549354,0.0,0.0,0.0,6.123361967296205,0.0989491671365634,6.222311134432768,6.222311134432768,iid,1,2900,72900
125.0,0.0046105395574086,60000.0,0.8648648829936981,0.8619185762405396,-0.0029463067531585,0.0545905349739688,0.2336461747471352,332.0,324.0,332.0,348.0,0.1048192771084337,0.0,0.7436817979539541,0.0783750525105944,0.6653067454433597,0.6653067454433597,0.0,12.18721790802392,0.0953401853731944,-0.0030674230676774,0.0001211163145188,1.0,1.0,0.0,5.336785014951602,0.0,-4.580598550666764,-0.090879718841478,1186.2968808796404,0.0044785450157159,0.6653067454433597,0.0,0.436724279791751,0.0,0.0,0.0,4.580598550666764,0.090879718841478,4.671478269508242,4.671478269508242,iid,1,2900,72900
130.0,0.0046004172234895,60000.0,0.848038310956955,0.8451497714996338,-0.0028885394573212,0.0352446331138171,0.1877355403588174,264.0,255.0,264.0,284.0,0.1075757575757575,0.0,0.6515922864602146,0.0116914159327876,0.639900870527427,0.639900870527427,0.0,18.15598047115328,0.0176265689788656,-0.0029438109861003,5.5271528779094695e-05,1.0,1.0,0.0,3.450931693514576,0.0,-2.763119110954904,-0.0479117120322456,1044.2955176912849,0.0032936706161503,0.639900870527427,0.0,0.2819570649105374,0.0,0.0,0.0,2.763119110954904,0.0479117120322456,2.811030822987149,2.811030822987149,iid,1,2900,72900
135.0,0.0045905341030286,60000.0,0.8333127690792085,0.8303306989669801,-0.0029820701122283,0.0395157669076108,0.1987857311469082,275.0,265.0,275.0,295.0,0.1072727272727272,0.0,0.6946517004872703,0.0319134922896182,0.6627382081976521,0.6627382081976521,0.0,16.771487941690598,0.0439237835873293,-0.0030423223461114,6.025223388302341e-05,1.0,1.0,0.0,4.585694735578727,0.0,-3.866963452622258,-0.0559930747588168,1154.8865890224488,0.0039549843491866,0.6627382081976521,0.0,0.3161261352608869,0.0,0.0,0.0,3.866963452622258,0.0559930747588168,3.922956527381075,3.922956527381075,iid,1,2900,72900
140.0,0.0045808796302822,60000.0,0.8189692206382752,0.81561503033638,-0.003354190301895,0.0465891348263701,0.2158451640096903,390.0,377.0,390.0,420.0,0.1076923076923077,0.0,0.8593123767302018,0.0956014083753871,0.7637109683548147,0.7637109683548147,0.0,16.39246942878499,0.1001152249203482,-0.0034984680183596,0.0001442777164645,1.0,1.0,0.0,6.590949595993152,0.0,-5.7534021216888505,-0.0738365059494867,1273.991106150974,0.0051468389443803,0.7637109683548147,0.0,0.3727130786109611,0.0,0.0,0.0,5.7534021216888505,0.0738365059494867,5.827238627638337,5.827238627638337,iid,1,2900,72900
145.0,0.0045714439142384,60000.0,0.8052697353839876,0.8018955803871155,-0.0033741549968721,0.0410695749143689,0.2026562974949679,375.0,359.0,375.0,409.0,0.1090666666666666,0.0,0.8355689293000665,0.0463919291233461,0.7891770001767204,0.7891770001767204,0.0,19.21561160109821,0.0526008934299828,-0.0036076783947148,0.0002335233978427,1.0,1.0,0.0,6.740491376549471,0.0,-5.8728936574634645,-0.0784207189092862,1280.491891849474,0.0052364215384767,0.7891770001767204,0.0,0.3285565993149517,0.0,0.0,0.0,5.8728936574634645,0.0784207189092862,5.951314376372751,5.951314376372751,iid,1,2900,72900
150.0,0.0045622176827774,60000.0,0.791038845205307,0.7885548235416414,-0.0024840216636655,0.0452371272914059,0.2126902143762282,284.0,274.0,282.0,300.0,0.1056338028169014,0.0070422535211267,0.662108886247303,0.0938204268919875,0.5682884593553155,0.5682884593553155,0.0,12.562434738495831,0.1241126984510783,-0.0025926556581891,0.0001086339945235,1.0,1.0,0.0,5.22818114477559,0.0,-4.602559136390028,-0.0573335490302469,1320.2040172960733,0.0039445104403874,0.5682884593553155,0.0,0.3618970183312473,0.0,0.0,0.0,4.602559136390028,0.0573335490302469,4.6598926854202745,4.6598926854202745,iid,1,2900,72900
1.0,0.0049950273089797,60000.0,2.3051766083717347,2.3051766083717347,0.0,0.6123968206636875,0.7825578704886224,0.0,0.0,0.0,0.0,0.0,0.0,0.0,0.0,0.0,0.0,0.0,0.0,,-0.0,0.0,0.0,0.0,0.0,0.0,0.0,0.0,0.0,1299.9830836036574,0.0,0.0,0.0,4.8991745653095,4.8991745653095,4.8991745653095,0.0,0.0,0.0,4.8991745653095,0.0,iid,1,3000,73000
5.0,0.0049756643332495,60000.0,2.3051673865318296,2.3051661767959595,-1.2097358701446126e-06,0.6118432358482719,0.78220408836075,1.0,1.0,1.0,1.0,0.1,0.0,0.0004773493819811,0.0,0.0004773493819811,0.0004773493819811,0.0,0.0007801824944904,0.0,-2.3751302944224898e-06,1.1653944242778772e-06,1.0,1.0,0.0,0.0884507223963737,0.0,-0.0879586985101923,-1.467450420022942e-05,1470.449400895075,6.014855197306562e-05,0.0004773493819811,0.0,4.894745886786176,4.894268537404194,4.806295164389802,0.0,0.0879586985101923,1.467450420022942e-05,4.894268537404194,0.0,iid,1,3000,73000
10.0,0.0049525712910726,60000.0,2.3039962996959686,2.302805144929886,-0.0011911547660825,0.6136065068521281,0.7833303944391078,13.0,11.0,13.0,19.0,0.1461538461538461,0.0,0.2416477295337245,0.0,0.2416477295337245,0.2416477295337245,0.0,0.3938154612691529,0.0,-0.0011967776078416,5.622841759044244e-06,1.0,1.0,0.0,0.5025779269635677,0.0,-0.2620082595385611,0.0010780621087178,1460.0686441015682,0.00034409682964,0.2416477295337245,0.0,4.908852054817025,4.667204325283301,4.406274127853457,0.0,0.2620082595385611,0.0,4.6682823873920185,0.0010780621087178,iid,1,3000,73000
15.0,0.004930605096731,60000.0,2.272219213581085,2.2482509777545925,-0.0239682358264925,0.5763315265856009,0.7591650193374303,363.0,227.0,363.0,757.0,0.2085399449035812,0.0,5.174219270207686,0.0018920395814348,5.172327230626252,5.172327230626252,0.0,8.974569309558706,0.0003655330166212,-0.0255027030052865,0.0015344671787939,1.0,1.0,0.0,6.450721434084699,0.0,-1.2682593705831096,-0.0101348328753374,1373.8726649682212,0.0046733406806197,5.172327230626252,0.0,4.610652212684808,0.0,0.0,0.0,1.2682593705831096,0.0101348328753374,1.278394203458447,1.278394203458447,iid,1,3000,73000
20.0,0.0049096652228095,60000.0,2.164264812088013,2.143903975200653,-0.02036083688736,0.4250514374977738,0.6519596900865681,484.0,348.0,484.0,846.0,0.174793388429752,0.0,4.318085274373551,0.0045370551354153,4.313548219238136,4.313548219238136,0.0,10.14829697937612,0.0010496071110451,-0.0211780776789056,0.0008172407915455,1.0,1.0,0.0,6.791638888244052,0.0,-2.45562837594116,-0.0224622930647555,1255.0088193788497,0.0053824983528468,4.313548219238136,0.0,3.400411499982191,0.0,0.0,0.0,2.45562837594116,0.0224622930647555,2.4780906690059155,2.4780906690059155,iid,1,3000,73000
25.0,0.0048896638427146,60000.0,2.039990092849732,2.0132011530399323,-0.0267889398097995,0.5225970741020569,0.7229087591819986,623.0,451.0,623.0,1091.0,0.1751203852327447,0.0,5.611597316745247,0.0059027503861557,5.605694566359091,5.605694566359091,0.0,10.726609168241088,0.0010507788723837,-0.0274099620344279,0.0006210222246284,1.0,1.0,0.0,8.618976979341824,0.0,-2.997614643176348,-0.0156677698063845,1239.639647790801,0.0069048006625461,5.605694566359091,0.0,4.180776592816455,0.0,0.0,0.0,2.997614643176348,0.0156677698063845,3.0132824129827327,3.0132824129827327,iid,1,3000,73000
30.0,0.0048705237912742,60000.0,1.890545643424988,1.8601097999572755,-0.0304358434677123,0.5102115730176054,0.7142909582359317,720.0,573.0,720.0,1108.0,0.1538888888888888,0.0,6.440643308577592,0.0140119881957616,6.42663132038183,6.42663132038183,0.0,12.596012439255414,0.0021708344677625,-0.0313010607436681,0.0008652172759557,1.0,1.0,0.0,11.22487738262862,0.0,-4.7805178311114105,-0.0177282311353792,1220.7968971159935,0.0091109407438814,6.42663132038183,0.0,4.081692584140844,0.0,0.0,0.0,4.7805178311114105,0.0177282311353792,4.79824606224679,4.79824606224679,iid,1,3000,73000
35.0,0.0048521769173698,60000.0,1.7434341892242435,1.716725877189636,-0.0267083120346074,0.397298497339924,0.6303161883847852,622.0,501.0,622.0,926.0,0.1488745980707395,0.0,5.640725712575431,0.0040481708572315,5.6366775417182,5.6366775417182,0.0,14.18751286364802,0.0007171537675074,-0.0273501566585818,0.0006418446239744,1.0,1.0,0.0,10.59635656682076,0.0,-4.913502486771904,-0.0461765383306556,1031.511932552805,0.0101681914225752,5.6366775417182,0.0,3.178387978719392,0.0,0.0,0.0,4.913502486771904,0.0461765383306556,4.95967902510256,4.95967902510256,iid,1,3000,73000
40.0,0.0048345627417287,60000.0,1.600414723968506,1.575596690750122,-0.024818033218384,0.2648433951305173,0.5146293764744851,838.0,721.0,838.0,1112.0,0.1326968973747016,0.0,5.884818495026735,0.0400266123440147,5.8447918826827205,5.8447918826827205,0.0,22.068860277985603,0.0067557229967446,-0.0282570130691764,0.0034389798507924,1.0,1.0,0.0,13.4925571072381,0.0,-7.600460555147038,-0.0473046694083407,1041.6329979253896,0.0127876318063596,5.8447918826827205,0.0,2.118747161044139,0.0,0.0,0.0,7.600460555147038,0.0473046694083407,7.647765224555378,7.647765224555378,iid,1,3000,73000
45.0,0.0048176273546297,60000.0,1.4933180912017825,1.4760225430488587,-0.0172955481529235,0.1961470846424519,0.4428849564417965,607.0,528.0,607.0,795.0,0.1309719934102141,0.0,3.77165415894121,0.0426917853283868,3.728962373612824,3.728962373612824,0.0,19.011051734009648,0.0111924261595946,-0.0179647511355022,0.0006692029825786,1.0,1.0,0.0,8.595112796028843,0.0,-4.8346125877160375,-0.0315378346999821,964.8719390608744,0.0088293823397859,3.728962373612824,0.0,1.5691766771396156,0.0,0.0,0.0,4.8346125877160375,0.0315378346999821,4.86615042241602,4.86615042241602,iid,1,3000,73000
50.0,0.004801322503961,60000.0,1.408376525592804,1.3926787734985353,-0.0156977520942687,0.1726635688599427,0.415528060255794,629.0,548.0,629.0,813.0,0.1292527821939586,0.0,3.582071583262123,0.1203240965214504,3.461747486740673,3.461747486740673,0.0,20.049090318228583,0.0324989836117365,-0.0166209661111187,0.00092321401685,1.0,1.0,0.0,11.256151348934509,0.0,-7.728849041584908,-0.0655548206089278,962.30974557139,0.0115617765418252,3.461747486740673,0.0,1.3813085508795422,0.0,0.0,0.0,7.728849041584908,0.0655548206089278,7.794403862193836,7.794403862193836,iid,1,3000,73000
55.0,0.0047856048355997,60000.0,1.3383653295516968,1.322931666946411,-0.0154336626052857,0.1728981693505056,0.4158102564277433,524.0,454.0,524.0,682.0,0.1301526717557252,0.0,3.3522027116927404,0.0387699342581555,3.313432777434585,3.313432777434585,0.0,19.164070908798752,0.0114332783853181,-0.0158567799221255,0.0004231173168397,1.0,1.0,0.0,8.228445645363536,0.0,-4.905510564288306,-0.0095023036406445,954.7580944911896,0.0085447151153293,3.313432777434585,0.0,1.383185354804045,0.0,0.0,0.0,4.905510564288306,0.0095023036406445,4.915012867928951,4.915012867928951,iid,1,3000,73000
60.0,0.0047704352566433,60000.0,1.2713454869270324,1.2592840739250186,-0.0120614130020137,0.1239074263401998,0.3520048669268649,414.0,368.0,414.0,524.0,0.1265700483091787,0.0,2.6013568374791305,0.0106554451691351,2.5907013923099957,2.5907013923099957,0.0,20.908362547995896,0.0040794008664966,-0.0123587732613106,0.0002973602592968,1.0,1.0,0.0,7.0892774951062165,0.0,-4.4794587588257855,-0.0191173439704357,943.8914819357024,0.0074547012910643,2.5907013923099957,0.0,0.9912594107215992,0.0,0.0,0.0,4.4794587588257855,0.0191173439704357,4.498576102796221,4.498576102796221,iid,1,3000,73000
65.0,0.0047557783984597,60000.0,1.216570615577698,1.2066147652626038,-0.0099558503150942,0.129452403709612,0.3597949467538587,595.0,558.0,595.0,675.0,0.1134453781512605,0.0,2.235552963637496,0.0560388976868093,2.179514065950686,2.179514065950686,0.0,16.836412484389076,0.0244541354124135,-0.0103652859139873,0.000409435598893,1.0,1.0,0.0,9.02237509668339,0.0,-6.749022294208601,-0.0938387365241038,1053.6786599681482,0.0084900407536847,2.179514065950686,0.0,1.035619229676896,0.0,0.0,0.0,6.749022294208601,0.0938387365241038,6.8428610307327045,6.8428610307327045,iid,1,3000,73000
70.0,0.0047416021613943,60000.0,1.1683462886810303,1.1578793292045593,-0.010466959476471,0.1284567931823006,0.3584086957403526,440.0,398.0,440.0,532.0,0.1209090909090909,0.0,2.2888446174006134,0.0119412993244338,2.2769033180761795,2.2769033180761795,0.0,17.725051837818267,0.0051900958005824,-0.0107961696942759,0.0003292102178049,1.0,1.0,0.0,6.9497649278491735,0.0,-4.69204519909772,0.0191835893247258,959.9892320644336,0.0071873871562392,2.2769033180761795,0.0,1.0276543454584053,0.0,0.0,0.0,4.69204519909772,0.0,4.69204519909772,4.69204519909772,iid,1,3000,73000
75.0,0.0047278773267132,60000.0,1.1227697830200196,1.1134831859588623,-0.0092865970611573,0.0880190712661368,0.2966800823549447,470.0,436.0,470.0,544.0,0.1157446808510638,0.0,2.056885591103799,0.0255298488621065,2.031355742241693,2.031355742241693,0.0,23.07858641338797,0.0122597289532796,-0.0096040007562333,0.000317403695076,1.0,1.0,0.0,7.309144260943867,0.0,-5.266338069484846,-0.011450449217329,1081.1167251099096,0.0067153349315087,2.031355742241693,0.0,0.7041525701290944,0.0,0.0,0.0,5.266338069484846,0.011450449217329,5.277788518702175,5.277788518702175,iid,1,3000,73000
80.0,0.0047145772242381,60000.0,1.0836577955245972,1.0759005454063415,-0.0077572501182554,0.0943975058145578,0.3072417709468519,440.0,405.0,440.0,516.0,0.1172727272727272,0.0,1.8087853172152928,0.1113114075484134,1.6974739096668792,1.6974739096668792,0.0,17.982190260424208,0.0579717709596696,-0.0080028718332539,0.0002456217149984,1.0,1.0,0.0,6.839487470278982,0.0,-5.109897450843619,-0.0321161097684843,1062.1921676242312,0.006397834374394,1.6974739096668792,0.0,0.7551800465164626,0.0,0.0,0.0,5.109897450843619,0.0321161097684843,5.142013560612103,5.142013560612103,iid,1,3000,73000
85.0,0.0047016774463746,60000.0,1.0459621191024782,1.0392180312156678,-0.0067440878868103,0.0697909329282906,0.2641797360288836,446.0,420.0,446.0,498.0,0.1116591928251121,0.0,1.5148025387637816,0.0227246222828796,1.492077916480902,1.492077916480902,0.0,21.379251628775247,0.0147799810361789,-0.0070152690881518,0.0002711812013415,1.0,1.0,0.0,6.306545592960902,0.0,-4.755016145552872,-0.0594515309271272,1099.50975728868,0.0057030680200017,1.492077916480902,0.0,0.5583274634263252,0.0,0.0,0.0,4.755016145552872,0.0594515309271272,4.81446767648,4.81446767648,iid,1,3000,73000
90.0,0.0046891556009951,60000.0,1.0159106711387638,1.0113032259464263,-0.0046074451923372,0.0555397623252636,0.2356687555134614,321.0,306.0,321.0,353.0,0.1099688473520249,0.0,1.0199615116565823,0.0157799700491665,1.0041815416074158,1.0041815416074158,0.0,18.08040761367533,0.0152354330958906,-0.0047087635002443,0.000101318307907,1.0,1.0,0.0,4.083479620167054,0.0,-3.043016695943152,-0.0362813826164867,1015.8728095906464,0.0040035829607233,1.0041815416074158,0.0,0.4443180986021094,0.0,0.0,0.0,3.043016695943152,0.0362813826164867,3.0792980785596384,3.0792980785596384,iid,1,3000,73000
95.0,0.0046769910970246,60000.0,0.9924105797290802,0.9870472826004032,-0.0053632971286771,0.0566033009851132,0.2379144825039308,447.0,429.0,447.0,485.0,0.1085011185682326,0.0,1.267815463437293,0.073256468846381,1.1945589945909116,1.1945589945909116,0.0,21.104051774384725,0.0546253091149515,-0.0055869417825723,0.0002236446538952,1.0,1.0,0.0,6.319809206179343,0.0,-5.088160532358415,-0.0370896792300161,1092.829173761761,0.0057497293852872,1.1945589945909116,0.0,0.4528264078809059,0.0,0.0,0.0,5.088160532358415,0.0370896792300161,5.125250211588432,5.125250211588432,iid,1,3000,73000
100.0,0.004665164957684,60000.0,0.9674027927398682,0.963194389152527,-0.0042084035873412,0.0510270945621243,0.2258917762162322,278.0,265.0,278.0,306.0,0.1100719424460431,0.0,0.9488513555872942,0.0116477395885681,0.937203615998726,0.937203615998726,0.0,18.366783843781302,0.0121267574816772,-0.004372209467572,0.0001638058802308,1.0,1.0,0.0,4.908551763364812,0.0,-3.9268012292714047,-0.0445469180946815,1066.4735178764772,0.0045815138244892,0.937203615998726,0.0,0.4082167564969947,0.0,0.0,0.0,3.9268012292714047,0.0445469180946815,3.9713481473660863,3.9713481473660863,iid,1,3000,73000
105.0,0.0046536596572292,60000.0,0.9476218721866608,0.943200651359558,-0.0044212208271028,0.0511909204755682,0.2262541059860975,438.0,420.0,438.0,476.0,0.108675799086758,0.0,1.021894736664052,0.0295018503940696,0.9923928862699825,0.9923928862699825,0.0,19.386111385584854,0.028059678676167,-0.0046182587389559,0.000197037911853,1.0,1.0,0.0,7.05280520603992,0.0,-6.032878705342682,-0.0275336144272557,1296.0364662033544,0.0054123730129492,0.9923928862699825,0.0,0.4095273638045459,0.0,0.0,0.0,6.032878705342682,0.0275336144272557,6.060412319769938,6.060412319769938,iid,1,3000,73000
110.0,0.0046424589777348,60000.0,0.9285513439655304,0.9249350809574126,-0.0036162630081179,0.0569953099457335,0.2387369052864126,311.0,299.0,311.0,335.0,0.107717041800643,0.0,0.8370748792437723,0.0438731061291264,0.7932017731146459,0.7932017731146459,0.0,13.916965691911676,0.0498021527463454,-0.0036824066927512,6.614368463335419e-05,1.0,1.0,0.0,4.168197419057833,0.0,-3.347491560769413,-0.0275040851737742,1040.6954198800577,0.0039892262971432,0.7932017731146459,0.0,0.4559624795658683,0.0,0.0,0.0,3.347491560769413,0.0275040851737742,3.374995645943187,3.374995645943187,iid,1,3000,73000
115.0,0.0046315478830482,60000.0,0.9099768613338473,0.905324892282486,-0.0046519690513612,0.0527760614113984,0.2297304102886651,459.0,444.0,459.0,491.0,0.1069716775599128,0.0,1.1376856279119771,0.1030184492943284,1.034667178617649,1.034667178617649,0.0,19.60485778869024,0.0830322485328614,-0.004792110580786,0.0001401415294248,1.0,1.0,0.0,7.789936596818734,0.0,-6.684925500937652,-0.0703439172634332,1313.861905586881,0.0058940912789466,1.034667178617649,0.0,0.4222084912911873,0.0,0.0,0.0,6.684925500937652,0.0703439172634332,6.7552694182010855,6.7552694182010855,iid,1,3000,73000
120.0,0.0046209124075087,60000.0,0.8914214850902559,0.8878253948688508,-0.003596090221405,0.0410197669202615,0.2025333723618445,379.0,371.0,379.0,395.0,0.104221635883905,0.0,0.8574105050503036,0.0552592060770593,0.8021512989732442,0.8021512989732442,0.0,19.555237857215232,0.0605467732777076,-0.0037066708901247,0.0001105806687196,1.0,1.0,0.0,5.297833959048148,0.0,-4.4102832779353776,-0.0853993821395264,1192.8143243267573,0.0044218180430019,0.8021512989732442,0.0,0.3281581353620926,0.0,0.0,0.0,4.4102832779353776,0.0853993821395264,4.495682660074904,4.495682660074904,iid,1,3000,73000
125.0,0.0046105395574086,60000.0,0.8746573031425477,0.8713345154285431,-0.0033227877140046,0.0413769051000636,0.2034131389563213,380.0,364.0,380.0,414.0,0.1089473684210526,0.0,0.8258323684762061,0.0818288018755595,0.7440035666006466,0.7440035666006466,0.0,17.98113137754959,0.0901534675586558,-0.0034302578746653,0.0001074701606607,1.0,1.0,0.0,5.642822356894612,0.0,-4.818670271261908,-0.0801485190320576,1151.6353111451235,0.0048759431233863,0.7440035666006466,0.0,0.3310152408005093,0.0,0.0,0.0,4.818670271261908,0.0801485190320576,4.898818790293966,4.898818790293966,iid,1,3000,73000
130.0,0.0046004172234895,60000.0,0.8590890580654144,0.8558847930431367,-0.0032042650222776,0.0408702832386099,0.2021640008473564,425.0,405.0,425.0,473.0,0.1112941176470588,0.0,0.826449740097674,0.0894368070061304,0.7370129330915436,0.7370129330915436,0.0,18.032978357127984,0.0976505302855964,-0.0033905669913289,0.0001863019690512,1.0,1.0,0.0,6.321163903921843,0.0,-5.506651967338712,-0.077499003491587,1222.7469232449994,0.0051430542945632,0.7370129330915436,0.0,0.3269622659088795,0.0,0.0,0.0,5.506651967338712,0.077499003491587,5.584150970830299,5.584150970830299,iid,1,3000,73000
135.0,0.0045905341030286,60000.0,0.8428899223804474,0.8403904669761658,-0.0024994554042815,0.0415566177208656,0.2038544032412977,375.0,360.0,373.0,399.0,0.1064,0.0053333333333333,0.6573718980993413,0.0809357832893766,0.5764361148099646,0.5764361148099646,0.0,13.87110276110213,0.1096233796960377,-0.0026461496432524,0.0001466942389709,1.0,1.0,0.0,7.06688599078916,0.0,-6.361668652321896,-0.1287812236572996,1367.1635123970282,0.005142431719659,0.5764361148099646,0.0,0.3324529417669248,0.0,0.0,0.0,6.361668652321896,0.1287812236572996,6.490449875979196,6.490449875979196,iid,1,3000,73000
140.0,0.0045808796302822,60000.0,0.8286232914924623,0.8257136548995974,-0.0029096365928649,0.0341016794141073,0.1846664003388471,345.0,329.0,345.0,379.0,0.1098550724637681,0.0,0.7123434684783838,0.0382822992322928,0.6740611692460909,0.6740611692460909,0.0,19.76621623412605,0.0510005130106971,-0.0030877930797636,0.0001781564868987,1.0,1.0,0.0,4.626730034360662,0.0,-3.885453637041792,-0.0672152280727793,1100.306737089934,0.0041873381267038,0.6740611692460909,0.0,0.2728134353128588,0.0,0.0,0.0,3.885453637041792,0.0672152280727793,3.952668865114571,3.952668865114571,iid,1,3000,73000
145.0,0.0045714439142384,60000.0,0.8176149740219116,0.8151631474971772,-0.0024518265247344,0.0792508538020106,0.2815152816491685,325.0,318.0,323.0,333.0,0.1024615384615384,0.0061538461538461,0.642130477991909,0.0874569837256444,0.5546734942662646,0.5546734942662646,0.0,6.998959224489666,0.1198718293756833,-0.0025356587697528,8.383224501846455e-05,1.0,1.0,0.0,4.930472694395576,0.0,-4.329753664989767,-0.0460455351395445,1284.3238897548415,0.0038242823433453,0.5546734942662646,0.0,0.6340068304160854,0.0793333361498208,0.0,0.0,4.329753664989767,0.0460455351395445,4.375799200129311,4.29646586397949,iid,1,3000,73000
150.0,0.0045622176827774,60000.0,0.8020034817695618,0.7999974373817444,-0.0020060443878173,0.0416993609418442,0.2042042138199998,360.0,351.0,360.0,378.0,0.105,0.0,0.606705375950412,0.1146802643875517,0.4920251115628602,0.4920251115628602,0.0,11.79934417338099,0.1589722029036021,-0.0022447256643426,0.0002386812765252,1.0,1.0,0.0,4.981677540636156,0.0,-4.371436365522641,-0.1182160635506548,1125.6183200446844,0.0044062246163769,0.4920251115628602,0.0,0.3335948875347536,0.0,0.0,0.0,4.371436365522641,0.1182160635506548,4.489652429073296,4.489652429073296,iid,1,3000,73000
1.0,0.0049950273089797,60000.0,2.305176584529877,2.305176584529877,0.0,0.6123968227699055,0.7825578718343491,0.0,0.0,0.0,0.0,0.0,0.0,0.0,0.0,0.0,0.0,0.0,0.0,,-0.0,0.0,0.0,0.0,0.0,0.0,0.0,0.0,0.0,1534.5271609490032,0.0,0.0,0.0,4.899174582159244,4.899174582159244,4.899174582159244,0.0,0.0,0.0,4.899174582159244,0.0,iid,1,3100,73100
5.0,0.0049756643332495,60000.0,2.3052047204017643,2.3051719867706293,-3.273363113498462e-05,0.6127750004952716,0.782799463780649,1.0,1.0,1.0,1.0,0.1,0.0,0.0068094491725787,0.0,0.0068094491725787,0.0068094491725787,0.0,0.0111124787517034,0.0,-3.3881533377075664e-05,1.147902242091044e-06,1.0,1.0,0.0,0.0426633795723319,0.0,-0.0357770011760294,-7.692922372370958e-05,1413.992619871779,3.0171368478326925e-05,0.0068094491725787,0.0,4.9022000039621725,4.895390554789594,4.859536624389841,0.0,0.0357770011760294,7.692922372370958e-05,4.895390554789594,0.0,iid,1,3100,73100
10.0,0.0049525712910726,60000.0,2.304355997991561,2.3028448518276217,-0.0015111461639398,0.610050973187651,0.7810575991485206,15.0,9.0,15.0,33.0,0.22,0.0,0.3057283287635073,0.0,0.3057283287635073,0.3057283287635073,0.0,0.5011521040053576,0.0,-0.0015141413439017,2.995179961873956e-06,1.0,1.0,0.0,0.5433313548564911,0.0,-0.236691478814464,-0.0009115472785197,1369.974325992448,0.0003964424332249,0.3057283287635073,0.0,4.880407785501208,4.574679456737701,4.337076430644717,0.0,0.236691478814464,0.0009115472785197,4.574679456737701,0.0,iid,1,3100,73100
15.0,0.004930605096731,60000.0,2.271070068311692,2.2527084154605865,-0.0183616528511048,0.5671998926949039,0.7531267441107797,291.0,213.0,291.0,495.0,0.1701030927835051,0.0,3.981310728937388,0.0195652742113452,3.961745454726042,3.961745454726042,0.0,6.984742955261912,0.0048902475847657,-0.0195338023310232,0.0011721494799184,1.0,1.0,0.0,5.9838081715861335,0.0,-2.00977367174346,-0.0122890451166313,1459.675479356406,0.0040826733897197,3.961745454726042,0.0,4.537599141559231,0.5758536868331889,0.0,0.0,2.00977367174346,0.0122890451166313,2.0220627168600918,1.4462090300269024,iid,1,3100,73100
20.0,0.0049096652228095,60000.0,2.1616496314525606,2.1382490632534026,-0.023400568199158,0.4292175084067636,0.6551469365010902,527.0,382.0,527.0,925.0,0.1755218216318785,0.0,4.98755247624706,0.0025381809317082,4.985014295315352,4.985014295315352,0.0,11.614191401043971,0.0005086442523958,-0.0244747513209183,0.0010741831217602,1.0,1.0,0.0,7.914366960758343,0.0,-2.91054064797936,-0.018812017463631,1255.929092319385,0.0062621418045445,4.985014295315352,0.0,3.4337400672541087,0.0,0.0,0.0,2.91054064797936,0.018812017463631,2.929352665442991,2.929352665442991,iid,1,3100,73100
25.0,0.0048896638427146,60000.0,2.0372552454948427,2.011129534053803,-0.0261257114410398,0.5482810396662776,0.7404600189519199,544.0,403.0,544.0,986.0,0.18125,0.0,5.443398338229258,0.0108914498832746,5.432506888345984,5.432506888345984,0.0,9.908252329229894,0.001996859409086,-0.0265631325072435,0.0004374210662037,1.0,1.0,1.862645149230957e-09,8.163167531602085,0.0,-2.720275738276541,-0.0103849049795599,1264.3567977735029,0.0064149622435549,5.432506888345984,0.0,4.386248317330221,0.0,0.0,0.0,2.720275738276541,0.0103849049795599,2.730660643256101,2.730660643256101,iid,1,3100,73100
30.0,0.0048705237912742,60000.0,1.891582054424286,1.861188995838165,-0.0303930585861207,0.4776475342214609,0.691120491825746,640.0,483.0,640.0,1072.0,0.1675,0.0,6.3439422761063895,0.0119914690392306,6.331950807067159,6.331950807067159,0.0,13.256534062062917,0.0018866573378599,-0.0308399170509989,0.0004468584648782,1.0,1.0,0.0,10.346030278597029,0.0,-4.015737549018638,0.00165807748877,1078.192999756318,0.0095045101674169,6.331950807067159,0.0,3.821180273771688,0.0,0.0,0.0,4.015737549018638,0.0,4.015737549018638,4.015737549018638,iid,1,3100,73100
35.0,0.0048521769173698,60000.0,1.7333098231315611,1.7067355021476749,-0.0265743209838864,0.360403708644392,0.600336329605657,698.0,601.0,698.0,924.0,0.132378223495702,0.0,5.7259949869866205,0.0319596228841874,5.694035364102433,5.694035364102433,0.0,15.799047644431154,0.0055505166416906,-0.0276284669603852,0.0010541459764987,1.0,1.0,0.0,10.084184811275918,0.0,-4.378336082151691,-0.0118133650217941,979.6439535606714,0.0101888431987635,5.694035364102433,0.0,2.883229669155136,0.0,0.0,0.0,4.378336082151691,0.0118133650217941,4.390149447173485,4.390149447173485,iid,1,3100,73100
40.0,0.0048345627417287,60000.0,1.594106425380707,1.567911935424805,-0.0261944899559016,0.2577885259718268,0.5077287917499133,720.0,597.0,720.0,1036.0,0.1438888888888889,0.0,5.659798474658757,0.0277039056599193,5.632094568998838,5.632094568998838,0.0,21.847731770708677,0.0048710143411609,-0.0272287145611745,0.0010342246052729,1.0,1.0,0.0,11.665296862047398,0.0,-6.004962503971228,-0.0282397890773324,979.2861722151596,0.0117718144894727,5.632094568998838,0.0,2.062308207774614,0.0,0.0,0.0,6.004962503971228,0.0282397890773324,6.033202293048561,6.033202293048561,iid,1,3100,73100
45.0,0.0048176273546297,60000.0,1.4891307171821595,1.4665615105628969,-0.0225692066192626,0.2045899870839373,0.4523162467609773,650.0,551.0,650.0,894.0,0.1375384615384615,0.0,4.915947058000029,0.0237859629881995,4.892161095011829,4.892161095011829,0.0,23.912026022098125,0.004815232500853,-0.0235686091145844,0.0009994024953217,1.0,1.0,0.0,10.645245951891413,0.0,-5.737412980124645,-0.0156718767549364,946.4073180856212,0.0111229480510269,4.892161095011829,0.0,1.6367198966714989,0.0,0.0,0.0,5.737412980124645,0.0156718767549364,5.753084856879582,5.753084856879582,iid,1,3100,73100
50.0,0.004801322503961,60000.0,1.3963244227409364,1.382590872859955,-0.0137335498809814,0.1645729490513726,0.4056759162821631,465.0,406.0,465.0,593.0,0.1275268817204301,0.0,2.987942047840775,0.0465342182509544,2.9414078295898207,2.9414078295898207,0.0,17.872972724524967,0.0153351729163097,-0.0141226476055369,0.0003890977245555,1.0,1.0,0.0,8.115786455455236,0.0,-5.189439231508004,0.0150606056425885,994.5435354481756,0.0080942612093275,2.9414078295898207,0.0,1.3165835924109812,0.0,0.0,0.0,5.189439231508004,0.0,5.189439231508004,5.189439231508004,iid,1,3100,73100
55.0,0.0047856048355997,60000.0,1.3264302814483642,1.313766477108002,-0.0126638043403621,0.1503183785430171,0.3877091416809993,472.0,424.0,472.0,580.0,0.1228813559322034,0.0,2.7876136132370064,0.0733425188831127,2.7142710943538937,2.7142710943538937,0.0,18.056814613504766,0.0256356670623824,-0.0129894288742684,0.0003256245339063,1.0,1.0,0.0,7.444771569571458,0.0,-4.704226450877968,-0.026274024339596,921.484586722538,0.0080143570693675,2.7142710943538937,0.0,1.2025470283441373,0.0,0.0,0.0,4.704226450877968,0.026274024339596,4.730500475217564,4.730500475217564,iid,1,3100,73100
60.0,0.0047704352566433,60000.0,1.2633569787025452,1.249850778102875,-0.0135062005996702,0.1510581532544884,0.3886620038728874,576.0,506.0,576.0,748.0,0.1298611111111111,0.0,2.966506064968001,0.0135507002684676,2.952955364699534,2.952955364699534,0.0,19.548467269586407,0.0045471282381402,-0.0140868823830568,0.0005806817833865,1.0,1.0,0.0,9.814813528064406,0.0,-6.854288748168983,-0.0075694151958884,1201.0275724044811,0.0081057730073641,2.952955364699534,0.0,1.2084652260359072,0.0,0.0,0.0,6.854288748168983,0.0075694151958884,6.861858163364872,6.861858163364872,iid,1,3100,73100
65.0,0.0047557783984597,60000.0,1.2081895696640017,1.196204066467285,-0.0119855031967164,0.1176150694560739,0.3429505349989615,476.0,414.0,476.0,640.0,0.134453781512605,0.0,2.6411411893879637,0.0161338501657155,2.625007339222248,2.625007339222248,0.0,22.31863103394771,0.0060715770575353,-0.0124839531996713,0.0004984500029549,1.0,1.0,0.0,8.226440150028793,0.0,-5.5594937638989,-0.0419390469076459,1044.7571191129225,0.0078125057866876,2.625007339222248,0.0,0.9409205556485916,0.0,0.0,0.0,5.5594937638989,0.0419390469076459,5.601432810806545,5.601432810806545,iid,1,3100,73100
70.0,0.0047416021613943,60000.0,1.1590577471733092,1.149080115509033,-0.0099776316642758,0.0982195958828256,0.3134000572476426,467.0,422.0,467.0,563.0,0.1205567451820128,0.0,2.184605899798168,0.0214351446264871,2.163170755171681,2.163170755171681,0.0,22.023820559721173,0.0097165665528573,-0.010256895128187,0.0002792634639111,1.0,1.0,0.0,7.887304954929277,0.0,-5.673911849215074,-0.0502223505425227,1193.7481579624648,0.0065638084080675,2.163170755171681,0.0,0.7857567670626052,0.0,0.0,0.0,5.673911849215074,0.0502223505425227,5.7241341997575965,5.7241341997575965,iid,1,3100,73100
75.0,0.0047278773267132,60000.0,1.1136094534873964,1.1055765846252443,-0.008032868862152,0.0779612901816697,0.2792154905832943,478.0,446.0,478.0,548.0,0.1146443514644351,0.0,1.7711747271771188,0.0335028713966494,1.7376718557804691,1.7376718557804691,0.0,22.288905836874303,0.0185644634937158,-0.0082154993682122,0.0001826305060602,1.0,1.0,0.0,7.354617246019188,0.0,-5.578095290301462,-0.0388500999372567,1140.0207993713752,0.0064099484262104,1.7376718557804691,0.0,0.6236903214533577,0.0,0.0,0.0,5.578095290301462,0.0388500999372567,5.616945390238719,5.616945390238719,iid,1,3100,73100
80.0,0.0047145772242381,60000.0,1.075653768157959,1.06947750415802,-0.0061762639999389,0.0706534987254209,0.2658072586018316,464.0,441.0,464.0,512.0,0.1103448275862069,0.0,1.4477035819357402,0.0836336393119907,1.3640699426237497,1.3640699426237497,0.0,19.3064740916073,0.0546147759954833,-0.0064310130837617,0.0002547490838227,1.0,1.0,0.0,6.56586650700774,0.0,-5.1547729729300045,-0.0470235914539864,1033.242625290054,0.0063144959469028,1.3640699426237497,0.0,0.5652279898033679,0.0,0.0,0.0,5.1547729729300045,0.0470235914539864,5.201796564383991,5.201796564383991,iid,1,3100,73100
85.0,0.0047016774463746,60000.0,1.043073028087616,1.0380109895706178,-0.0050620385169981,0.0634315593327788,0.2518562275044611,302.0,287.0,302.0,338.0,0.1119205298013245,0.0,1.1225544967550007,0.0197349616376811,1.1028195351173196,1.1028195351173196,0.0,17.385975478415,0.0172766731695574,-0.0051851017356824,0.0001230632186842,1.0,1.0,0.0,4.743359504500404,0.0,-3.6106095370187177,-0.0299304323643667,1046.4178582858403,0.0045124947764639,1.1028195351173196,0.0,0.507452474662231,0.0,0.0,0.0,3.6106095370187177,0.0299304323643667,3.640539969383085,3.640539969383085,iid,1,3100,73100
90.0,0.0046891556009951,60000.0,1.0146692378997804,1.00856592168808,-0.0061033162117003,0.0586275503756524,0.2421312668278355,596.0,562.0,596.0,676.0,0.1134228187919463,0.0,1.5217989498452908,0.1338059595197016,1.3879929903255892,1.3879929903255892,0.0,23.674756687463624,0.0808199823296144,-0.0065085151047272,0.0004051988930268,1.0,1.0,0.0,8.736959906236734,0.0,-7.223051703419173,-0.1259152124919715,1234.4451167718137,0.0070279004742274,1.3879929903255892,0.0,0.4690204030052198,0.0,0.0,0.0,7.223051703419173,0.1259152124919715,7.348966915911145,7.348966915911145,iid,1,3100,73100
95.0,0.0046769910970246,60000.0,0.9885425061702728,0.983829733133316,-0.0047127730369568,0.0638839229216821,0.2527526912253995,372.0,355.0,372.0,408.0,0.1096774193548387,0.0,1.1688169960696655,0.124512053897266,1.0443049421723996,1.0443049421723996,0.0,16.346913188982686,0.0962725254647683,-0.0048842049171191,0.0001714318801622,1.0,1.0,0.0,5.747643617214635,0.0,-4.65567096263112,-0.0476677124111152,1085.7397497406407,0.0052658818161266,1.0443049421723996,0.0,0.5110713833734574,0.0,0.0,0.0,4.65567096263112,0.0476677124111152,4.703338675042236,4.703338675042236,iid,1,3100,73100
100.0,0.004665164957684,60000.0,0.965196169948578,0.961014722251892,-0.0041814476966858,0.0555757254138848,0.235745043243511,474.0,457.0,472.0,502.0,0.1059071729957805,0.0042194092827003,1.0722727756659118,0.1423738335799953,0.9298989420859164,0.9298989420859164,0.0,16.73210624172245,0.1172142024653456,-0.0043381319588066,0.0001566842621208,1.0,1.0,0.0,6.802179214428179,0.0,-5.828361594370676,-0.0439186779715861,1121.4243220030676,0.0060290900870417,0.9298989420859164,0.0,0.4446058033110791,0.0,0.0,0.0,5.828361594370676,0.0439186779715861,5.872280272342263,5.872280272342263,iid,1,3100,73100
105.0,0.0046536596572292,60000.0,0.9425763550281524,0.9392753412246706,-0.0033010138034818,0.0516059707232159,0.2271694757735202,347.0,334.0,347.0,375.0,0.1080691642651296,0.0,0.8073311385754494,0.0535238758434815,0.7538072627319679,0.7538072627319679,0.0,14.606977684325438,0.0621752501257248,-0.0035079624479021,0.0002069486444203,1.0,1.0,0.0,4.511397363385186,0.0,-3.707407239695385,-0.0501828609578325,1208.6715596477052,0.0037186455161716,0.7538072627319679,0.0,0.4128477657857279,0.0,0.0,0.0,3.707407239695385,0.0501828609578325,3.7575901006532177,3.7575901006532177,iid,1,3100,73100
110.0,0.0046424589777348,60000.0,0.9240381101608276,0.9193699879169464,-0.0046681222438812,0.0484509281762634,0.2201157154231914,412.0,394.0,410.0,442.0,0.1072815533980582,0.0048543689320388,1.1409146367864071,0.0426902457583651,1.098224391028042,1.098224391028042,0.0,22.66673585762333,0.0360679872041253,-0.0050984616836954,0.0004303394398142,1.0,1.0,0.0,7.563113557698671,0.0,-6.36533668046286,-0.0995524862077683,1239.0677094457396,0.0060668430606242,1.098224391028042,0.0,0.3876074254101072,0.0,0.0,0.0,6.36533668046286,0.0995524862077683,6.464889166670629,6.464889166670629,iid,1,3100,73100
115.0,0.0046315478830482,60000.0,0.9066181826591492,0.902995441198349,-0.0036227414608003,0.0422987825432565,0.2056666782521091,305.0,291.0,303.0,335.0,0.1098360655737704,0.0065573770491803,0.8339201791910931,0.0230511546047011,0.8108690245863919,0.8108690245863919,0.0,19.17003222863831,0.0268983963589545,-0.0037555787142524,0.0001328372534521,1.0,1.0,0.0,4.938500413263682,0.0,-4.028060114570508,-0.0995712741067826,1198.2949524849005,0.0041043576384687,0.8108690245863919,0.0,0.3383902603460525,0.0,0.0,0.0,4.028060114570508,0.0995712741067826,4.12763138867729,4.12763138867729,iid,1,3100,73100
120.0,0.0046209124075087,60000.0,0.8887523712158205,0.8857431136608124,-0.0030092575550081,0.0419530877411479,0.2048245291490937,312.0,293.0,306.0,332.0,0.1064102564102564,0.0192307692307692,0.7230008827042695,0.0578331728051111,0.6651677098991584,0.6651677098991584,0.0,15.855035843923272,0.074065894535534,-0.0030736817237472,6.442416873908736e-05,1.0,1.0,0.0,4.699822092370596,0.0,-3.9628273696471297,-0.0718270128243077,1126.1307507779577,0.004156079792255,0.6651677098991584,0.0,0.3356247019291834,0.0,0.0,0.0,3.9628273696471297,0.0718270128243077,4.034654382471437,4.034654382471437,iid,1,3100,73100
125.0,0.0046105395574086,60000.0,0.8744057517528534,0.8707503484249115,-0.0036554033279418,0.0638218785235168,0.2526299240460576,420.0,409.0,420.0,442.0,0.1052380952380952,0.0,0.9809278209267128,0.1686892199089538,0.8122386010177589,0.8122386010177589,0.0,12.7266482875221,0.1467351421533662,-0.0037448582000466,8.945487210473271e-05,1.0,1.0,0.0,7.426682671939488,0.0,-6.4470516328792655,-0.167392438042464,1303.675259888341,0.005664458598419,0.8122386010177589,0.0,0.5105750281881346,0.0,0.0,0.0,6.4470516328792655,0.167392438042464,6.61444407092173,6.61444407092173,iid,1,3100,73100
130.0,0.0046004172234895,60000.0,0.8565503375053406,0.8524273931026458,-0.0041229444026947,0.0653151697678311,0.2555683270044062,453.0,425.0,451.0,515.0,0.1136865342163355,0.0044150110375276,1.0285257315610463,0.094588307945628,0.9339374236154184,0.9339374236154184,0.0,14.298935866433274,0.0842196826131527,-0.0042965018092618,0.000173557406567,1.0,1.0,0.0,7.647282197722234,0.0,-6.6323428357227385,-0.0810019383840767,1376.7201297273568,0.0055240264483602,0.9339374236154184,0.0,0.5225213581426489,0.0,0.0,0.0,6.6323428357227385,0.0810019383840767,6.713344774106815,6.713344774106815,iid,1,3100,73100
135.0,0.0045905341030286,60000.0,0.8401208100318911,0.837647791337967,-0.0024730186939241,0.0506155648478332,0.224979032018171,392.0,379.0,392.0,418.0,0.1066326530612244,0.0,0.6568736343029649,0.0723322360081146,0.5845413982948502,0.5845413982948502,0.0,11.548649117167232,0.0991931619766825,-0.0026833572235045,0.0002103385295804,1.0,1.0,0.0,5.3562499026884325,0.0,-4.626936617518823,-0.1447718868747598,1258.1708004537222,0.0042391256294652,0.5845413982948502,0.0,0.4049245187826659,0.0,0.0,0.0,4.626936617518823,0.1447718868747598,4.771708504393582,4.771708504393582,iid,1,3100,73100
140.0,0.0045808796302822,60000.0,0.8273322646617891,0.8253296125411989,-0.0020026521205902,0.0538365918619184,0.2320271360464514,304.0,292.0,302.0,322.0,0.1059210526315789,0.006578947368421,0.5297319573696797,0.0761798844835883,0.4535520728860913,0.4535520728860913,0.0,8.424605964088025,0.1257276706304027,-0.0020776674519561,7.501533136592504e-05,1.0,1.0,0.0,4.477914904418867,0.0,-3.952810747274725,-0.0715520842580506,1291.5721115189351,0.0034550478863661,0.4535520728860913,0.0,0.4306927348953479,0.0,0.0,0.0,3.952810747274725,0.0715520842580506,4.024362831532776,4.024362831532776,iid,1,3100,73100
145.0,0.0045714439142384,60000.0,0.8113453585147858,0.8087259001731875,-0.0026194583415983,0.0316422454200979,0.1778826731868451,439.0,411.0,437.0,497.0,0.1132118451025056,0.0045558086560364,0.83602781473716,0.1187379690517502,0.7172898456854098,0.7172898456854098,0.0,22.66874035525349,0.1243634523438285,-0.0032790502998035,0.0006595919582052,1.0,1.0,0.0,8.492316940391902,0.0,-7.587475561820611,-0.1875515328858812,1231.1254712471975,0.0068507543384064,0.7172898456854098,0.0,0.2531379633607837,0.0,0.0,0.0,7.587475561820611,0.1875515328858812,7.775027094706492,7.775027094706492,iid,1,3100,73100
150.0,0.0045622176827774,60000.0,0.797334024810791,0.7948870318412781,-0.0024469929695128,0.0262417503944524,0.1619930566242037,356.0,349.0,356.0,370.0,0.1039325842696629,0.0,0.593488294718395,0.033969338859265,0.55951895585913,0.55951895585913,0.0,21.321708630283,0.0541380597532576,-0.0025526472742696,0.0001056543047567,1.0,1.0,0.0,5.694836938928347,0.0,-5.026912641311355,-0.1084053417578616,1304.433045662995,0.0043467794362321,0.55951895585913,0.0,0.2099340031556199,0.0,0.0,0.0,5.026912641311355,0.1084053417578616,5.135317983069217,5.135317983069217,iid,1,3100,73100
1.0,0.0049950273089797,60000.0,2.3051765606880186,2.3051765606880186,0.0,0.612396822701744,0.7825578717907986,0.0,0.0,0.0,0.0,0.0,0.0,0.0,0.0,0.0,0.0,0.0,0.0,,-0.0,0.0,0.0,0.0,0.0,0.0,0.0,0.0,0.0,1620.9664654832784,0.0,0.0,0.0,4.899174581613952,4.899174581613952,4.899174581613952,0.0,0.0,0.0,4.899174581613952,0.0,iid,1,3200,73200
5.0,0.0049756643332495,60000.0,2.305163425064088,2.3051607823371887,-2.642726898649528e-06,0.6121221441876687,0.7823823516591288,3.0,3.0,3.0,3.0,0.1,0.0,0.0024211851268773,0.0013629464913371,0.0010582386355402,0.0010582386355402,0.0,0.0017288030593053,0.3601741770230072,-5.265440234924132e-06,2.6227133362746043e-06,1.0,1.0,0.0,0.2681005606427789,0.0,-0.2668669540689734,-0.0001753679382652,1447.8636697159436,0.0001851354732667,0.0010582386355402,0.0,4.89697715350135,4.89591891486581,4.628876592858571,0.0,0.2668669540689734,0.0001753679382652,4.89591891486581,0.0,iid,1,3200,73200
10.0,0.0049525712910726,60000.0,2.3041948738574987,2.3033380858421326,-0.000856788015366,0.6102849624464197,0.7812073748028878,9.0,5.0,9.0,19.0,0.2111111111111111,0.0,0.1741711325303185,0.0,0.1741711325303185,0.1741711325303185,0.0,0.2853931249299134,0.0,-0.0008625949507032,5.8069353372193705e-06,1.0,1.0,0.0,0.5814975220710039,0.0,-0.4069028636440635,-0.0004235258966218,1547.4061824882529,0.0003756473837486,0.1741711325303185,0.0,4.882279699571358,4.708108567041039,4.300782177500354,0.0,0.4069028636440635,0.0004235258966218,4.708108567041039,0.0,iid,1,3200,73200
15.0,0.004930605096731,60000.0,2.273159443473816,2.255911350297928,-0.0172480931758878,0.5726875861243789,0.7567612477686598,252.0,178.0,252.0,474.0,0.1880952380952381,0.0,3.579552146658898,0.0,3.579552146658898,3.579552146658898,0.0,6.2504448033931626,0.0,-0.0176493580583308,0.000401264882443,1.0,1.0,2.63417798684884e-09,5.319907525554299,0.0,-1.71994043738232,-0.0204149415130814,1470.2879868518244,0.0036052311361474,3.579552146658898,0.0,4.581500688995031,1.001948542336133,0.0,0.0,1.71994043738232,0.0204149415130814,1.7403553788954014,0.7384068365592684,iid,1,3200,73200
20.0,0.0049096652228095,60000.0,2.159727567720413,2.135553317117691,-0.024174250602722,0.4304066103145366,0.6560538166298072,596.0,471.0,596.0,910.0,0.1526845637583892,0.0,5.161848150429648,0.0247983365300115,5.137049813899637,5.137049813899637,0.0,11.93534135115986,0.0047811888842549,-0.0252211948191433,0.0010469442164213,1.0,1.0,0.0,8.684839628695045,0.0,-3.521802533297887,-0.025987281497521,1212.5505806887622,0.0071115196007313,5.137049813899637,0.0,3.443252882516293,0.0,0.0,0.0,3.521802533297887,0.025987281497521,3.547789814795408,3.547789814795408,iid,1,3200,73200
25.0,0.0048896638427146,60000.0,2.039168272447586,2.0124880024433134,-0.0266802700042725,0.4892532200893256,0.6994663823868347,662.0,499.0,662.0,1132.0,0.1709969788519637,0.0,5.640514120131186,0.0025103040168232,5.638003816114363,5.638003816114363,0.0,11.523692813069276,0.0004448508154742,-0.0275679434047415,0.000887673400469,1.0,1.0,1.862645149230957e-09,9.048277421970852,0.0,-3.397800074897532,-0.0124735309589567,1190.2465927566782,0.0075446644915799,5.638003816114363,0.0,3.914025760714605,0.0,0.0,0.0,3.397800074897532,0.0124735309589567,3.4102736058564886,3.4102736058564886,iid,1,3200,73200
30.0,0.0048705237912742,60000.0,1.8946251855850225,1.861060346889496,-0.0335648386955262,0.5018800841192163,0.7084349540495699,682.0,564.0,682.0,970.0,0.1422287390029325,0.0,7.179998240511964,0.0053190216635812,7.174679218848382,7.174679218848382,0.0,14.295604559483008,0.0007402626035152,-0.0349444458301621,0.0013796071346358,1.0,1.0,0.0,11.44194523396436,0.0,-4.255210699981035,-0.012055315134944,1062.7122157497015,0.0106520513065706,7.174679218848382,0.0,4.01504067295373,0.0,0.0,0.0,4.255210699981035,0.012055315134944,4.267266015115979,4.267266015115979,iid,1,3200,73200
35.0,0.0048521769173698,60000.0,1.7414477075576782,1.7066732937812807,-0.0347744137763974,0.3733822791613009,0.6110501445555028,791.0,669.0,791.0,1097.0,0.138685208596713,0.0,7.375703303431862,0.018167855651086,7.357535447780776,7.357535447780776,0.0,19.7051007999293,0.0024571506941621,-0.035700063668452,0.0009256498920545,1.0,1.0,0.0,13.397395623032937,0.0,-6.003118431217445,-0.0367417440347139,998.886021765512,0.0132348267223373,7.357535447780776,0.0,2.987058233290407,0.0,0.0,0.0,6.003118431217445,0.0367417440347139,6.039860175252159,6.039860175252159,iid,1,3200,73200
40.0,0.0048345627417287,60000.0,1.5903456851005555,1.566647285270691,-0.0236983998298647,0.2333648470027364,0.4830785101851835,593.0,496.0,593.0,841.0,0.1418212478920742,0.0,5.071837561064911,0.0124654848423517,5.059372076222559,5.059372076222559,0.0,21.680095100883957,0.0024517588211792,-0.0244598517362483,0.0007614519063836,1.0,1.0,0.0,9.349379846971717,0.0,-4.289455537013055,-0.0005522337361014,1002.8965690823838,0.0092362729204898,5.059372076222559,0.0,1.8669187760218915,0.0,0.0,0.0,4.289455537013055,0.0005522337361014,4.290007770749156,4.290007770749156,iid,1,3200,73200
45.0,0.0048176273546297,60000.0,1.483373842716217,1.4654515053749084,-0.0179223373413086,0.1810150975987272,0.4254586908252401,532.0,471.0,532.0,676.0,0.1270676691729323,0.0,3.846896458470837,0.0170256017825067,3.8298708566883306,3.8298708566883306,0.0,21.157742682758737,0.0044063005197859,-0.018450890603881,0.0005285532625723,1.0,1.0,0.0,9.68040304913302,0.0,-5.852918370988391,0.002386178543702,949.4804643039856,0.0100925750607891,3.8298708566883306,0.0,1.4481207807898182,0.0,0.0,0.0,5.852918370988391,0.0,5.852918370988391,5.852918370988391,iid,1,3200,73200
50.0,0.004801322503961,60000.0,1.3991047520637514,1.3832121758461002,-0.0158925762176511,0.1686205664081673,0.4106343463571543,586.0,523.0,586.0,718.0,0.1225255972696245,0.0,3.506271450595179,0.0570037453616745,3.4492677052335043,3.4492677052335043,0.0,20.455794798388453,0.0159975702764566,-0.0165610466553238,0.0006684704376726,1.0,1.0,0.0,9.808755184349138,0.0,-6.317384588441541,-0.0421028906740925,985.7542335712832,0.0098524707076638,3.4492677052335043,0.0,1.3489645312653389,0.0,0.0,0.0,6.317384588441541,0.0421028906740925,6.359487479115634,6.359487479115634,iid,1,3200,73200
55.0,0.0047856048355997,60000.0,1.326181736469269,1.3131326046943663,-0.0130491317749024,0.1438953044925157,0.3793353456936431,480.0,436.0,480.0,572.0,0.1191666666666666,0.0,2.8319181747715216,0.0309400778991459,2.800978096872376,2.800978096872376,0.0,19.46538913657228,0.0108074082502278,-0.0134043743248012,0.0003552425498988,1.0,1.0,0.0,7.915743063931586,0.0,-5.095495870426021,-0.0192690966331898,947.684772848786,0.0082835274072357,2.800978096872376,0.0,1.1511624359401258,0.0,0.0,0.0,5.095495870426021,0.0192690966331898,5.114764967059211,5.114764967059211,iid,1,3200,73200
60.0,0.0047704352566433,60000.0,1.261936027431488,1.2510444098472595,-0.0108916175842284,0.1259716221110959,0.3549248119124611,449.0,418.0,449.0,515.0,0.1146993318485523,0.0,2.391351971796425,0.0259678527113464,2.3653841190850784,2.3653841190850784,0.0,18.777118841885013,0.0107424149870752,-0.0112839117971877,0.0003922942129593,1.0,1.0,0.0,7.302411494893022,0.0,-4.887382330922719,-0.0496450448852243,1011.551618065164,0.0071672793972716,2.3653841190850784,0.0,1.0077729768887675,0.0,0.0,0.0,4.887382330922719,0.0496450448852243,4.937027375807944,4.937027375807944,iid,1,3200,73200
65.0,0.0047557783984597,60000.0,1.2081802420616152,1.198464327812195,-0.0097159142494203,0.1152610659503322,0.3395012016920297,439.0,392.0,439.0,543.0,0.1236902050113895,0.0,2.1433741401586985,0.0132357709086932,2.1301383692500053,2.1301383692500053,0.0,18.48098793540496,0.0061373041275426,-0.0101304660422093,0.000414551792789,1.0,1.0,0.0,6.689718010893557,0.0,-4.554111121557526,-0.0054685200860262,1044.370090589798,0.0063647358182212,2.1301383692500053,0.0,0.9220885276026576,0.0,0.0,0.0,4.554111121557526,0.0054685200860262,4.559579641643552,4.559579641643552,iid,1,3200,73200
70.0,0.0047416021613943,60000.0,1.16262027463913,1.1534090079307555,-0.0092112667083743,0.0957111476501124,0.3093721830580643,505.0,460.0,505.0,607.0,0.1201980198019802,0.0,2.0507555631311902,0.0628476601500693,1.9879079029811209,1.9879079029811209,0.0,20.76986800166934,0.0297348430669506,-0.0094258684094281,0.0002146017010537,1.0,1.0,0.0,8.722238571208436,0.0,-6.7368655453888096,0.0025348771614943,1148.7627414175336,0.0075355090752825,1.9879079029811209,0.0,0.7656891812008998,0.0,0.0,0.0,6.7368655453888096,0.0,6.7368655453888096,6.7368655453888096,iid,1,3200,73200
75.0,0.0047278773267132,60000.0,1.1178741897583009,1.1117423508644104,-0.0061318388938904,0.0851999177037855,0.291890249415402,605.0,565.0,605.0,695.0,0.1148760330578512,0.0,1.7115569711384495,0.2139040229080393,1.4976529482304102,1.4976529482304102,0.0,17.578103225842284,0.1110923688246238,-0.0070807194172238,0.0009488805233333,1.0,1.0,0.0,8.912249314889777,0.0,-7.366466545757419,-0.0481298209019485,1138.149284242346,0.0077696348924293,1.4976529482304102,0.0,0.6815993416302846,0.0,0.0,0.0,7.366466545757419,0.0481298209019485,7.414596366659367,7.414596366659367,iid,1,3200,73200
80.0,0.0047145772242381,60000.0,1.0804350603103638,1.072447305583954,-0.0079877547264097,0.0899967730131824,0.299994621640426,544.0,502.0,544.0,640.0,0.1176470588235294,0.0,1.927984814017376,0.1236566902706499,1.8043281237467257,1.8043281237467257,0.0,20.04880912210524,0.0602720748299358,-0.0085066442772686,0.0005188895508588,1.0,1.0,0.0,8.532895979151363,0.0,-6.667295211860392,-0.0612726435442452,1201.9591864866652,0.0070491134165615,1.8043281237467257,0.0,0.7199741841054592,0.0,0.0,0.0,6.667295211860392,0.0612726435442452,6.728567855404637,6.728567855404637,iid,1,3200,73200
85.0,0.0047016774463746,60000.0,1.042214684391022,1.0353494373321537,-0.0068652470588685,0.0633903763855514,0.25177445538726,393.0,365.0,391.0,447.0,0.1137404580152671,0.005089058524173,1.5178572515675377,0.0206137544328726,1.497243497134665,1.497243497134665,0.0,23.61941326910834,0.0133988579261318,-0.0070395559822091,0.0001743089233405,1.0,1.0,0.0,6.23152364132693,0.0,-4.71249989705052,-0.0217802471417449,1005.1976238461248,0.0061611074357576,1.497243497134665,0.0,0.5071230110844114,0.0,0.0,0.0,4.71249989705052,0.0217802471417449,4.734280144192265,4.734280144192265,iid,1,3200,73200
90.0,0.0046891556009951,60000.0,1.0117047214984896,1.0066508225917816,-0.0050538989067079,0.0632806995820089,0.2515565534467527,434.0,416.0,434.0,470.0,0.108294930875576,0.0,1.2008874170464168,0.0751534483274021,1.1257339687190149,1.1257339687190149,0.0,17.78953102849493,0.0588958005709211,-0.0052787417446492,0.0002248428379413,1.0,1.0,0.0,6.099380036466755,0.0,-4.887048409376803,-0.0865976583709375,1174.5505147927995,0.0051661208485084,1.1257339687190149,0.0,0.5062455966560717,0.0,0.0,0.0,4.887048409376803,0.0865976583709375,4.97364606774774,4.97364606774774,iid,1,3200,73200
95.0,0.0046769910970246,60000.0,0.9873824322700502,0.982816124677658,-0.004566307592392,0.05841066761099,0.2416829899082475,370.0,348.0,370.0,422.0,0.114054054054054,0.0,1.1144164141830188,0.0936485500071739,1.0207678641758449,1.0207678641758449,0.0,17.475709590824565,0.0775194652465977,-0.0047741222128792,0.0002078146204871,1.0,1.0,0.0,5.45486771967262,0.0,-4.37273125207048,-0.0613686034262954,1160.0782149539546,0.0046801483379258,1.0207678641758449,0.0,0.4672853408879205,0.0,0.0,0.0,4.37273125207048,0.0613686034262954,4.434099855496775,4.434099855496775,iid,1,3200,73200
100.0,0.004665164957684,60000.0,0.9636886331558228,0.9595798099517824,-0.0041088232040406,0.0520517187053775,0.2281484576002599,351.0,340.0,351.0,373.0,0.1062678062678062,0.0,0.9248494917308464,0.0272601435955976,0.8975893481352486,0.8975893481352486,0.0,17.244182717880484,0.028631307345452,-0.004187402373311,7.857916927041849e-05,1.0,1.0,0.0,5.9678920928854495,0.0,-5.031411876738275,-0.0388908680119257,1188.4674696811976,0.0049964127686419,0.8975893481352486,0.0,0.4164137496430207,0.0,0.0,0.0,5.031411876738275,0.0388908680119257,5.070302744750201,5.070302744750201,iid,1,3200,73200
105.0,0.0046536596572292,60000.0,0.9423206959247592,0.9373821092605592,-0.0049385866641998,0.0496788817377404,0.2228875988872878,434.0,400.0,434.0,504.0,0.1161290322580645,0.0,1.1580882098543697,0.032903386236768,1.1251848236176016,1.1251848236176016,0.0,22.64915763518105,0.0276268836360875,-0.0052362272205958,0.0002976405563959,1.0,1.0,0.0,8.134369062900078,0.0,-6.9075629233630025,-0.1016213159194734,1267.810017668039,0.0063751752407806,1.1251848236176016,0.0,0.3974310539019239,0.0,0.0,0.0,6.9075629233630025,0.1016213159194734,7.009184239282476,7.009184239282476,iid,1,3200,73200
110.0,0.0046424589777348,60000.0,0.9206076846122744,0.917279828166962,-0.0033278564453124,0.0467726540903678,0.2162698640365038,382.0,360.0,382.0,428.0,0.1120418848167539,0.0,0.7893724039271888,0.043089738789888,0.7462826651373007,0.7462826651373007,0.0,15.955533840252748,0.0517617998210072,-0.0034645866586945,0.0001367302133821,1.0,1.0,0.0,4.744836784666404,0.0,-3.9500830451879674,-0.0484710743411369,1157.765735302601,0.0040815429111729,0.7462826651373007,0.0,0.3741812327229429,0.0,0.0,0.0,3.9500830451879674,0.0484710743411369,3.998554119529104,3.998554119529104,iid,1,3200,73200
115.0,0.0046315478830482,60000.0,0.9023400879383088,0.899774174308777,-0.0025659136295317,0.044022880239706,0.2098163011772584,309.0,300.0,309.0,327.0,0.1058252427184466,0.0,0.6090390472412848,0.0287441257055505,0.5802949215357343,0.5802949215357343,0.0,13.181666405651097,0.0450688053946926,-0.0026876637153824,0.0001217500858507,1.0,1.0,0.0,4.216719509277027,0.0,-3.543554709593081,-0.0928698781482113,1104.1246827528291,0.0038045312578513,0.5802949215357343,0.0,0.3521830419176481,0.0,0.0,0.0,3.543554709593081,0.0928698781482113,3.636424587741293,3.636424587741293,iid,1,3200,73200
120.0,0.0046209124075087,60000.0,0.8857897452354432,0.8820787216186523,-0.0037110236167908,0.0405157302902083,0.2012851964010476,469.0,452.0,469.0,509.0,0.1085287846481876,0.0,0.9428364244168675,0.1028699877729266,0.839966436643941,0.839966436643941,0.0,20.73185971540888,0.0983736798146896,-0.0038814113289789,0.000170387712188,1.0,1.0,0.0,7.3474677265039645,0.0,-6.317968754798585,-0.1895325350614385,1376.3377813100717,0.0053100715871762,0.839966436643941,0.0,0.3241258423216665,0.0,0.0,0.0,6.317968754798585,0.1895325350614385,6.507501289860024,6.507501289860024,iid,1,3200,73200
125.0,0.0046105395574086,60000.0,0.8687465180873872,0.8657978004932405,-0.0029487175941467,0.0383655096377403,0.1958711557063476,426.0,410.0,426.0,458.0,0.1075117370892018,0.0,0.7497544268655503,0.0529829029675852,0.696771523897965,0.696771523897965,0.0,18.16140409646868,0.0660027894536793,-0.0032124926734074,0.0002637750792607,1.0,1.0,0.0,6.637935525504872,0.0,-5.819464360312395,-0.1216996412945121,1276.604987898129,0.0051727817113498,0.696771523897965,0.0,0.3069240771019224,0.0,0.0,0.0,5.819464360312395,0.1216996412945121,5.941164001606907,5.941164001606907,iid,1,3200,73200
130.0,0.0046004172234895,60000.0,0.8566579587936402,0.8520709755897523,-0.0045869832038878,0.0968000109282388,0.3111270012844254,490.0,476.0,490.0,518.0,0.1057142857142857,0.0,1.2459964516137632,0.1629079702117906,1.0830884814019726,1.0830884814019726,0.0,11.188929329821075,0.1156274106945498,-0.0049826589044048,0.0003956757005169,1.0,1.0,0.0,7.465336938621476,0.0,-6.156877225224889,-0.2253712319946146,1303.940399937248,0.0056926218398327,1.0830884814019726,0.0,0.7744000874259108,0.0,0.0,0.0,6.156877225224889,0.2253712319946146,6.382248457219504,6.382248457219504,iid,1,3200,73200
135.0,0.0045905341030286,60000.0,0.8369667590618133,0.834444553756714,-0.0025222053050992,0.0431941765980226,0.2078320875082157,435.0,425.0,433.0,449.0,0.1032183908045977,0.0045977011494252,0.7342522421383073,0.1467267370373619,0.5875255051009454,0.5875255051009454,0.0,13.601960990450769,0.1665496459117037,-0.002697055867565,0.0001748505624657,1.0,1.0,0.0,6.799843976623379,0.0,-6.0187287250792,-0.1935897464432336,1247.7324809429592,0.0054202222147279,0.5875255051009454,0.0,0.345553412784181,0.0,0.0,0.0,6.0187287250792,0.1935897464432336,6.212318471522433,6.212318471522433,iid,1,3200,73200
140.0,0.0045808796302822,60000.0,0.8213519195556641,0.818505136680603,-0.0028467828750611,0.0367510369689083,0.1917055997327889,395.0,383.0,395.0,419.0,0.1060759493670886,0.0,0.7361295412536748,0.0754559634688973,0.6606735777847774,0.6606735777847774,0.0,17.977005066379842,0.0929735228510406,-0.0030264661347399,0.0001796832596788,1.0,1.0,0.0,6.8346266116714105,0.0,-6.045760637411149,-0.1281923964754838,1427.0794213364502,0.0047664130367168,0.6606735777847774,0.0,0.2940082957512664,0.0,0.0,0.0,6.045760637411149,0.1281923964754838,6.173953033886633,6.173953033886633,iid,1,3200,73200
145.0,0.0045714439142384,60000.0,0.8084813523292542,0.806466295528412,-0.0020150568008422,0.0416394928681296,0.2040575724351578,293.0,285.0,291.0,303.0,0.1034129692832764,0.0068259385665528,0.4887092016850474,0.0326745497722882,0.4560346519127591,0.4560346519127591,0.0,10.95197420768306,0.0626689068866427,-0.0020847368341684,6.96800333261807e-05,1.0,1.0,0.0,2.965644510113634,0.0,-2.4293396875254984,-0.0802701706753765,1176.716195914966,0.0025139358838015,0.4560346519127591,0.0,0.3331159429450375,0.0,0.0,0.0,2.4293396875254984,0.0802701706753765,2.509609858200875,2.509609858200875,iid,1,3200,73200
150.0,0.0045622176827774,60000.0,0.7950674625873568,0.7924323118686676,-0.0026351507186892,0.0313072999762641,0.1769386898794724,324.0,311.0,322.0,344.0,0.1061728395061728,0.0061728395061728,0.6295181671786434,0.0277585543856559,0.6017596127929874,0.6017596127929874,0.0,19.221063881242276,0.0422326753328361,-0.0027453583462654,0.0001102076275762,1.0,1.0,0.0,5.808751443692017,0.0,-5.122543211106176,-0.0844486197928535,1360.4037000690496,0.0042517190040687,0.6017596127929874,0.0,0.250458399810113,0.0,0.0,0.0,5.122543211106176,0.0844486197928535,5.20699183089903,5.20699183089903,iid,1,3200,73200
1.0,0.0049950273089797,60000.0,2.305176560688019,2.305176560688019,0.0,0.6123968205195465,0.7825578703965264,0.0,0.0,0.0,0.0,0.0,0.0,0.0,0.0,0.0,0.0,0.0,0.0,,-0.0,0.0,0.0,0.0,0.0,0.0,0.0,0.0,0.0,1398.7039377812089,0.0,0.0,0.0,4.899174564156372,4.899174564156372,4.899174564156372,0.0,0.0,0.0,4.899174564156372,0.0,iid,1,3300,73300
5.0,0.0049756643332495,60000.0,2.3052122055053714,2.305163855457306,-4.835004806524879e-05,0.6130286374646355,0.7829614533708767,3.0,3.0,3.0,3.0,0.1,0.0,0.0118624457682017,0.0014197897107806,0.0104426560574211,0.0104426560574211,0.0,0.0170345321885937,0.1068938819092061,-5.1959151289302485e-05,3.6091032240537e-06,1.0,1.0,0.0,0.2045173197984695,0.0,-0.1941694328561425,9.476911509409548e-05,1433.9489720195934,0.0001426049033933,0.0104426560574211,0.0,4.904229099717084,4.893786443659663,4.699711779918615,0.0,0.1941694328561425,0.0,4.893881212774757,9.476911509409548e-05,iid,1,3300,73300
10.0,0.0049525712910726,60000.0,2.3034918920993808,2.302039959526062,-0.0014519325733188,0.6118506539297585,0.7822088301277086,15.0,11.0,15.0,25.0,0.1666666666666666,0.0,0.2939157442597206,0.0,0.2939157442597206,0.2939157442597206,0.0,0.4803717089652121,0.0,-0.0014556386770149,3.706103696050032e-06,1.0,1.0,0.0,0.3866207832470536,0.0,-0.091378916054964,-0.0013261229323688,1429.3807434305722,0.000270408174731,0.2939157442597206,0.0,4.894805231438068,4.600889487178347,4.508184448191014,0.0,0.091378916054964,0.0013261229323688,4.600889487178347,0.0,iid,1,3300,73300
15.0,0.004930605096731,60000.0,2.264506822872162,2.2388402013301847,-0.0256666215419771,0.5621869502268619,0.7497912711060738,420.0,282.0,420.0,798.0,0.19,0.0,5.809296069244738,0.0,5.809296069244738,5.809296069244738,0.0,10.33338832731796,0.0,-0.0286433448074376,0.0029767232654604,1.0,1.0,0.0,7.958053320180625,0.0,-2.1310126741882414,-0.0177445767476456,1475.4123070786045,0.0053648458487745,5.809296069244738,0.0,4.497495601814896,0.0,0.0,0.0,2.1310126741882414,0.0177445767476456,2.148757250935887,2.148757250935887,iid,1,3300,73300
20.0,0.0049096652228095,60000.0,2.1603608419418334,2.141732058429718,-0.0186287835121152,0.4235467659663496,0.6508047064721871,431.0,320.0,431.0,713.0,0.1654292343387471,0.0,3.890912270995017,0.002106156558284,3.8888061144367327,3.8888061144367327,0.0,9.181527110859095,0.0005410086280037,-0.0190927361382992,0.0004639526261839,1.0,1.0,0.0,6.370576279005036,0.0,-2.4644363895786228,-0.0173337749896802,1263.1971809797576,0.0050179096330867,3.8888061144367327,0.0,3.3883741277307973,0.0,0.0,0.0,2.4644363895786228,0.0173337749896802,2.481770164568303,2.481770164568303,iid,1,3300,73300
25.0,0.0048896638427146,60000.0,2.0373771847724917,2.013063204717636,-0.0243139800548553,0.5110171539170877,0.7148546383126346,556.0,423.0,556.0,912.0,0.1640287769784172,0.0,5.078451761194543,0.0191708422739651,5.059280918920578,5.059280918920578,0.0,9.9004130881709,0.003760741774199,-0.024738182979382,0.0004242029245267,1.0,1.0,0.0,7.934848651930224,0.0,-2.850788606756396,-0.0247791262532501,1216.8438114185485,0.0064785980607088,5.059280918920578,0.0,4.0881372313367015,0.0,0.0,0.0,2.850788606756396,0.0247791262532501,2.875567733009646,2.875567733009646,iid,1,3300,73300
30.0,0.0048705237912742,60000.0,1.8944603275299072,1.868525168800354,-0.0259351587295533,0.4713932058707257,0.6865808079685346,573.0,460.0,573.0,861.0,0.150261780104712,0.0,5.401415739967604,0.0033580335630176,5.398057706404586,5.398057706404586,0.0,11.4512844885697,0.0006213088102712,-0.0262913684857149,0.0003562097561616,1.0,1.0,1.862645149230957e-09,8.807487849262543,0.0,-3.3782203187292907,-0.0312098241286662,1108.7954256056885,0.0078806951406695,5.398057706404586,0.0,3.771145646965806,0.0,0.0,0.0,3.3782203187292907,0.0312098241286662,3.409430142857957,3.409430142857957,iid,1,3300,73300
35.0,0.0048521769173698,60000.0,1.740538615417481,1.706018999099732,-0.034519616317749,0.3701717133974286,0.6084173842005409,817.0,681.0,817.0,1139.0,0.1394124847001224,0.0,7.531446451922932,0.0120232198313203,7.5194232320916115,7.5194232320916115,0.0,20.31333826963301,0.0015938580460315,-0.0364855718386892,0.0019659555209401,1.0,1.0,0.0,13.035757618927164,0.0,-5.441902065964314,-0.0744323208712387,1017.2063984701048,0.0126531005762888,7.5194232320916115,0.0,2.9613737071794293,0.0,0.0,0.0,5.441902065964314,0.0744323208712387,5.5163343868355526,5.5163343868355526,iid,1,3300,73300
40.0,0.0048345627417287,60000.0,1.5927793753623964,1.5680159012794497,-0.0247634740829467,0.2426507911916929,0.4925959715544706,587.0,482.0,587.0,841.0,0.1432708688245315,0.0,5.261151102070869,0.0162344299431538,5.244916672127715,5.244916672127715,0.0,21.615081683307835,0.0030762258782632,-0.0253568787265405,0.0005934046435938,1.0,1.0,0.0,10.57747341983486,0.0,-5.328820683808772,-0.0037360638983727,938.9015130400788,0.0111402922767911,5.244916672127715,0.0,1.941206329533543,0.0,0.0,0.0,5.328820683808772,0.0037360638983727,5.3325567477071445,5.3325567477071445,iid,1,3300,73300
45.0,0.0048176273546297,60000.0,1.4847705624580383,1.4668555495262148,-0.0179150129318237,0.1869025755181307,0.4323223051360301,522.0,450.0,522.0,690.0,0.132183908045977,0.0,3.8375831810217846,0.0212038913042533,3.8163792897175313,3.8163792897175313,0.0,20.41908346708319,0.0054949627711569,-0.0183858932617856,0.0004708803299619,1.0,1.0,0.0,8.702363915363094,0.0,-4.856466567511234,-0.0295180581343288,939.1089829781058,0.0091815359078426,3.8163792897175313,0.0,1.4952206041450462,0.0,0.0,0.0,4.856466567511234,0.0295180581343288,4.885984625645563,4.885984625645563,iid,1,3300,73300
50.0,0.004801322503961,60000.0,1.3954954008102416,1.379599755001068,-0.0158956458091734,0.1568388293293263,0.3960288238617567,616.0,550.0,616.0,768.0,0.1246753246753246,0.0,3.4370457555460234,0.0213977898542623,3.415647965691761,3.415647965691761,0.0,21.778076132662704,0.0061871155545451,-0.0163996274432847,0.0005039816341113,1.0,1.0,0.0,9.226874947198668,0.0,-5.779074531458264,-0.0321524500486418,1009.7898844422818,0.0090546841964863,3.415647965691761,0.0,1.2547106346346106,0.0,0.0,0.0,5.779074531458264,0.0321524500486418,5.8112269815069055,5.8112269815069055,iid,1,3300,73300
55.0,0.0047856048355997,60000.0,1.3214476167678832,1.3082392963409424,-0.0132083204269408,0.1366069945438837,0.3696038345903404,566.0,506.0,566.0,696.0,0.1229681978798586,0.0,2.892986037967841,0.0327219642535965,2.8602640737142444,2.8602640737142444,0.0,20.93790353315629,0.0111842891459952,-0.0136880935822589,0.0004797731553181,1.0,1.0,0.0,8.410193007439375,0.0,-5.512002449533611,-0.0379264841915194,975.4160806551668,0.0085484533525718,2.8602640737142444,0.0,1.0928559563510696,0.0,0.0,0.0,5.512002449533611,0.0379264841915194,5.5499289337251305,5.5499289337251305,iid,1,3300,73300
60.0,0.0047704352566433,60000.0,1.256749771308899,1.246373657894135,-0.0103761134147644,0.1330581104012678,0.3647713124702487,478.0,431.0,478.0,580.0,0.1213389121338912,0.0,2.2833786668868186,0.0404600116768278,2.2429186552099907,2.2429186552099907,0.0,16.856685011127436,0.0174108521602868,-0.0106996982305968,0.0003235848158324,1.0,1.0,0.0,7.517513447091915,0.0,-5.2381174721867865,-0.0364773196951375,1096.5448613007825,0.0068089571921229,2.2429186552099907,0.0,1.0644648832101424,0.0,0.0,0.0,5.2381174721867865,0.0364773196951375,5.274594791881924,5.274594791881924,iid,1,3300,73300
65.0,0.0047557783984597,60000.0,1.2016779640197754,1.189924992465973,-0.0117529715538025,0.1290111479406118,0.3591812188027262,543.0,487.0,543.0,677.0,0.1246777163904235,0.0,2.603353694013898,0.0357169715249483,2.56763672248895,2.56763672248895,0.0,19.902440707456684,0.0135339200997316,-0.0122111112599048,0.0004581397061023,1.0,1.0,0.0,9.15538566565374,0.0,-6.599302554399401,0.0115536112346115,1058.8433576700766,0.0085724685752515,2.56763672248895,0.0,1.0320891835248949,0.0,0.0,0.0,6.599302554399401,0.0,6.599302554399401,6.599302554399401,iid,1,3300,73300
70.0,0.0047416021613943,60000.0,1.152975419330597,1.143705367088318,-0.009270052242279,0.1199425139756469,0.346327177645138,421.0,392.0,421.0,481.0,0.114251781472684,0.0,2.056759712556328,0.0304940774250184,2.0262656351313098,2.0262656351313098,0.0,16.893639861031435,0.0146096644171339,-0.0096077455150976,0.0003376932728186,1.0,1.0,0.0,6.296856162080076,0.0,-4.219164945253851,-0.0514255816949145,1033.4952707872662,0.0060558798233589,2.0262656351313098,0.0,0.9595401118051756,0.0,0.0,0.0,4.219164945253851,0.0514255816949145,4.270590526948766,4.270590526948766,iid,1,3300,73300
75.0,0.0047278773267132,60000.0,1.1060486037254331,1.0978945916175844,-0.0081540121078489,0.0859694225135938,0.2932054271557637,485.0,455.0,485.0,549.0,0.1131958762886597,0.0,1.8135602765579504,0.0240972680092905,1.78946300854866,1.78946300854866,0.0,20.81511025929833,0.0131130351683481,-0.0084603615851093,0.0003063494772604,1.0,1.0,0.0,8.06363629140833,0.0,-6.215238117287299,-0.0589351655723699,1175.2099363361465,0.0068146846831898,1.78946300854866,0.0,0.6877553801087508,0.0,0.0,0.0,6.215238117287299,0.0589351655723699,6.274173282859669,6.274173282859669,iid,1,3300,73300
80.0,0.0047145772242381,60000.0,1.0715244700431823,1.0640820118904115,-0.007442458152771,0.0948205988909069,0.3079295355936272,430.0,405.0,430.0,484.0,0.1125581395348837,0.0,1.7386744310240574,0.0098820395469978,1.7287923914770595,1.7287923914770595,0.0,18.23224501530591,0.0056515415505971,-0.0081505252342939,0.0007080670815229,1.0,1.0,0.0,6.423957091756165,0.0,-4.633336099152075,-0.0618286011270306,1309.2768237033397,0.0048825365048989,1.7287923914770595,0.0,0.7585647911272556,0.0,0.0,0.0,4.633336099152075,0.0618286011270306,4.695164700279106,4.695164700279106,iid,1,3300,73300
85.0,0.0047016774463746,60000.0,1.0351555543899535,1.0289343361854553,-0.0062212182044982,0.074731550556273,0.2733707200054041,512.0,481.0,512.0,574.0,0.112109375,0.0,1.4965857759130898,0.0981648211672165,1.3984209547458732,1.3984209547458732,0.0,18.712591192562748,0.0615549674958192,-0.0065749242634663,0.000353706058968,1.0,1.0,0.0,9.03281882085139,0.0,-7.524191087822601,-0.1102067782829152,1143.061333357321,0.0078403477734643,1.3984209547458732,0.0,0.5978524044501846,0.0,0.0,0.0,7.524191087822601,0.1102067782829152,7.634397866105516,7.634397866105516,iid,1,3300,73300
90.0,0.0046891556009951,60000.0,1.0044374454498293,0.9987840961456298,-0.0056533493041994,0.0666720188338337,0.258209253966301,401.0,377.0,401.0,455.0,0.1134663341645885,0.0,1.2919161584045398,0.0413865202298282,1.2505296381747115,1.2505296381747115,0.0,18.756438758685235,0.0310406038276457,-0.0058639280570573,0.0002105787528578,1.0,1.0,0.0,6.643205903237686,0.0,-5.340386344872968,-0.052289920190006,1314.8133672256015,0.0050271844253711,1.2505296381747115,0.0,0.5333761506706701,0.0,0.0,0.0,5.340386344872968,0.052289920190006,5.392676265062974,5.392676265062974,iid,1,3300,73300
95.0,0.0046769910970246,60000.0,0.9793281549453736,0.974115907382965,-0.0052122475624084,0.0589889143202326,0.2428763354471419,397.0,377.0,397.0,441.0,0.1110831234256927,0.0,1.2380944280375572,0.0410012845840697,1.1970931434534875,1.1970931434534875,0.0,20.29352730506004,0.0320548995508973,-0.0055987939742411,0.0003865464118327,1.0,1.0,0.0,8.04977836785838,0.0,-6.819369684454728,-0.0333155399501649,1289.3707588113114,0.0062044480853987,1.1970931434534875,0.0,0.4719113145618608,0.0,0.0,0.0,6.819369684454728,0.0333155399501649,6.852685224404892,6.852685224404892,iid,1,3300,73300
100.0,0.004665164957684,60000.0,0.9563719873428344,0.9527581000804902,-0.0036138872623442,0.0605274714767785,0.2460233149048653,498.0,468.0,492.0,548.0,0.1100401606425702,0.0120481927710843,1.154391536049829,0.26241713609285,0.8919743999569789,0.8919743999569789,0.0,14.736686965342448,0.185217059474932,-0.0041612077138305,0.0005473204514863,1.0,1.0,0.0,8.299053584341891,0.0,-7.234831211338133,-0.1722479730467796,1127.960479037879,0.0073038362681011,0.8919743999569789,0.0,0.4842197718142282,0.0,0.0,0.0,7.234831211338133,0.1722479730467796,7.407079184384912,7.407079184384912,iid,1,3300,73300
105.0,0.0046536596572292,60000.0,0.937385965394974,0.9328287566184998,-0.004557208776474,0.0594425347153255,0.2438083975488242,352.0,330.0,352.0,404.0,0.1147727272727272,0.0,1.0413436997140053,0.0281474479251073,1.013196251788898,1.013196251788898,0.0,17.044970518857678,0.0263185422219178,-0.0047150705218058,0.0001578617453318,1.0,1.0,0.0,5.563908494805219,0.0,-4.455541023326077,-0.0951712196902434,1304.8128748288286,0.0042460371441357,1.013196251788898,0.0,0.4755402777226043,0.0,0.0,0.0,4.455541023326077,0.0951712196902434,4.550712243016321,4.550712243016321,iid,1,3300,73300
110.0,0.0046424589777348,60000.0,0.9185710072040558,0.9137625659942628,-0.004808441209793,0.0752833812308509,0.2743781719285463,423.0,401.0,423.0,473.0,0.1118203309692671,0.0,1.217938667388239,0.1114670930449506,1.1064715743432885,1.1064715743432885,0.0,14.69742134655689,0.0838473070920264,-0.0051367488939183,0.0003283076841253,1.0,1.0,0.0,7.378351748629939,0.0,-6.1921800171767245,-0.0797001571099258,1172.9560122632774,0.0062510691661566,1.1064715743432885,0.0,0.6022670498468072,0.0,0.0,0.0,6.1921800171767245,0.0797001571099258,6.27188017428665,6.27188017428665,iid,1,3300,73300
115.0,0.0046315478830482,60000.0,0.8986827761173249,0.8952996060371399,-0.003383170080185,0.0379222925990589,0.1947364696174268,376.0,353.0,376.0,422.0,0.1122340425531914,0.0,0.8411432230322546,0.0592339160418582,0.7819093069903964,0.7819093069903964,0.0,20.61872459181961,0.0657878942847998,-0.003621450395527,0.000238280315342,1.0,1.0,0.0,5.960643974249251,0.0,-5.051449853648592,-0.1272848136102631,1254.140616714772,0.0047302896681414,0.7819093069903964,0.0,0.3033783407924719,0.0,0.0,0.0,5.051449853648592,0.1272848136102631,5.178734667258855,5.178734667258855,iid,1,3300,73300
120.0,0.0046209124075087,60000.0,0.8850949101924896,0.8813050418853762,-0.0037898683071134,0.0770992638805283,0.2776675420003719,314.0,302.0,314.0,338.0,0.1076433121019108,0.0,0.8834917090086378,0.03533767324096,0.8481540357676778,0.8481540357676778,0.0,11.000805884242451,0.0384594506049009,-0.0039192455073575,0.000129377200244,1.0,1.0,0.0,4.445052521768957,0.0,-3.529317604072276,-0.067580881929004,1124.7696347585202,0.0039364104734369,0.8481540357676778,0.0,0.6167941110442268,0.0,0.0,0.0,3.529317604072276,0.067580881929004,3.59689848600128,3.59689848600128,iid,1,3300,73300
125.0,0.0046105395574086,60000.0,0.8678981566429139,0.8646228615283965,-0.0032752951145174,0.0646358846414959,0.2542358838588604,334.0,326.0,334.0,352.0,0.1053892215568862,0.0,0.8493441565549915,0.0937687013264252,0.7555754552285663,0.7555754552285663,0.0,11.689720956390994,0.0994246876636426,-0.0034836105249383,0.0002083154104209,1.0,1.0,0.0,4.103381952445488,0.0,-3.276634870703674,-0.071171626513248,1175.835274449605,0.003477623120644,0.7555754552285663,0.0,0.5170870771319678,0.0,0.0,0.0,3.276634870703674,0.071171626513248,3.347806497216922,3.347806497216922,iid,1,3300,73300
130.0,0.0046004172234895,60000.0,0.8514025837421418,0.8479568854331971,-0.0034456983089447,0.0432765007224354,0.2080300476432082,326.0,314.0,324.0,344.0,0.105521472392638,0.0061349693251533,0.8007467285632792,0.0207284713921751,0.7800182571711041,0.7800182571711041,0.0,18.024060267116877,0.0252332284569262,-0.0035884094249262,0.0001427111159815,1.0,1.0,0.0,5.148433120048139,0.0,-4.320959276982194,-0.0474555858948413,1268.3261696042189,0.0040428235545761,0.7800182571711041,0.0,0.3462120057794838,0.0,0.0,0.0,4.320959276982194,0.0474555858948413,4.368414862877035,4.368414862877035,iid,1,3300,73300
135.0,0.0045905341030286,60000.0,0.8359961846828461,0.8334574869155884,-0.0025386977672576,0.0437680536405576,0.2092081586376536,461.0,447.0,461.0,491.0,0.1065075921908893,0.0,0.7769046822263803,0.1443830219920983,0.632521660234282,0.632521660234282,0.0,14.451674397697138,0.1567187115718399,-0.0029036122522097,0.000364914484952,1.0,1.0,0.0,7.3054135125130415,0.0,-6.50159391682655,-0.171297935452209,1195.664729606463,0.0060728136556839,0.632521660234282,0.0,0.3501444291244612,0.0,0.0,0.0,6.50159391682655,0.171297935452209,6.67289185227876,6.67289185227876,iid,1,3300,73300
140.0,0.0045808796302822,60000.0,0.8213372381210328,0.8185955524921418,-0.0027416856288909,0.0384048172009449,0.1959714703750139,320.0,313.0,320.0,334.0,0.104375,0.0,0.6501248056929398,0.0371484974575579,0.6129763082353819,0.6129763082353819,0.0,15.96092242877019,0.0540520012741179,-0.002807970684241,6.628505535007578e-05,1.0,1.0,0.0,4.123930124624167,0.0,-3.464475213812875,-0.0464786025759096,1202.2312102683925,0.0034185042087031,0.6129763082353819,0.0,0.3072385376075598,0.0,0.0,0.0,3.464475213812875,0.0464786025759096,3.510953816388785,3.510953816388785,iid,1,3300,73300
145.0,0.0045714439142384,60000.0,0.8066482925891877,0.8037397444725038,-0.0029085481166838,0.0452614266364027,0.2127473305035875,472.0,463.0,472.0,490.0,0.1038135593220339,0.0,0.8126789825800742,0.0701722721255677,0.7425067104545064,0.7425067104545064,0.0,16.40484548618548,0.0794836862399481,-0.0033943277827884,0.0004857796661046,1.0,1.0,0.0,7.204319400334498,0.0,-6.273723906065243,-0.1880887838147487,1087.632908186016,0.0065802652840157,0.7425067104545064,0.0,0.3620914130912218,0.0,0.0,0.0,6.273723906065243,0.1880887838147487,6.461812689879992,6.461812689879992,iid,1,3300,73300
150.0,0.0045622176827774,60000.0,0.7921992054462434,0.7900186190128328,-0.0021805864334106,0.0262095829605656,0.161893739720119,319.0,300.0,319.0,357.0,0.1119122257053291,0.0,0.5616365144990603,0.0492494635457987,0.5123870509532615,0.5123870509532615,0.0,19.54960716941537,0.0806197315306232,-0.0023376212642851,0.0001570348308744,1.0,1.0,0.0,4.256568643613719,0.0,-3.6772762366385914,-0.0669053560218664,1116.9550489406902,0.0037964007657935,0.5123870509532615,0.0,0.2096766636845253,0.0,0.0,0.0,3.6772762366385914,0.0669053560218664,3.744181592660457,3.744181592660457,iid,1,3300,73300
1.0,0.0049950273089797,60000.0,2.3051766083717347,2.3051766083717347,0.0,0.6123968172400373,0.7825578683011483,0.0,0.0,0.0,0.0,0.0,0.0,0.0,0.0,0.0,0.0,0.0,0.0,,-0.0,0.0,0.0,0.0,0.0,0.0,0.0,0.0,0.0,1436.815662366073,0.0,0.0,0.0,4.899174537920298,4.899174537920298,4.899174537920298,0.0,0.0,0.0,4.899174537920298,0.0,iid,1,3400,73400
5.0,0.0049756643332495,60000.0,2.3051766083717347,2.3051781831741334,1.5748023987072202e-06,0.6123968172400373,0.7825578683011483,1.0,1.0,1.0,1.0,0.1,0.0,0.0,9.718374866451995e-05,-9.718374866451995e-05,-9.718374866451995e-05,0.0,-0.0001586940786245,1.0,4.835537120015392e-07,1.091248686705681e-06,0.0,0.0,0.0,0.0688641658052802,0.0,-0.0689627119645592,1.362410614547116e-06,1448.405244188218,4.754255903375045e-05,-9.718374866451995e-05,0.0,4.899174537920298,4.8992717216689625,4.830310372115018,0.0,0.0689627119645592,0.0,4.899273084079577,1.362410614547116e-06,iid,1,3400,73400
10.0,0.0049525712910726,60000.0,2.303963852500916,2.3035838093280794,-0.0003800431728362,0.6119035495741725,0.7822426411121887,6.0,5.0,6.0,8.0,0.1333333333333333,0.0,0.08078042359557,0.0034006872738245,0.0773797363217454,0.0773797363217454,0.0,0.1264574071773149,0.0403972724843307,-0.0003832286606178,3.1854877816029823e-06,1.0,1.0,0.0,0.3351522330194711,0.0,-0.2576602783519774,-0.0001122183457482,1373.5552634241697,0.0002439439341012,0.0773797363217454,0.0,4.89522839659338,4.817848660271634,4.560076163573909,0.0,0.2576602783519774,0.0001122183457482,4.817848660271634,0.0,iid,1,3400,73400
15.0,0.004930605096731,60000.0,2.269612080574036,2.246898136281967,-0.0227139442920689,0.5617684973922524,0.7495121729446776,370.0,223.0,368.0,810.0,0.2189189189189189,0.0054054054054053,5.033033590281775,0.0048093951772898,5.028224195104485,5.028224195104485,0.0,8.950705172051592,0.0009546536466442,-0.0247921878438884,0.0020782435518195,1.0,1.0,1.862645149230957e-09,7.539794273907319,0.0,-2.5101066488423385,-0.0014634299604949,1471.4418507926564,0.0050979633851831,5.028224195104485,0.0,4.4941479791380194,0.0,0.0,0.0,2.5101066488423385,0.0014634299604949,2.511570078802833,2.511570078802833,iid,1,3400,73400
20.0,0.0049096652228095,60000.0,2.161341741275787,2.13892676525116,-0.0224149760246272,0.4372426916042435,0.6612432922943291,498.0,335.0,498.0,966.0,0.1939759036144578,0.0,4.7144344766225,0.0277015188319182,4.686732957790582,4.686732957790582,0.0,10.718836581567452,0.0058415698871714,-0.0230102898114598,0.0005953137868325,1.0,1.0,1.862645149230957e-09,7.4020199093502015,0.0,-2.7070982383957016,-0.0081887131639177,1245.737424652459,0.0059067807189953,4.686732957790582,0.0,3.4979415328339485,0.0,0.0,0.0,2.7070982383957016,0.0081887131639177,2.7152869515596194,2.7152869515596194,iid,1,3400,73400
25.0,0.0048896638427146,60000.0,2.0365786649703983,2.013179674673081,-0.0233989902973177,0.5674997445747526,0.7533257891342581,552.0,432.0,552.0,848.0,0.1536231884057971,0.0,4.907590406308373,0.0058979032994557,4.901692503008917,4.901692503008917,0.0,8.637347505208,0.0012003495129769,-0.0239676286000681,0.0005686383027504,1.0,1.0,0.0,7.5155073960195296,0.0,-2.594047447120829,-0.0197674458897836,1222.2409026619334,0.0061113789158174,4.901692503008917,0.0,4.539997956598021,0.0,0.0,0.0,2.594047447120829,0.0197674458897836,2.6138148930106126,2.6138148930106126,iid,1,3400,73400
30.0,0.0048705237912742,60000.0,1.8990546194076536,1.865350675964356,-0.0337039434432981,0.5215792324196693,0.7222044256439234,700.0,530.0,700.0,1198.0,0.1711428571428571,0.0,7.110010962214403,0.0129006425231068,7.097110319691296,7.097110319691296,0.0,13.606964922216978,0.0018111473564443,-0.0345666446613546,0.0008627012180564,1.0,1.0,3.725290298461914e-09,12.22592025034828,0.0,-5.127520748591451,-0.001289182065534,1208.7964954947688,0.0100128548769414,7.097110319691296,0.0,4.172633859357354,0.0,0.0,0.0,5.127520748591451,0.001289182065534,5.128809930656985,5.128809930656985,iid,1,3400,73400
35.0,0.0048521769173698,60000.0,1.7374888514518745,1.7081952708244323,-0.0292935806274419,0.3902162558537791,0.6246729190974899,741.0,625.0,741.0,1025.0,0.1383265856950067,0.0,6.319143298219512,0.0101116859005117,6.309031612319,6.309031612319,0.0,16.168038921174787,0.0015976107655453,-0.0306125375602506,0.0013189569328087,1.0,1.0,0.0,11.181664529431146,0.0,-4.794601247502669,-0.0780316696094765,1049.4426823681945,0.0105425305030362,6.309031612319,0.0,3.121730046830233,0.0,0.0,0.0,4.794601247502669,0.0780316696094765,4.872632917112146,4.872632917112146,iid,1,3400,73400
40.0,0.0048345627417287,60000.0,1.594442899131775,1.5711495331764225,-0.0232933659553524,0.2391328901591776,0.489012157475842,786.0,685.0,786.0,1018.0,0.1295165394402035,0.0,5.251283228191355,0.0503729049554024,5.200910323235952,5.200910323235952,0.0,21.74903803393164,0.0095013527264553,-0.0251441272717889,0.0018507613164364,1.0,1.0,0.0,11.350491986377165,0.0,-6.076165263186795,-0.0734163999544179,1016.7059253470824,0.0110407286944598,5.200910323235952,0.0,1.9130631212734213,0.0,0.0,0.0,6.076165263186795,0.0734163999544179,6.149581663141213,6.149581663141213,iid,1,3400,73400
45.0,0.0048176273546297,60000.0,1.4863980373382568,1.467918438243866,-0.0184795990943906,0.1879414249521486,0.4335221158743215,553.0,484.0,553.0,713.0,0.1289330922242314,0.0,3.995733823245615,0.0176290302237021,3.978104793021913,3.978104793021913,0.0,21.16672678221297,0.0043925831945304,-0.0191650264704461,0.0006854273760554,1.0,1.0,0.0,9.305159446666948,0.0,-5.302363542558851,-0.0246911110861844,968.1889046997434,0.0095194025088966,3.978104793021913,0.0,1.503531399617189,0.0,0.0,0.0,5.302363542558851,0.0246911110861844,5.327054653645035,5.327054653645035,iid,1,3400,73400
50.0,0.004801322503961,60000.0,1.4002259921073912,1.3876581707000737,-0.0125678214073174,0.1651283046720219,0.4063598216753496,481.0,436.0,481.0,579.0,0.1203742203742203,0.0,2.6957593463263123,0.0161619240591903,2.679597422267122,2.679597422267122,0.0,16.227365911551882,0.0059595845335483,-0.0128656114050872,0.0002977899977697,1.0,1.0,0.0,6.606489504338242,0.0,-3.883256439896286,-0.0436356421748342,990.3178129020438,0.006626871757857,2.679597422267122,0.0,1.3210264373761755,0.0,0.0,0.0,3.883256439896286,0.0436356421748342,3.92689208207112,3.92689208207112,iid,1,3400,73400
55.0,0.0047856048355997,60000.0,1.3292924662590029,1.3185101859092716,-0.0107822803497312,0.1508717373678935,0.3884221123570252,658.0,602.0,658.0,788.0,0.119756838905775,0.0,2.788787599711952,0.0475991339943986,2.7411884657175536,2.7411884657175536,0.0,18.168999134896264,0.0167816093019868,-0.013118244776828,0.0023359644270967,1.0,1.0,0.0,10.314940406824462,0.0,-7.489279452091068,-0.0844724890158401,1045.1290640166987,0.0097730816259252,2.7411884657175536,0.0,1.206973898943148,0.0,0.0,0.0,7.489279452091068,0.0844724890158401,7.5737519411069085,7.5737519411069085,iid,1,3400,73400
60.0,0.0047704352566433,60000.0,1.2694880054473878,1.2581992077827453,-0.0112887976646425,0.1297061705289524,0.3601474288801079,528.0,492.0,528.0,610.0,0.115530303030303,0.0,2.5094118122146263,0.0647777503920679,2.4446340618225584,2.4446340618225584,0.0,18.84747696931565,0.025164327962884,-0.0116619685181095,0.000373170853467,1.0,1.0,0.0,8.7050941423513,0.0,-6.206897465298084,-0.0535626152306569,1270.492392148651,0.0068051213637008,2.4446340618225584,0.0,1.0376493642316191,0.0,0.0,0.0,6.206897465298084,0.0535626152306569,6.260460080528741,6.260460080528741,iid,1,3400,73400
65.0,0.0047557783984597,60000.0,1.216650862503052,1.205323465919495,-0.0113273965835571,0.116653845068726,0.3415462561187372,618.0,552.0,618.0,758.0,0.1226537216828479,0.0,2.5173890273532398,0.0381656095772768,2.4792234177759624,2.4792234177759624,0.0,21.252822110710028,0.014934374333361,-0.0117906371752143,0.0004632405916571,1.0,1.0,0.0,10.126314405642916,0.0,-7.571208498732176,-0.0758824891347771,1218.9090512976554,0.0082392376071686,2.4792234177759624,0.0,0.933230760549808,0.0,0.0,0.0,7.571208498732176,0.0758824891347771,7.647090987866953,7.647090987866953,iid,1,3400,73400
70.0,0.0047416021613943,60000.0,1.169708613204956,1.161438941669464,-0.0082696715354921,0.0996176730611934,0.3156226751378827,695.0,645.0,695.0,803.0,0.1155395683453237,0.0,2.0719793308613994,0.0892328496376855,1.9827464812237137,1.9827464812237137,0.0,19.903561489593784,0.0412883336688761,-0.0094013950008673,0.0011317234653751,1.0,1.0,0.0,9.142654745373877,0.0,-7.079114683391481,-0.0807935807586801,1045.8612936389136,0.0086659910224749,1.9827464812237137,0.0,0.7969413844895475,0.0,0.0,0.0,7.079114683391481,0.0807935807586801,7.159908264150161,7.159908264150161,iid,1,3400,73400
75.0,0.0047278773267132,60000.0,1.126942410850525,1.118109552192688,-0.008832858657837,0.1021453973378607,0.3196019357542453,513.0,466.0,513.0,615.0,0.1198830409356725,0.0,1.958529149114554,0.0306022130827159,1.927926936031838,1.927926936031838,0.0,18.87433977719955,0.0153847119724217,-0.0091150020484247,0.0002821433905877,1.0,1.0,0.0,7.140089059248567,0.0,-5.154593837352877,-0.0575682858638515,1114.9531261123047,0.0063631870888346,1.927926936031838,0.0,0.817163178702886,0.0,0.0,0.0,5.154593837352877,0.0575682858638515,5.212162123216729,5.212162123216729,iid,1,3400,73400
80.0,0.0047145772242381,60000.0,1.0826102534294129,1.075925534915924,-0.0066847185134888,0.0838065180856443,0.2894935544803101,368.0,339.0,366.0,426.0,0.1157608695652173,0.0054347826086956,1.4972330674959269,0.036090130828768,1.4611429366671589,1.4611429366671589,0.0,17.434717132311523,0.0235371974207394,-0.0068886712105674,0.0002039526970785,1.0,1.0,0.0,5.9156694848206826,0.0,-4.414286701892706,-0.0402398462608175,1072.812684332771,0.0054839287980938,1.4611429366671589,0.0,0.6704521446851546,0.0,0.0,0.0,4.414286701892706,0.0402398462608175,4.454526548153524,4.454526548153524,iid,1,3400,73400
85.0,0.0047016774463746,60000.0,1.048858732700348,1.0438893981933597,-0.0049693345069885,0.0634902186309417,0.2519726545300932,473.0,442.0,473.0,545.0,0.1152219873150105,0.0,1.4395195207136666,0.2133969006004292,1.2261226201132374,1.2261226201132374,0.0,19.3119924069011,0.1291032612712354,-0.0057648330694761,0.0007954985624876,1.0,1.0,0.0,8.42648449644912,0.0,-7.1469348359446485,-0.0534270403912344,1215.001918184256,0.006887599207265,1.2261226201132374,0.0,0.5079217490475337,0.0,0.0,0.0,7.1469348359446485,0.0534270403912344,7.200361876335883,7.200361876335883,iid,1,3400,73400
90.0,0.0046891556009951,60000.0,1.019550199699402,1.0141019398689268,-0.005448259830475,0.0631956971011012,0.2513875436474553,545.0,503.0,545.0,643.0,0.1179816513761467,0.0,1.51686138486334,0.0756631381257264,1.4411982467376134,1.4411982467376134,0.0,22.805322400858504,0.0475114430160934,-0.006758002830834,0.001309743000359,1.0,1.0,0.0,9.316751443548128,0.0,-7.8449382660860465,-0.030614930724468,1089.3771449559886,0.0084798427242378,1.4411982467376134,0.0,0.5055655768088101,0.0,0.0,0.0,7.8449382660860465,0.030614930724468,7.875553196810515,7.875553196810515,iid,1,3400,73400
95.0,0.0046769910970246,60000.0,0.992184436416626,0.984836890459061,-0.0073475459575651,0.065666318011465,0.2562544009601885,534.0,494.0,534.0,624.0,0.1168539325842696,0.0,1.6883464562171229,0.0340247084536429,1.65432174776348,1.65432174776348,0.0,25.192850731704528,0.0197545738987953,-0.0077372480859039,0.0003897021283388,1.0,1.0,0.0,8.60308731062105,0.0,-6.928440169354644,-0.020325393502925,1244.16086530337,0.0068672851678642,1.65432174776348,0.0,0.5253305440917205,0.0,0.0,0.0,6.928440169354644,0.020325393502925,6.948765562857569,6.948765562857569,iid,1,3400,73400
100.0,0.004665164957684,60000.0,0.9661922473430634,0.9615190840721132,-0.0046731632709503,0.0583109881055484,0.2414766823226384,318.0,302.0,316.0,344.0,0.1081761006289308,0.0062893081761006,1.0646563817345225,0.0313936210758925,1.03326276065863,1.03326276065863,0.0,17.71986368655469,0.028642508093057,-0.0048203412231045,0.0001471779521541,1.0,1.0,0.0,5.717574605951086,0.0,-4.616562042674559,-0.0677498026178966,1128.786635577826,0.0050397121091555,1.03326276065863,0.0,0.4664879048443874,0.0,0.0,0.0,4.616562042674559,0.0677498026178966,4.684311845292456,4.684311845292456,iid,1,3400,73400
105.0,0.0046536596572292,60000.0,0.9423319921493531,0.938860670900345,-0.0034713212490081,0.047945168447164,0.2189638519189046,351.0,334.0,351.0,385.0,0.1096866096866096,0.0,0.782325656123561,0.0233361672107861,0.7589894889127748,0.7589894889127748,0.0,15.830364424502712,0.0289652141070878,-0.0035320787648144,6.07575158062491e-05,1.0,1.0,0.0,5.294325778959319,0.0,-4.466962959242437,-0.068373330804107,1430.3007173757896,0.0036878963912587,0.7589894889127748,0.0,0.383561347577312,0.0,0.0,0.0,4.466962959242437,0.068373330804107,4.535336290046544,4.535336290046544,iid,1,3400,73400
110.0,0.0046424589777348,60000.0,0.9235351709365844,0.9186461071014403,-0.0048890638351439,0.0516914330735307,0.2273575005877983,447.0,420.0,443.0,489.0,0.1093959731543624,0.0089485458612975,1.154382597808269,0.0421736745690068,1.1122089232392618,1.1122089232392618,0.0,21.516310481412884,0.0352458764728362,-0.0051633843008088,0.0002743204656648,1.0,1.0,0.0,8.302191779948771,0.0,-7.13418780166694,-0.0557950550425694,1257.0842162165775,0.0065609933277958,1.1122089232392618,0.0,0.4135314645882458,0.0,0.0,0.0,7.13418780166694,0.0557950550425694,7.189982856709509,7.189982856709509,iid,1,3400,73400
115.0,0.0046315478830482,60000.0,0.903773900270462,0.8997183857917785,-0.0040555144786835,0.0439613175570196,0.2096695437039428,405.0,383.0,405.0,451.0,0.111358024691358,0.0,0.9529317253153238,0.0308191994029556,0.922112525912368,0.922112525912368,0.0,20.97554343580242,0.0313282545699069,-0.0042708083173216,0.0002152938386381,1.0,1.0,0.0,5.76323305896949,0.0,-4.776720000300884,-0.0644005327562382,1272.2855844152173,0.0045093997820516,0.922112525912368,0.0,0.3516905404561568,0.0,0.0,0.0,4.776720000300884,0.0644005327562382,4.841120533057122,4.841120533057122,iid,1,3400,73400
120.0,0.0046209124075087,60000.0,0.887472682952881,0.8851284057617188,-0.0023442771911621,0.050357662431432,0.2244051301361713,341.0,332.0,341.0,359.0,0.1052785923753665,0.0,0.7114487255159219,0.1175429196005293,0.5939058059153925,0.5939058059153925,0.0,11.793752474592454,0.1417902343081125,-0.0027443867074459,0.0004001095162837,1.0,1.0,0.0,5.58715350998682,0.0,-4.859562251698662,-0.1336854523727648,1254.479220523383,0.0044340152432627,0.5939058059153925,0.0,0.402861299451456,0.0,0.0,0.0,4.859562251698662,0.1336854523727648,4.993247704071427,4.993247704071427,iid,1,3400,73400
125.0,0.0046105395574086,60000.0,0.8700945087432861,0.8664080832958222,-0.0036864254474638,0.0410940629417619,0.2027167061239944,424.0,404.0,424.0,466.0,0.1099056603773585,0.0,0.8859030960636076,0.0626586121471604,0.8232444839164472,0.8232444839164472,0.0,20.033173285472905,0.0660564427224779,-0.0037956012585152,0.0001091758110513,1.0,1.0,0.0,7.603550985222682,0.0,-6.7005132212543685,-0.0797932800518665,1468.9496807503883,0.0051495271703039,0.8232444839164472,0.0,0.3287525035340955,0.0,0.0,0.0,6.7005132212543685,0.0797932800518665,6.780306501306235,6.780306501306235,iid,1,3400,73400
130.0,0.0046004172234895,60000.0,0.8528588192462921,0.8501206067562104,-0.0027382124900817,0.0340222434477403,0.1844511953003837,334.0,321.0,332.0,354.0,0.1059880239520958,0.0059880239520958,0.6912024618871868,0.0649841750054633,0.6262182868817234,0.6262182868817234,0.0,18.40614325870729,0.0859366878955951,-0.0028808653926348,0.000142652902553,1.0,1.0,0.0,5.376679701730609,0.0,-4.701608232448052,-0.0488531824008333,1160.5087215155572,0.0046116708349867,0.6262182868817234,0.0,0.2721779475819224,0.0,0.0,0.0,4.701608232448052,0.0488531824008333,4.7504614148488855,4.7504614148488855,iid,1,3400,73400
135.0,0.0045905341030286,60000.0,0.8386992652893066,0.834930351114273,-0.0037689141750335,0.0363097443541657,0.1905511594143834,398.0,378.0,394.0,430.0,0.1080402010050251,0.0100502512562814,0.8873582930829116,0.0306236694682411,0.8567346236146705,0.8567346236146705,0.0,23.595170906687432,0.0333597725418648,-0.0039328695069485,0.0001639553319149,1.0,1.0,0.0,6.474693898926489,0.0,-5.574706269967464,-0.0432530053443542,1247.547358589477,0.0051631419767128,0.8567346236146705,0.0,0.2904779548333261,0.0,0.0,0.0,5.574706269967464,0.0432530053443542,5.617959275311819,5.617959275311819,iid,1,3400,73400
140.0,0.0045808796302822,60000.0,0.8209454291820527,0.8190298995018007,-0.0019155296802519,0.0332789973389204,0.1824253198953491,646.0,617.0,640.0,688.0,0.1065015479876161,0.0092879256965944,0.7670677132647743,0.1499701402312494,0.6170975730335249,0.6170975730335249,0.0,18.54315401239017,0.163537567898117,-0.0028268497022058,0.0009113200219538,1.0,1.0,0.0,12.540103603969328,0.0,-11.76396428388216,-0.1590417470536431,1391.806846476261,0.0089294911084849,0.6170975730335249,0.0,0.2662319787113637,0.0,0.0,0.0,11.76396428388216,0.1590417470536431,11.923006030935802,11.923006030935802,iid,1,3400,73400
145.0,0.0045714439142384,60000.0,0.808127068901062,0.8054672738552094,-0.0026597950458525,0.0489257346929702,0.221191624373461,357.0,347.0,357.0,377.0,0.1056022408963585,0.0,0.7271351809472719,0.1203336104652237,0.6068015704820482,0.6068015704820482,0.0,12.402502983143432,0.1419917897680467,-0.0027739593465304,0.0001141643006779,1.0,1.0,0.0,5.651036486378871,0.0,-4.942592905480524,-0.1016420104162989,1193.4094129295909,0.0047128870684804,0.6068015704820482,0.0,0.3914058775437623,0.0,0.0,0.0,4.942592905480524,0.1016420104162989,5.044234915896823,5.044234915896823,iid,1,3400,73400
150.0,0.0045622176827774,60000.0,0.7943159924507142,0.7919091942787172,-0.0024067981719969,0.0351341423491448,0.1874410369933565,331.0,324.0,331.0,345.0,0.1042296072507553,0.0,0.6136689299668738,0.060938719466808,0.5527302105000658,0.5527302105000658,0.0,15.731996671708108,0.0903320908352651,-0.0025216755401486,0.0001148773681517,1.0,1.0,0.0,5.429590243147686,0.0,-4.785441644711682,-0.0914183879359384,1349.1582833611037,0.0040082968029979,0.5527302105000658,0.0,0.2810731387931588,0.0,0.0,0.0,4.785441644711682,0.0914183879359384,4.87686003264762,4.87686003264762,iid,1,3400,73400
1.0,0.0049950273089797,60000.0,2.3051766322135925,2.305125187730789,-5.144448280303138e-05,0.612396823706262,0.7825578724326157,5.0,2.0,3.0,5.0,0.1,0.4,0.0182146838544667,0.0069187962799333,0.0112958875745334,0.0112958875745334,0.0,0.0184453725709583,0.2752820637227861,-5.64232669139597e-05,4.978784110928326e-06,1.0,1.0,0.0,0.2969566397368908,0.0,-0.28567552689492,1.4774732562727875e-05,833.665405741508,0.0003560791867021,0.0112958875745334,0.0,4.899174589650096,4.887878702075563,4.602217949913205,0.0,0.28567552689492,0.0,4.8878934768081255,1.4774732562727875e-05,iid,5,2500,72500
5.0,0.0049756643332495,60000.0,2.1744645406246184,1.961435313987732,-0.2130292266368862,0.9917987694185884,0.9958909425326592,4733.0,1171.0,4731.0,27049.0,0.5714979928163956,0.0004225649693639,74.35558565427186,0.0213191873845062,74.33426646688736,74.33426646688736,0.0,74.94894000570653,0.0002866371951063,-0.3698623583975585,0.1568331317606722,1.0,1.0,6.186113665762606e-08,59.624341677408665,0.0,14.822828084637877,-0.1129032951591852,868.3835281630163,0.0642498233206377,74.33426646688736,0.0,7.934390155348708,0.0,0.0,0.0,0.0,0.1129032951591852,0.1129032951591852,0.1129032951591852,iid,5,2500,72500
10.0,0.0049525712910726,60000.0,1.482741148471832,1.3889205901145931,-0.0938205583572386,0.5446801830517193,0.7380245138555489,3197.0,1821.0,3195.0,8213.0,0.2568970910228339,0.0006255864873319,25.6966247077084,0.3576628418937417,25.33896186581466,25.33896186581466,0.0,46.52080735496235,0.0137276001584316,-0.1254930150822173,0.0316724567249786,1.0,1.0,1.221418077790304e-08,25.428499454341363,0.0,-0.0363122384965208,-0.053225350030182,528.7466891552212,0.045885308431332,25.33896186581466,0.0,4.357441464413754,0.0,0.0,0.0,0.0363122384965208,0.053225350030182,0.0895375885267029,0.0895375885267029,iid,5,2500,72500
15.0,0.004930605096731,60000.0,1.1765767020225528,1.1315895831108094,-0.0449871189117434,0.1507082025104707,0.3882115435049179,2387.0,1605.0,2387.0,4687.0,0.1963552576455802,0.0,10.509496452268712,0.1887532193248855,10.320743232943826,10.320743232943826,0.0,68.48162914176336,0.0176433739274257,-0.0508875091864051,0.0059003902746617,1.0,1.0,5.26835597369768e-09,16.183199254330248,0.0,-5.69125846236966,-0.1711975590167611,438.6996168776186,0.0355766335425516,10.320743232943826,0.0,1.205665620083766,0.0,0.0,0.0,5.69125846236966,0.1711975590167611,5.862456021386421,5.862456021386421,iid,5,2500,72500
20.0,0.0049096652228095,60000.0,1.0039802772998812,0.979030811738968,-0.0249494655609131,0.0601151074868256,0.2451838238685937,1783.0,1380.0,1781.0,2931.0,0.164385866517106,0.0011217049915872,5.589019622968354,0.0941806269733191,5.494838995995035,5.494838995995035,0.0,91.40529270781464,0.0165717593664389,-0.0269778199235746,0.0020283543626614,1.0,1.0,3.2261959770352174e-09,11.02967862645164,0.0,-5.371039732448253,-0.1637998980083539,435.6071783916773,0.0246949584503366,5.494838995995035,0.0,0.4809208598946048,0.0,0.0,0.0,5.371039732448253,0.1637998980083539,5.534839630456607,5.534839630456607,iid,5,2500,72500
25.0,0.0048896638427146,60000.0,0.8980822847366334,0.8821055029392244,-0.015976781797409,0.0471681733148475,0.2171823503760091,1765.0,1472.0,1761.0,2471.0,0.14,0.0022662889518413,3.6120926244716776,0.2050216322190703,3.4070709922526072,3.4070709922526072,0.0,72.23241335869436,0.0537111593816461,-0.0166594318403794,0.0006826500429704,1.0,1.0,0.0,9.675082513480447,0.0,-5.940106515954994,-0.3279050052728456,470.5366142203493,0.0201475361372614,3.4070709922526072,0.0,0.3773453865187807,0.0,0.0,0.0,5.940106515954994,0.3279050052728456,6.26801152122784,6.26801152122784,iid,5,2500,72500
30.0,0.0048705237912742,60000.0,0.822275942659378,0.8090394728183747,-0.0132364698410032,0.0546903220330097,0.2338596203559087,1650.0,1396.0,1638.0,2226.0,0.1349090909090909,0.0072727272727273,3.148476947865616,0.228479520809417,2.919997427056199,2.919997427056199,0.0,53.391483511356135,0.067658414589828,-0.0142219169389368,0.0009854470979336,1.0,1.0,0.0,9.221736709878314,0.0,-5.982936743327059,-0.3188025394950564,459.3701835983993,0.01967967502259,2.919997427056199,0.0,0.4375225762640782,0.0,0.0,0.0,5.982936743327059,0.3188025394950564,6.301739282822116,6.301739282822116,iid,5,2500,72500
35.0,0.0048521769173698,60000.0,0.761030646467209,0.751135335493088,-0.0098953109741209,0.0316659486029587,0.1779492866042421,1511.0,1320.0,1499.0,1959.0,0.129649238914626,0.0079417604235605,2.440987403711148,0.2413478302364851,2.1996395734746628,2.1996395734746628,0.0,69.46387746202365,0.0899767587518469,-0.0106730403649469,0.0007777293908259,1.0,1.0,0.0,7.668397537549026,0.0,-5.199275045246168,-0.2694829188281957,457.4103716200916,0.0164883844331104,2.1996395734746628,0.0,0.2533275888236697,0.0,0.0,0.0,5.199275045246168,0.2694829188281957,5.468757964074364,5.468757964074364,iid,5,2500,72500
40.0,0.0048345627417287,60000.0,0.7168279640197754,0.708859820318222,-0.0079681437015534,0.0308579639962745,0.1756643503852574,1615.0,1451.0,1609.0,1973.0,0.1221671826625387,0.0037151702786377,2.132282228433148,0.3115237566578557,1.8207584717752925,1.8207584717752925,0.0,59.004491417357066,0.1274748317003794,-0.0088025710693317,0.0008344273677783,1.0,1.0,0.0,8.786096989759244,0.0,-6.654709942027523,-0.3106285759564287,533.9480798166787,0.0161885824870261,1.8207584717752925,0.0,0.246863711970196,0.0,0.0,0.0,6.654709942027523,0.3106285759564287,6.965338517983952,6.965338517983952,iid,5,2500,72500
45.0,0.0048176273546297,60000.0,0.6827248307704925,0.6784650151729583,-0.0042598155975341,0.0172820303647581,0.1314611363284151,1531.0,1378.0,1531.0,1877.0,0.1225996080992815,0.0,1.5704914881928609,0.3273417414744441,1.2431497467184167,1.2431497467184167,0.0,71.9330842777288,0.1724818263045315,-0.0059890322256916,0.0017292166281575,1.0,1.0,0.0,8.538199087721296,0.0,-6.861606707707779,-0.4334426332951002,538.0374489782625,0.0156212577672149,1.2431497467184167,0.0,0.1382562429180652,0.0,0.0,0.0,6.861606707707779,0.4334426332951002,7.295049341002879,7.295049341002879,iid,5,2500,72500
50.0,0.004801322503961,60000.0,0.655364515066147,0.650505191230774,-0.004859323835373,0.0225775063540428,0.15025813240568,1694.0,1566.0,1678.0,1922.0,0.1134592680047225,0.0094451003541912,1.6012369687060757,0.3116844775434337,1.2895524911626417,1.2895524911626417,0.0,57.116692647136674,0.1629363705208727,-0.0061915573958582,0.0013322335604852,1.0,1.0,0.0,9.33308542217128,0.0,-7.550958440380441,-0.492574490628197,548.4927583405733,0.0167311814727265,1.2895524911626417,0.0,0.1806200508323429,0.0,0.0,0.0,7.550958440380441,0.492574490628197,8.043532931008638,8.043532931008638,iid,5,2500,72500
55.0,0.0047856048355997,60000.0,0.6333559822559358,0.6287377850532532,-0.0046181972026826,0.0188631234742255,0.1373430867361934,1281.0,1216.0,1275.0,1403.0,0.1095238095238095,0.0046838407494145,1.255318561067612,0.1918473291887963,1.0634712318788155,1.0634712318788155,0.0,56.3783210840949,0.1325676140382253,-0.0050893530698004,0.0004711558671177,1.0,1.0,0.0,6.306227535707876,0.0,-4.883979358295846,-0.3587769455332141,508.1659117028357,0.0122576657796116,1.0634712318788155,0.0,0.1509049877938043,0.0,0.0,0.0,4.883979358295846,0.3587769455332141,5.2427563038290605,5.2427563038290605,iid,5,2500,72500
60.0,0.0047704352566433,60000.0,0.614496402311325,0.6102749238491059,-0.004221478462219,0.0302751857201034,0.1739976600995068,1227.0,1149.0,1217.0,1365.0,0.1112469437652811,0.0081499592502037,1.2755242459453868,0.2683235822674774,1.0072006636779094,1.0072006636779094,0.0,33.268191085252454,0.173801832903496,-0.0048047855565236,0.0005833070943045,1.0,1.0,0.0,6.489647212089039,0.0,-5.103592179591487,-0.3788543688196426,527.1553789121081,0.0121609813535087,1.0072006636779094,0.0,0.2422014857608279,0.0,0.0,0.0,5.103592179591487,0.3788543688196426,5.48244654841113,5.48244654841113,iid,5,2500,72500
65.0,0.0047557783984597,60000.0,0.597050337266922,0.5929765203952789,-0.004073816871643,0.0257616049601921,0.1605042210042843,1558.0,1467.0,1522.0,1632.0,0.1047496790757381,0.0231065468549421,1.3371781995016256,0.3046494949418337,1.032528704559792,1.032528704559792,0.0,40.08013887936316,0.1855550956856667,-0.004910477708935,0.0008366608372919,1.0,1.0,0.0,8.129060218052473,0.0,-6.566949712725091,-0.5295818007675903,549.9146685753335,0.0145670666985709,1.032528704559792,0.0,0.2060928396815371,0.0,0.0,0.0,6.566949712725091,0.5295818007675903,7.096531513492681,7.096531513492681,iid,5,2500,72500
70.0,0.0047416021613943,60000.0,0.582780699300766,0.5804575286388397,-0.0023231706619263,0.0314471632713772,0.1773334804016917,1365.0,1275.0,1341.0,1485.0,0.1087912087912088,0.0175824175824176,0.9722416944447296,0.3512103637448049,0.6210313306999247,0.6210313306999247,0.0,19.748405455228436,0.2653744512855692,-0.0029446834999403,0.000621512838014,1.0,1.0,0.0,6.767272796714678,0.0,-5.554848923988629,-0.5913925420261243,542.5838393973354,0.0123186658705156,0.6210313306999247,0.0,0.2515773061710176,0.0,0.0,0.0,5.554848923988629,0.5913925420261243,6.146241466014754,6.146241466014754,iid,5,2500,72500
75.0,0.0047278773267132,60000.0,0.5681006853103638,0.565241288948059,-0.0028593963623048,0.0343812280242559,0.1854217571490896,1438.0,1358.0,1422.0,1564.0,0.1087621696801112,0.0111265646731572,1.158326346971645,0.3438693735352718,0.8144569734363731,0.8144569734363731,0.0,23.689001825698988,0.2289111657296114,-0.0038506526582933,0.0009912562959885,1.0,1.0,0.0,7.50385560572613,0.0,-6.175909400154296,-0.5134892321354609,535.9368441104962,0.0138080486236024,0.8144569734363731,0.0,0.2750498241940478,0.0,0.0,0.0,6.175909400154296,0.5134892321354609,6.689398632289757,6.689398632289757,iid,5,2500,72500
80.0,0.0047145772242381,60000.0,0.5526504043102265,0.5506170961380006,-0.0020333081722259,0.0207386595692219,0.1440092343192683,1704.0,1629.0,1686.0,1810.0,0.1062206572769953,0.0105633802816901,1.012161901921658,0.3428699808316438,0.6692919210900143,0.6692919210900143,0.0,32.27267022036974,0.2530346224289299,-0.0031554284475375,0.0011221202753116,1.0,1.0,0.0,9.638482707901858,0.0,-8.173187490802547,-0.796003296009296,582.1002509841655,0.0162884093251154,0.6692919210900143,0.0,0.1659092765537753,0.0,0.0,0.0,8.173187490802547,0.796003296009296,8.969190786811843,8.969190786811843,iid,5,2500,72500
85.0,0.0047016774463746,60000.0,0.5420864442825317,0.5398915072441101,-0.0021949370384216,0.0340032976961461,0.1843998310632256,1472.0,1402.0,1444.0,1530.0,0.1039402173913043,0.0190217391304348,1.2104639856344122,0.4363352841931167,0.7741287014412954,0.7741287014412954,0.0,22.76628309286112,0.2649596050882477,-0.0036397034561578,0.0014447664177361,1.0,1.0,0.0,8.237958556041121,0.0,-6.819404921222258,-0.644424933377568,578.5925759340498,0.0140380537001184,0.7741287014412954,0.0,0.2720263815691692,0.0,0.0,0.0,6.819404921222258,0.644424933377568,7.463829854599826,7.463829854599826,iid,5,2500,72500
90.0,0.0046891556009951,60000.0,0.529766213798523,0.528033595275879,-0.0017326185226439,0.0218989697016415,0.147983004772986,1379.0,1316.0,1359.0,1449.0,0.1050761421319797,0.0145032632342276,1.2721621090719477,0.2436753955516764,1.028486713520271,1.028486713520271,0.0,46.96507313050319,0.1607529796620119,-0.0048227342332526,0.0030901157106087,1.0,1.0,0.0,8.507662066840567,0.0,-6.944498760793522,-0.5346765925267736,555.5115823188589,0.0150839925260115,1.028486713520271,0.0,0.1751917576131327,0.0,0.0,0.0,6.944498760793522,0.5346765925267736,7.479175353320295,7.479175353320295,iid,5,2500,72500
95.0,0.0046769910970246,60000.0,0.5212302372932435,0.5196922785282135,-0.0015379587650299,0.0266703895327018,0.1633107146904387,1613.0,1528.0,1575.0,1669.0,0.1034717916924984,0.0235585864848109,0.9969097934105396,0.5004007097346177,0.4965090836759218,0.4965090836759218,0.0,18.61649163643176,0.3341996925043317,-0.0023221685639441,0.0007842097989142,1.0,1.0,0.0,9.282835807534866,0.0,-8.108495620290569,-0.6778311035683755,624.278773485883,0.0146518281274769,0.4965090836759218,0.0,0.213363116261615,0.0,0.0,0.0,8.108495620290569,0.6778311035683755,8.786326723858945,8.786326723858945,iid,5,2500,72500
100.0,0.004665164957684,60000.0,0.5132765717506409,0.5117952648162842,-0.0014813069343566,0.0345459391873409,0.1858653792058676,1979.0,1887.0,1935.0,2033.0,0.1027286508337544,0.022233451237999,1.426936785995835,0.7502591244152121,0.6766776615806229,0.6766776615806229,0.0,19.58776277324616,0.3445988120901649,-0.0031568129144535,0.0016755059800968,1.0,1.0,0.0,12.944538746145554,0.0,-11.32211834365603,-0.9457427409089014,608.8385537113354,0.0208184154621906,0.6766776615806229,0.0,0.2763675134987277,0.0,0.0,0.0,11.32211834365603,0.9457427409089014,12.267861084564933,12.267861084564933,iid,5,2500,72500
105.0,0.0046536596572292,60000.0,0.5027379192113877,0.5001793903827668,-0.0025585288286208,0.0214042026080363,0.1463017518966754,1722.0,1618.0,1682.0,1818.0,0.105574912891986,0.0232288037166086,1.0433141997680124,0.3599532849706275,0.6833609147973849,0.6833609147973849,0.0,31.92648319170796,0.2565108141429424,-0.0031801291205198,0.000621600291899,1.0,1.0,0.0,10.061164752347397,0.0,-8.498684821252084,-0.8791190162979259,611.3382563137566,0.0161911395654118,0.6833609147973849,0.0,0.1712336208642909,0.0,0.0,0.0,8.498684821252084,0.8791190162979259,9.37780383755001,9.37780383755001,iid,5,2500,72500
110.0,0.0046424589777348,60000.0,0.4963132645130158,0.4942227145910263,-0.0020905499219895,0.0312170635455895,0.1766835123761964,1664.0,1557.0,1604.0,1702.0,0.1022836538461538,0.0360576923076922,1.2485335314892714,0.5249995627377562,0.7235339687515152,0.7235339687515152,0.0,23.17751532570841,0.2960190393101014,-0.0033589767689265,0.001268426846937,1.0,1.0,0.0,9.136507249553688,0.0,-7.531789536370525,-0.8811837444316479,584.0515452135842,0.0154023790796451,0.7235339687515152,0.0,0.2497365083647164,0.0,0.0,0.0,7.531789536370525,0.8811837444316479,8.412973280802174,8.412973280802174,iid,5,2500,72500
115.0,0.0046315478830482,60000.0,0.4858775034666062,0.4843575174570084,-0.0015199860095977,0.012066972213051,0.109849771110599,1654.0,1575.0,1614.0,1696.0,0.1025392986698911,0.0241837968561063,0.823044869047451,0.3383648046836303,0.4846800643638207,0.4846800643638206,5.551115123125783e-17,40.16583910250627,0.2913397505951694,-0.0022448189260599,0.0007248329164621,1.0,1.0,0.0,9.4956284906948,0.0,-8.061176185740578,-0.9497722405903996,605.6895880466218,0.0154353977232136,0.4846800643638207,0.0,0.096535777704408,0.0,0.0,0.0,8.061176185740578,0.9497722405903996,9.010948426330978,9.010948426330978,iid,5,2500,72500
120.0,0.0046209124075087,60000.0,0.4801564153194428,0.4788491276025772,-0.0013072877168656,0.0267502087212339,0.1635549104161472,1778.0,1682.0,1726.0,1818.0,0.1022497187851518,0.0292463442069741,1.1174213801098425,0.625045047386898,0.4923763327229442,0.4923763327229442,0.0,18.40644825818136,0.3587128208173568,-0.0022752279050431,0.0009679401881775,1.0,1.0,0.0,10.49012686801143,0.0,-9.23919650134917,-0.7585540339393158,609.8749850729346,0.0169096015654246,0.4923763327229442,0.0,0.2140016697698715,0.0,0.0,0.0,9.23919650134917,0.7585540339393158,9.997750535288484,9.997750535288484,iid,5,2500,72500
125.0,0.0046105395574086,60000.0,0.4730168158531189,0.4708860017776489,-0.00213081407547,0.0146606860452326,0.121081319968163,1777.0,1669.0,1709.0,1791.0,0.1007878446820483,0.0382667416994935,0.93349738622784,0.2651692716635709,0.6683281145642691,0.668328114564269,1.1102230246251563e-16,45.58641474909653,0.221220194887237,-0.0030813532095268,0.0009505391340568,1.0,1.0,0.0,9.73616371594835,0.0,-8.07693945189294,-0.9908961494911414,644.1046737992656,0.0148907244046557,0.6683281145642691,0.0,0.1172854883618614,0.0,0.0,0.0,8.07693945189294,0.9908961494911414,9.06783560138408,9.06783560138408,iid,5,2500,72500
130.0,0.0046004172234895,60000.0,0.4695453922033311,0.4687503219604492,-0.0007950702428818,0.0453897160737623,0.2130486237312091,1592.0,1512.0,1558.0,1656.0,0.1040201005025125,0.0213567839195979,0.9331600314172208,0.5997247386775548,0.333435292739666,0.333435292739666,0.0,7.346053722781697,0.3912392831983547,-0.0015339414636388,0.000738871220757,1.0,1.0,0.0,8.787886925623752,0.0,-7.733504622472594,-0.7209470104114919,622.3169050454744,0.0139246081434067,0.333435292739666,0.0,0.3631177285900986,0.0296824358504326,0.0,0.0,7.733504622472594,0.7209470104114919,8.454451632884087,8.424769197033655,iid,5,2500,72500
135.0,0.0045905341030286,60000.0,0.4605672851085663,0.4596169135093689,-0.0009503715991974,0.0139927067670162,0.1182907721126894,1763.0,1669.0,1695.0,1747.0,0.0990924560408394,0.0385706182643221,0.7946059940007011,0.4238670656431598,0.3707389283575413,0.3707389283575413,0.0,26.49515454947228,0.3478674085474232,-0.0017018896939455,0.0007515180947481,1.0,1.0,0.0,9.442334678431507,0.0,-8.063433926985226,-1.0081618230887397,571.7030203952963,0.0162478020274868,0.3707389283575413,0.0,0.1119416541361297,0.0,0.0,0.0,8.063433926985226,1.0081618230887397,9.071595750073966,9.071595750073966,iid,5,2500,72500
140.0,0.0045808796302822,60000.0,0.4559787977457047,0.4562318453073502,0.0002530475616455,0.0242366007420444,0.1556810866548805,1835.0,1729.0,1769.0,1851.0,0.1008719346049046,0.035967302452316,0.9066827665151076,0.7705854160751135,0.136097350439994,0.136097350439994,0.0,5.615364625118375,0.4594288641933761,-0.0006234455803659,0.0008764931420114,0.0,1.0,0.0,10.458788854535667,0.0,-9.221400676922372,-1.1012908271733035,606.8955477248637,0.0169413062075259,0.136097350439994,0.0,0.1938928059363554,0.0577954554963613,0.0,0.0,9.221400676922372,1.1012908271733035,10.322691504095674,10.264896048599311,iid,5,2500,72500
145.0,0.0045714439142384,60000.0,0.4526415861845016,0.4525846497535706,-5.693643093102052e-05,0.0342890223867693,0.1851729526328544,1739.0,1631.0,1671.0,1753.0,0.1008050603795284,0.039102932719954,0.795349590287044,0.6546262570082702,0.1407233332787738,0.1407233332787738,0.0,4.104034570932325,0.4514739043614866,-0.0006433088255085,0.0005863723945775,1.0,1.0,0.0,9.902280166279525,0.0,-8.821225101761229,-0.940331731239522,614.30422442485,0.0158637888157954,0.1407233332787738,0.0,0.2743121790941548,0.133588845815381,0.0,0.0,8.821225101761229,0.940331731239522,9.76155683300075,9.627967987185368,iid,5,2500,72500
150.0,0.0045622176827774,60000.0,0.4488926283359528,0.4473957110881805,-0.0014969172477722,0.0405921048374351,0.2014748243266021,1876.0,1720.0,1772.0,1876.0,0.1,0.0554371002132195,1.5875614464978869,0.780278541378125,0.8072829051197616,0.8072829051197616,0.0,19.887682798238707,0.3295317865114892,-0.0036830003447412,0.002186083096969,1.0,1.0,0.0,11.559309252770618,0.0,-9.904065800665194,-0.8479605469856621,654.7615111404302,0.0173479634719344,0.8072829051197616,0.0,0.3247368386994814,0.0,0.0,0.0,9.904065800665194,0.8479605469856621,10.752026347650856,10.752026347650856,iid,5,2500,72500
1.0,0.0049950273089797,60000.0,2.305176632213593,2.3050945446014404,-8.208761215255933e-05,0.6123968228219241,0.7825578718675853,1.0,1.0,1.0,1.0,0.1,0.0,0.016433386132121,0.0,0.016433386132121,0.016433386132121,0.0,0.0268345385209479,0.0,-8.208521250895385e-05,-2.399643605485247e-09,1.0,1.0,0.0,0.0517959594726562,0.0,-0.0349304694682359,-0.0004321038722991,839.0605040232131,6.172708882199082e-05,0.016433386132121,0.0,4.899174582575393,4.882741196443272,4.8473786231027365,0.0,0.0349304694682359,0.0004321038722991,4.882741196443272,0.0,iid,5,2600,72600
5.0,0.0049756643332495,60000.0,2.18339183306694,1.9675273002624512,-0.215864532804489,0.9584635433937034,0.9790115134122293,4864.0,1249.0,4858.0,28072.0,0.5771381578947369,0.0012335526315789,75.1045918834352,0.0426655989484174,75.06192628448679,75.06192628448679,0.0,78.31484755143573,0.0005677598940775,-0.3734829493987268,0.1576184165942378,1.0,1.0,6.300037824757966e-08,62.95325443288312,0.0,12.304693591946489,-0.1960217403428146,886.2679653139821,0.0663209514528881,75.06192628448679,0.0,7.6677083471496275,0.0,0.0,0.0,0.0,0.1960217403428146,0.1960217403428146,0.1960217403428146,iid,5,2600,72600
10.0,0.0049525712910726,60000.0,1.4707845247268678,1.3857909010887146,-0.0849936236381532,0.404889464351639,0.6363092521342425,3424.0,1769.0,3424.0,10316.0,0.3012850467289719,0.0,27.16978968707734,0.2570648313498251,26.912724855727514,26.912724855727514,0.0,66.46931378869941,0.0093727420028101,-0.1332871884850123,0.048293564846859,1.0,1.0,2.3634317614096293e-08,27.074514496460324,0.0,-0.121093088547127,-0.0406965521856816,519.2252378332778,0.0495598147006271,26.912724855727514,0.0,3.239115714813112,0.0,0.0,0.0,0.121093088547127,0.0406965521856816,0.1617896407328087,0.1617896407328087,iid,5,2600,72600
15.0,0.004930605096731,60000.0,1.1745791771888734,1.1317644889831542,-0.0428146882057192,0.1588450420609698,0.3985536878024965,2254.0,1560.0,2254.0,4282.0,0.1899733806566104,0.0,9.712096658372516,0.2910253246394303,9.421071333733083,9.421071333733083,0.0,59.309823029396,0.0290934495384212,-0.046451582334771,0.0036368941290517,1.0,1.0,2.63417798684884e-09,14.52584305847995,0.0,-4.927376227575678,-0.1773954971711857,455.46851438491103,0.0309064201057552,9.421071333733083,0.0,1.2707603364877589,0.0,0.0,0.0,4.927376227575678,0.1773954971711857,5.104771724746864,5.104771724746864,iid,5,2600,72600
20.0,0.0049096652228095,60000.0,1.0069353960037233,0.9837716294765474,-0.0231637665271758,0.0746330227231328,0.2731904513762016,1766.0,1405.0,1762.0,2692.0,0.1524348810872027,0.0022650056625141,5.265061821710802,0.2468531673172265,5.018208654393575,5.018208654393575,0.0,67.23844849497382,0.0447853727440663,-0.0246377245112781,0.0014739579841022,1.0,1.0,1.862645149230957e-09,10.229181994101964,0.0,-5.031358928692043,-0.1796144110163453,448.0658652191378,0.0223200797309564,5.018208654393575,0.0,0.5970641817850624,0.0,0.0,0.0,5.031358928692043,0.1796144110163453,5.210973339708389,5.210973339708389,iid,5,2600,72600
25.0,0.0048896638427146,60000.0,0.9066955971240996,0.8918660096168518,-0.0148295875072478,0.0484905823700444,0.2202057727900076,1534.0,1261.0,1526.0,2202.0,0.1435462842242503,0.0052151238591916,3.3537699963321987,0.166664428658116,3.1871055676740827,3.1871055676740827,0.0,65.7262794526252,0.0473420062805386,-0.0155838748571704,0.0007542873499226,1.0,1.0,1.862645149230957e-09,8.591953782597557,0.0,-5.215137364862358,-0.1897108500611164,459.6081227616196,0.0183510302817862,3.1871055676740827,0.0,0.3879246589603556,0.0,0.0,0.0,5.215137364862358,0.1897108500611164,5.404848214923474,5.404848214923474,iid,5,2600,72600
30.0,0.0048705237912742,60000.0,0.8320853755950927,0.8180219358444215,-0.0140634397506711,0.066031424678878,0.2569658044932789,1607.0,1381.0,1603.0,2155.0,0.1341008089607965,0.0024891101431238,3.480771769517162,0.3600675890142568,3.120704180502905,3.120704180502905,0.0,47.2608942738918,0.0937471097859016,-0.0151994639566684,0.0011360242059973,1.0,1.0,0.0,8.84403546928661,0.0,-5.489808778399492,-0.233522510384212,463.44191721883135,0.0187260184618002,3.120704180502905,0.0,0.5282513974310243,0.0,0.0,0.0,5.489808778399492,0.233522510384212,5.7233312887837045,5.7233312887837045,iid,5,2600,72600
35.0,0.0048521769173698,60000.0,0.7685387879371645,0.7575322603702546,-0.0110065275669098,0.0426254277512291,0.2064592641448408,1345.0,1179.0,1343.0,1751.0,0.1301858736059479,0.0014869888475836,2.6744106998661383,0.2096072049718031,2.464803494894335,2.464803494894335,0.0,57.82472164923341,0.0726788847670421,-0.0119596626237787,0.0009531350568688,1.0,1.0,0.0,7.388089404907077,0.0,-4.674035475610253,-0.249250434402489,455.38839398930577,0.0159647036312637,2.464803494894335,0.0,0.3410034220098332,0.0,0.0,0.0,4.674035475610253,0.249250434402489,4.923285910012742,4.923285910012742,iid,5,2600,72600
40.0,0.0048345627417287,60000.0,0.7203693499565125,0.7123477952480317,-0.0080215547084807,0.0272451698713423,0.1650611095059717,1578.0,1414.0,1576.0,1950.0,0.123574144486692,0.0012674271229404,2.243319169084049,0.2110043557389715,2.032314813345078,2.032314813345078,0.0,74.59358201626604,0.0859725107977306,-0.0098253534760615,0.0018037987675807,1.0,1.0,0.0,8.345181949087419,0.0,-6.000591831301279,-0.3122753044410622,535.364186423958,0.0153486079779329,2.032314813345078,0.0,0.217961358970739,0.0,0.0,0.0,6.000591831301279,0.3122753044410622,6.312867135742341,6.312867135742341,iid,5,2600,72600
45.0,0.0048176273546297,60000.0,0.6881239689350127,0.6819794660091401,-0.0061445029258726,0.0637517293344517,0.2524910480283444,1199.0,1093.0,1191.0,1415.0,0.1180150125104253,0.0066722268557131,1.7232388771420548,0.3182526753098926,1.4049862018321622,1.4049862018321622,0.0,22.03840141278961,0.1558922322885211,-0.0067686999588239,0.0006241970329513,1.0,1.0,0.0,6.508552301616874,0.0,-4.847132155312238,-0.2564339444724735,491.4045886895474,0.0130716620345884,1.4049862018321622,0.0,0.5100138346756139,0.0,0.0,0.0,4.847132155312238,0.2564339444724735,5.103566099784711,5.103566099784711,iid,5,2600,72600
50.0,0.004801322503961,60000.0,0.6591831315517426,0.6520536061763764,-0.0071295253753661,0.0257831709211349,0.1605713888621972,1728.0,1597.0,1712.0,1984.0,0.1148148148148148,0.0092592592592593,1.9256473591432028,0.209565930556745,1.7160814285864578,1.7160814285864578,0.0,66.55819929346833,0.0981475394367718,-0.0082394603817018,0.0011099350063357,1.0,1.0,0.0,9.970827240264043,0.0,-7.801169421205714,-0.4535763904718717,581.2849316177271,0.0168638141631341,1.7160814285864578,0.0,0.2062653673690796,0.0,0.0,0.0,7.801169421205714,0.4535763904718717,8.254745811677585,8.254745811677585,iid,5,2600,72600
55.0,0.0047856048355997,60000.0,0.6332418118476869,0.62873702583313,-0.0045047860145569,0.0195795054070419,0.1399267858811956,1503.0,1404.0,1487.0,1671.0,0.1111776447105788,0.0106453759148369,1.3501390025660072,0.3139409719163222,1.036198030649685,1.036198030649685,0.0,52.92258456523653,0.1886573822955742,-0.004958834306116,0.000454048291559,1.0,1.0,0.0,7.714454088825732,0.0,-6.205324485463677,-0.4729315727123701,539.9973852416842,0.0140848773659072,1.036198030649685,0.0,0.1566360432563358,0.0,0.0,0.0,6.205324485463677,0.4729315727123701,6.678256058176047,6.678256058176047,iid,5,2600,72600
60.0,0.0047704352566433,60000.0,0.6110794498920441,0.6076072005748749,-0.0034722493171691,0.0150043583643236,0.1224922787947208,1633.0,1541.0,1623.0,1797.0,0.1100428658909981,0.0061236987140232,1.2207568112744138,0.2899426514523657,0.930814159822048,0.930814159822048,0.0,62.03625221557472,0.1919260968882755,-0.0044403886853979,0.0009681393682288,1.0,1.0,0.0,9.048233404872008,0.0,-7.580076997353899,-0.5373422476960605,569.0747879952069,0.0156510518867754,0.930814159822048,0.0,0.1200348669145889,0.0,0.0,0.0,7.580076997353899,0.5373422476960605,8.117419245049959,8.117419245049959,iid,5,2600,72600
65.0,0.0047557783984597,60000.0,0.5950238054275513,0.5917669713497162,-0.003256834077835,0.0280989665524406,0.1676274635984229,1562.0,1467.0,1538.0,1692.0,0.1083226632522407,0.0153649167733674,1.2947783598260738,0.4359153020817317,0.8588630577443421,0.8588630577443421,0.0,30.565645755741965,0.2518731718247622,-0.0040845623772555,0.0008277282994205,1.0,1.0,0.0,8.138208962860517,0.0,-6.615212601907615,-0.6641333032085601,567.791259869,0.0141305652919045,0.8588630577443421,0.0,0.2247917324195249,0.0,0.0,0.0,6.615212601907615,0.6641333032085601,7.279345905116175,7.279345905116175,iid,5,2600,72600
70.0,0.0047416021613943,60000.0,0.5775174843788148,0.5742487122535705,-0.0032687721252442,0.0222831148537506,0.149275298873426,1443.0,1366.0,1423.0,1551.0,0.1074844074844074,0.0138600138600138,1.0488785124682785,0.2762496687609852,0.7726288437072932,0.7726288437072932,0.0,34.673287319938794,0.2084701485291184,-0.0036634985952781,0.0003947264700338,1.0,1.0,0.0,7.899813435564283,0.0,-6.632052614142367,-0.495131977714623,602.2141227306292,0.0129480953757666,0.7726288437072932,0.0,0.1782649188300054,0.0,0.0,0.0,6.632052614142367,0.495131977714623,7.12718459185699,7.12718459185699,iid,5,2600,72600
75.0,0.0047278773267132,60000.0,0.5643955825328826,0.5631181870460511,-0.0012773954868314,0.0421413253028008,0.2052835241874049,1540.0,1454.0,1526.0,1680.0,0.109090909090909,0.009090909090909,1.1473231404167763,0.5648527810171005,0.5824703593996761,0.5824703593996761,0.0,13.821832968337205,0.3299034719189717,-0.0027538484056882,0.0014764529188567,1.0,1.0,0.0,8.385201134486124,0.0,-7.138340326690127,-0.664390448396321,577.4367987817659,0.0143135647614545,0.5824703593996761,0.0,0.337130602422407,0.0,0.0,0.0,7.138340326690127,0.664390448396321,7.802730775086448,7.802730775086448,iid,5,2600,72600
80.0,0.0047145772242381,60000.0,0.5528696327209472,0.5512089128017426,-0.0016607199192046,0.0285067427177527,0.1688393991867798,1572.0,1492.0,1544.0,1652.0,0.105089058524173,0.0178117048346055,1.1345467538674423,0.5680797038273564,0.5664670500400861,0.5664670500400861,0.0,19.87133555203817,0.3336490521805261,-0.0026706526524003,0.0010099327331956,1.0,1.0,0.0,8.41857081966009,0.0,-7.189916774548692,-0.6621869950713117,575.2432748470819,0.0144237127750627,0.5664670500400861,0.0,0.2280539417420223,0.0,0.0,0.0,7.189916774548692,0.6621869950713117,7.852103769620004,7.852103769620004,iid,5,2600,72600
85.0,0.0047016774463746,60000.0,0.5394282131671906,0.5384986699581147,-0.0009295432090759,0.0242516391646333,0.1557293779754908,1380.0,1297.0,1344.0,1446.0,0.1047826086956521,0.026086956521739,0.8681072119638777,0.527202027565302,0.3409051843985757,0.3409051843985757,0.0,14.056995573962077,0.3778388421932876,-0.0016028262168389,0.000673283007763,1.0,1.0,9.313225746154783e-10,7.96325781813357,0.0,-7.091822224518182,-0.5305304092168122,552.9813824569592,0.01419615635195,0.3409051843985757,0.0,0.1940131133170664,0.0,0.0,0.0,7.091822224518182,0.5305304092168122,7.622352633734994,7.622352633734994,iid,5,2600,72600
90.0,0.0046891556009951,60000.0,0.5282952268123627,0.5259828758239747,-0.002312350988388,0.0282336894131583,0.1680288350645756,1425.0,1335.0,1383.0,1483.0,0.1040701754385965,0.0294736842105263,1.1611271594190793,0.6002648453744701,0.5608623140446092,0.5608623140446092,0.0,19.86500261574805,0.3407900363694602,-0.0026299706612893,0.0003176196729013,1.0,1.0,0.0,7.323567494633608,0.0,-6.041508614020813,-0.7211965665681852,547.0303259773282,0.0132109967673637,0.5608623140446092,0.0,0.2258695153052669,0.0,0.0,0.0,6.041508614020813,0.7211965665681852,6.762705180588998,6.762705180588998,iid,5,2600,72600
95.0,0.0046769910970246,60000.0,0.5201597221374512,0.5197583123207092,-0.0004014098167419,0.0445448721110124,0.2110565614024175,1553.0,1483.0,1529.0,1625.0,0.1046361880231809,0.0154539600772698,1.0088565230012998,0.7651536423420291,0.2437028806592707,0.2437028806592707,0.0,5.4709525274183495,0.4313129976873311,-0.0011397962031626,0.0007383863864206,1.0,1.0,0.0,8.16378437745152,0.0,-7.1698394751734895,-0.7502420216187602,596.6351243332156,0.013498345086064,0.2437028806592707,0.0,0.3563589768880996,0.1126560962288288,0.0,0.0,7.1698394751734895,0.7502420216187602,7.92008149679225,7.807425400563421,iid,5,2600,72600
100.0,0.004665164957684,60000.0,0.5101246501684189,0.508390601849556,-0.0017340483188629,0.0485130868859629,0.2202568656954034,1916.0,1815.0,1878.0,2016.0,0.1052192066805845,0.0198329853862212,1.515573296216703,0.8153073677159401,0.7002659285007629,0.7002659285007627,1.1102230246251563e-16,14.434577831479562,0.3497851178448407,-0.0032668560707018,0.0015328077518389,1.0,1.0,0.0,11.0571559885866,0.0,-9.250507836769655,-1.106382223316181,613.2577407549488,0.0177108636142776,0.7002659285007629,0.0,0.3881046950877037,0.0,0.0,0.0,9.250507836769655,1.106382223316181,10.356890060085838,10.356890060085838,iid,5,2600,72600
105.0,0.0046536596572292,60000.0,0.5002916436672212,0.4986879760980606,-0.0016036675691605,0.0240189223914994,0.1549803935712495,1527.0,1453.0,1493.0,1575.0,0.1031434184675835,0.0222658808120497,0.9538292244769084,0.4823652373199705,0.4714639871569379,0.4714639871569379,0.0,19.628856760193163,0.3358634573179349,-0.0021940329368686,0.0005903653677081,1.0,1.0,0.0,7.935720161956851,0.0,-6.766116669332405,-0.6981395054675086,574.5240769935244,0.013624494258165,0.4714639871569379,0.0,0.1921513791319952,0.0,0.0,0.0,6.766116669332405,0.6981395054675086,7.464256174799914,7.464256174799914,iid,5,2600,72600
110.0,0.0046424589777348,60000.0,0.4911588387966156,0.4883271756410599,-0.0028316631555557,0.0243023659388816,0.1558921612489916,1600.0,1500.0,1546.0,1640.0,0.1025,0.0337499999999999,1.0919299207361437,0.2852620526068636,0.80666786812928,0.80666786812928,0.0,33.19297677263117,0.2071331071690871,-0.0037449224864469,0.0009132593308912,1.0,1.0,0.0,8.786909264803398,0.0,-7.294014281209002,-0.6862271154651167,585.7347406091867,0.0147797969454363,0.80666786812928,0.0,0.1944189275110528,0.0,0.0,0.0,7.294014281209002,0.6862271154651167,7.980241396674119,7.980241396674119,iid,5,2600,72600
115.0,0.0046315478830482,60000.0,0.483043826007843,0.4838849452733994,0.0008411192655564,0.0155513421004306,0.1247050203497461,1807.0,1697.0,1759.0,1885.0,0.1043165467625899,0.0265633646928611,1.064539800506262,0.5042472422588098,0.5602925582474523,0.5602925582474523,0.0,36.02856619249204,0.3214249152453776,-0.0025950218120386,0.003436141077595,0.0,1.0,0.0,10.726977656478994,0.0,-9.142734772605309,-1.0239503256262328,625.4426060449623,0.0168618210164433,0.5602925582474523,0.0,0.1244107368034448,0.0,0.0,0.0,9.142734772605309,1.0239503256262328,10.16668509823154,10.16668509823154,iid,5,2600,72600
120.0,0.0046209124075087,60000.0,0.479761036157608,0.4784435904502869,-0.0013174457073211,0.0440750906522325,0.2099406836519127,1655.0,1557.0,1605.0,1701.0,0.1027794561933534,0.0302114803625377,1.3817368601832074,0.918203155455604,0.4635337047276033,0.4635337047276033,0.0,10.5169087089359,0.3992291752011506,-0.0021419486474742,0.0008245029401531,1.0,1.0,0.0,9.55152660724707,0.0,-8.210583010594576,-0.8774098919248905,626.280881803983,0.0150220820469244,0.4635337047276033,0.0,0.3526007252178601,0.0,0.0,0.0,8.210583010594576,0.8774098919248905,9.087992902519469,9.087992902519469,iid,5,2600,72600
125.0,0.0046105395574086,60000.0,0.470074574971199,0.4709240482091903,0.0008494732379913,0.0144658734658612,0.1202741595932444,1758.0,1663.0,1714.0,1820.0,0.1035267349260523,0.0250284414106939,0.67382849739937,0.6306582157622822,0.0431702816370878,0.0431702816370878,0.0,2.9842844774612174,0.483453153948783,-0.0001990382911922,0.0010485115291836,0.0,1.0,0.0,9.548473886563444,0.0,-8.583388594323878,-0.9219150106024764,615.637066315714,0.0152730242025016,0.0431702816370878,0.0,0.1157269877268899,0.0725567060898021,0.0,0.0,8.583388594323878,0.9219150106024764,9.505303604926354,9.432746898836552,iid,5,2600,72600
130.0,0.0046004172234895,60000.0,0.4678187131643295,0.467108507013321,-0.0007102061510085,0.0261050089428178,0.1615704457591729,1467.0,1384.0,1419.0,1489.0,0.1014996591683708,0.0327198364008179,0.9048194885804576,0.4881138578666606,0.416705630713797,0.416705630713797,0.0,15.962669525476006,0.3504215468110279,-0.0019170197606608,0.0012068136096523,1.0,1.0,0.0,8.323109515942633,0.0,-7.128296492370907,-0.7781073928579287,591.8620523642712,0.013867569617797,0.416705630713797,0.0,0.2088400715425427,0.0,0.0,0.0,7.128296492370907,0.7781073928579287,7.906403885228836,7.906403885228836,iid,5,2600,72600
135.0,0.0045905341030286,60000.0,0.4611841136455537,0.4589072834253312,-0.0022768302202225,0.0184803888557302,0.1359425939716109,1603.0,1501.0,1551.0,1655.0,0.103243917654398,0.0324391765439799,1.0549750495524188,0.3242792100566866,0.7306958394957321,0.7306958394957321,0.0,39.53898617610329,0.2351119873638024,-0.0033542841701463,0.0010774539499237,1.0,1.0,0.0,9.06398309348151,0.0,-7.524216326576834,-0.8090709274089447,599.3534566059207,0.0148976385324518,0.7306958394957321,0.0,0.1478431108458421,0.0,0.0,0.0,7.524216326576834,0.8090709274089447,8.333287253985779,8.333287253985779,iid,5,2600,72600
140.0,0.0045808796302822,60000.0,0.4547844435453414,0.4541549698114396,-0.0006294737339018,0.0163662265627055,0.1279305536715353,1864.0,1748.0,1794.0,1888.0,0.1012875536480686,0.0375536480686695,1.1530183825766678,0.4036781737948935,0.7493402087817742,0.7493402087817742,0.0,45.785765332696,0.259317188146038,-0.0034326372985598,0.002803163564658,1.0,1.0,0.0,10.875328067340888,0.0,-9.06983505181779,-1.0561528067413235,630.7199365115084,0.0169504493997155,0.7493402087817742,0.0,0.1309298125016447,0.0,0.0,0.0,9.06983505181779,1.0561528067413235,10.125987858559114,10.125987858559114,iid,5,2600,72600
145.0,0.0045714439142384,60000.0,0.4523845075845719,0.4498258514881134,-0.0025586560964584,0.0397301476157635,0.1993242273677826,1758.0,1636.0,1682.0,1774.0,0.100910125142207,0.043230944254835,1.490586236024388,0.5404053927311239,0.950180843293264,0.950180843293264,0.0,23.915864911517875,0.266079576636294,-0.0043436984334989,0.0017850423370404,1.0,1.0,0.0,10.568787067284577,0.0,-8.707320811455702,-0.9112854125356088,633.6402364742062,0.0164058351886837,0.950180843293264,0.0,0.3178411809261081,0.0,0.0,0.0,8.707320811455702,0.9112854125356088,9.61860622399131,9.61860622399131,iid,5,2600,72600
150.0,0.0045622176827774,60000.0,0.4482678743839263,0.4464167240858078,-0.0018511502981185,0.0398352905067796,0.1995878014979362,1392.0,1321.0,1346.0,1396.0,0.100287356321839,0.0330459770114942,1.26072154113767,0.5760403064814987,0.6846812346561713,0.6846812346561713,0.0,17.18780573571177,0.3136173082145454,-0.0031236648358142,0.0012725145376956,1.0,1.0,0.0,7.898144879029132,0.0,-6.357528478980157,-0.855935165392804,545.7069542188547,0.0142667487924143,0.6846812346561713,0.0,0.3186823240542369,0.0,0.0,0.0,6.357528478980157,0.855935165392804,7.213463644372961,7.213463644372961,iid,5,2600,72600
1.0,0.0049950273089797,60000.0,2.305176560688019,2.305057590675354,-0.0001189700126649,0.6123968220985337,0.7825578714053892,2.0,2.0,2.0,2.0,0.1,0.0,0.0240636455127969,0.0,0.0240636455127969,0.0240636455127969,0.0,0.0392942037653571,0.0,-0.00012019856649,1.2285538251079078e-06,1.0,1.0,0.0,0.105642195791006,0.0,-0.0817264635115861,0.000147913233377,837.3964115808394,0.0001261396259443,0.0240636455127969,0.0,4.89917457678827,4.875110931275473,4.793532380997264,0.0,0.0817264635115861,0.0,4.87525884450885,0.000147913233377,iid,5,2700,72700
5.0,0.0049756643332495,60000.0,2.1800938821792606,1.9658027610778808,-0.2142911211013793,0.9568696075464468,0.9781971210070324,4746.0,1166.0,4742.0,27872.0,0.5872734934681837,0.000842815002107,72.93936802723192,0.0535655180392495,72.88580250919267,72.88580250919267,0.0,76.17109158277323,0.0007338452564867,-0.3626552879452596,0.1483641668438802,1.0,1.0,6.35213908140031e-08,58.48942973837256,0.0,14.556716960810263,-0.1603441899901554,861.7067668550008,0.0635619120736472,72.88580250919267,0.0,7.654956860371574,0.0,0.0,0.0,0.0,0.1603441899901554,0.1603441899901554,0.1603441899901554,iid,5,2700,72700
10.0,0.0049525712910726,60000.0,1.4737417409896851,1.3869421234130863,-0.0867996175765988,0.4652752387638427,0.6821108698473018,2954.0,1767.0,2950.0,6886.0,0.2331076506431956,0.001354096140826,21.343150051330028,0.4823737846344897,20.860776266695535,20.860776266695535,0.0,44.83534589573061,0.0221013611521948,-0.1033144816479251,0.0165148640713263,1.0,1.0,1.0860993882033654e-08,23.15136038040509,0.0,-2.1391663554054503,-0.1514177583041061,498.4042328265132,0.044389055897288,20.860776266695535,0.0,3.722201910110742,0.0,0.0,0.0,2.1391663554054503,0.1514177583041061,2.2905841137095564,2.2905841137095564,iid,5,2700,72700
15.0,0.004930605096731,60000.0,1.1733046250343324,1.1313306381225587,-0.0419739869117736,0.1678328428741501,0.4096740690770531,2202.0,1575.0,2202.0,4128.0,0.1874659400544959,0.0,9.702876547059514,0.2876598358263482,9.415216711233166,9.415216711233166,0.0,56.098773934808406,0.0287932323953215,-0.0464227155032334,0.0044487285914597,1.0,1.0,5.587935447692871e-09,13.562575327057855,0.0,-3.8716179470675343,-0.2757406687571571,426.4110375164287,0.030825883487432,9.415216711233166,0.0,1.3426627429932008,0.0,0.0,0.0,3.8716179470675343,0.2757406687571571,4.147358615824691,4.147358615824691,iid,5,2700,72700
20.0,0.0049096652228095,60000.0,1.002309016132355,0.979682433271408,-0.0226265828609466,0.0784887119476406,0.2801583694049504,1864.0,1493.0,1860.0,2810.0,0.1507510729613733,0.0021459227467811,5.487056141762606,0.3504226922076086,5.1366334495549975,5.1366334495549975,0.0,65.44423168750194,0.0600298009079507,-0.0252191506096004,0.0025925677486538,1.0,1.0,0.0,10.611234494601376,0.0,-5.294417009845347,-0.1801840352010322,440.729926114152,0.023510451562382,5.1366334495549975,0.0,0.6279096955811253,0.0,0.0,0.0,5.294417009845347,0.1801840352010322,5.474601045046379,5.474601045046379,iid,5,2700,72700
25.0,0.0048896638427146,60000.0,0.8993937071800233,0.8817011752605438,-0.0176925319194795,0.0793854348832324,0.28175421005414,1667.0,1381.0,1661.0,2415.0,0.144871025794841,0.0035992801439711,4.264579443567133,0.4448204513316121,3.8197589922355206,3.8197589922355206,0.0,48.11662237353716,0.0944537438439756,-0.0186773374322181,0.0009848055127386,1.0,1.0,2.63417798684884e-09,9.669867593678646,0.0,-5.54900272658233,-0.3011058748607951,457.2427179405022,0.0207102311937375,3.8197589922355206,0.0,0.6350834790658598,0.0,0.0,0.0,5.54900272658233,0.3011058748607951,5.850108601443125,5.850108601443125,iid,5,2700,72700
30.0,0.0048705237912742,60000.0,0.8197724487781526,0.8051293064594269,-0.0146431423187256,0.0701565510629525,0.264870819576171,1578.0,1322.0,1574.0,2208.0,0.1399239543726236,0.0025348542458808,3.4999864416992423,0.3350791148647341,3.1649073268345083,3.1649073268345083,0.0,45.11207120194079,0.0873724607630822,-0.0154147564325257,0.0007716141138,1.0,1.0,0.0,9.113302200392354,0.0,-5.691862333560948,-0.2565325399968978,456.25776225826667,0.0195828724568283,3.1649073268345083,0.0,0.5612524085036201,0.0,0.0,0.0,5.691862333560948,0.2565325399968978,5.948394873557846,5.948394873557846,iid,5,2700,72700
35.0,0.0048521769173698,60000.0,0.7600512533664702,0.7495983948230743,-0.0104528585433958,0.0305025389452681,0.1746497607936183,1596.0,1408.0,1580.0,1994.0,0.1249373433583959,0.0100250626566416,2.449888479989676,0.1873434494348202,2.262545030554856,2.262545030554856,0.0,74.17562959642892,0.0710379118895708,-0.010978268771768,0.0005254102283722,1.0,1.0,0.0,8.764860075723846,0.0,-6.263856918673355,-0.2384581264956349,484.046388425104,0.0177854302278758,2.262545030554856,0.0,0.2440203115621449,0.0,0.0,0.0,6.263856918673355,0.2384581264956349,6.50231504516899,6.50231504516899,iid,5,2700,72700
40.0,0.0048345627417287,60000.0,0.7143699680328369,0.7075157954216003,-0.0068541726112366,0.017664301540316,0.1329071162139785,1614.0,1456.0,1596.0,1914.0,0.1185873605947955,0.0111524163568773,1.8839335247830449,0.2238113456008701,1.6601221791821748,1.6601221791821748,0.0,93.98176176925,0.1061852166007663,-0.0080259648341916,0.001171792222955,1.0,1.0,0.0,9.282190139696468,0.0,-7.312948140629942,-0.309119819884351,514.3431288511401,0.0177267786775201,1.6601221791821748,0.0,0.141314412322528,0.0,0.0,0.0,7.312948140629942,0.309119819884351,7.622067960514293,7.622067960514293,iid,5,2700,72700
45.0,0.0048176273546297,60000.0,0.685641774559021,0.6805447745800018,-0.0050969999790191,0.0324886404147884,0.1802460551989652,1277.0,1163.0,1269.0,1509.0,0.118167580266249,0.0062646828504306,1.5298771559764504,0.3206553136223391,1.2092218423541112,1.2092218423541112,0.0,37.21983520749881,0.173277323629917,-0.0058255802255409,0.0007285802465218,1.0,1.0,0.0,6.705125409993343,0.0,-5.193081306651436,-0.3028222609877957,469.3243551940086,0.0140855255466229,1.2092218423541112,0.0,0.2599091233183074,0.0,0.0,0.0,5.193081306651436,0.3028222609877957,5.495903567639232,5.495903567639232,iid,5,2700,72700
50.0,0.004801322503961,60000.0,0.658322728252411,0.6544241015911103,-0.0038986266613006,0.0155372598456773,0.1246485453010878,1404.0,1302.0,1398.0,1606.0,0.1143874643874643,0.0042735042735042,1.1704066420156396,0.2269309190473119,0.9434757229683276,0.9434757229683276,0.0,60.7234307940608,0.1624023610119562,-0.0045299312206287,0.000631304559328,1.0,1.0,0.0,7.311702892882749,0.0,-6.088290576120471,-0.2799365937939507,543.7974732157327,0.0132672494123772,0.9434757229683276,0.0,0.1242980787654187,0.0,0.0,0.0,6.088290576120471,0.2799365937939507,6.368227169914422,6.368227169914422,iid,5,2700,72700
55.0,0.0047856048355997,60000.0,0.6366961278915406,0.6317019397735596,-0.004994188117981,0.0167509854807792,0.1294255982438532,1347.0,1259.0,1337.0,1527.0,0.1133630289532294,0.0074239049740163,1.2706682936106437,0.1203392662698189,1.1503290273408249,1.1503290273408244,2.220446049250313e-16,68.67231952775288,0.0865123021187321,-0.0055050201557729,0.0005108320377919,1.0,1.0,0.0,7.212010684306733,0.0,-5.645346482362356,-0.4163351746035526,506.1019821124428,0.0140499008121962,1.1503290273408244,2.220446049250313e-16,0.1340078838462343,0.0,0.0,0.0,5.645346482362356,0.4163351746035526,6.061681656965909,6.061681656965909,iid,5,2700,72700
60.0,0.0047704352566433,60000.0,0.6154172305583955,0.6123685507297516,-0.0030486798286438,0.0115281764364235,0.1073693458880304,1303.0,1229.0,1291.0,1437.0,0.1102839600920951,0.0092095165003837,0.9747829586026112,0.1385154139892561,0.8362675446133552,0.8362675446133552,0.0,72.54118196622576,0.1244189494922001,-0.0039893601788101,0.0009406803501662,1.0,1.0,0.0,6.743289064208511,0.0,-5.396268022448908,-0.5107534971462484,506.03974776168616,0.0131503746807795,0.8362675446133552,0.0,0.0922254114913882,0.0,0.0,0.0,5.396268022448908,0.5107534971462484,5.9070215195951565,5.9070215195951565,iid,5,2700,72700
65.0,0.0047557783984597,60000.0,0.5995412848472595,0.5962528756141663,-0.0032884092330932,0.0232446340202491,0.1524619100636258,1464.0,1356.0,1422.0,1562.0,0.1066939890710382,0.0286885245901639,1.2349776254758251,0.4373776518509515,0.7975999736248736,0.7975999736248736,0.0,34.313294540583385,0.2615339322814768,-0.0037932087251772,0.0005047994920839,1.0,1.0,0.0,7.457070235279389,0.0,-6.116512267474718,-0.5429579941797971,543.0128297659176,0.0135467356803036,0.7975999736248736,0.0,0.1859570721619931,0.0,0.0,0.0,6.116512267474718,0.5429579941797971,6.659470261654516,6.659470261654516,iid,5,2700,72700
70.0,0.0047416021613943,60000.0,0.5838329873561859,0.5818647663593293,-0.0019682209968566,0.0399240525166123,0.199810041080553,1498.0,1394.0,1466.0,1614.0,0.1077436582109479,0.0213618157543391,1.223238718038317,0.6231421170129652,0.6000966010253519,0.6000966010253519,0.0,15.03095410406178,0.3374938177343342,-0.0028454193404671,0.0008771983436105,1.0,1.0,0.0,8.264632160193287,0.0,-7.170546183675697,-0.4939893754922382,560.0926527350493,0.0145412619488401,0.6000966010253519,0.0,0.3193924201328985,0.0,0.0,0.0,7.170546183675697,0.4939893754922382,7.664535559167935,7.664535559167935,iid,5,2700,72700
75.0,0.0047278773267132,60000.0,0.5693661322593689,0.5670925200939178,-0.0022736121654511,0.0281696443165075,0.1678381491690954,1245.0,1177.0,1225.0,1327.0,0.1065863453815261,0.0160642570281124,0.9057517415971555,0.3252642203666669,0.5804875212304887,0.5804875212304887,0.0,20.60684596185408,0.264224210259449,-0.0027444737900656,0.0004708616246144,1.0,1.0,0.0,6.45395853149239,0.0,-5.421094793530756,-0.4523762167311451,522.9230695740553,0.0121916104946767,0.5804875212304887,0.0,0.2253571545320601,0.0,0.0,0.0,5.421094793530756,0.4523762167311451,5.873471010261901,5.873471010261901,iid,5,2700,72700
80.0,0.0047145772242381,60000.0,0.5564105083465576,0.554398592376709,-0.0020119159698486,0.0306776094325169,0.1751502481657305,1654.0,1551.0,1618.0,1758.0,0.1062877871825876,0.0217654171704957,1.3019198773516063,0.5778530292813446,0.7240668480702619,0.7240668480702619,0.0,23.60245343311468,0.307405765474296,-0.0034136690707379,0.0014017531008893,1.0,1.0,0.0,9.13072559676948,0.0,-7.676393294423747,-0.7302654542754714,591.920847030553,0.0151912514875506,0.7240668480702619,0.0,0.2454208754601359,0.0,0.0,0.0,7.676393294423747,0.7302654542754714,8.406658748699218,8.406658748699218,iid,5,2700,72700
85.0,0.0047016774463746,60000.0,0.5427181418895721,0.5403241996765137,-0.0023939422130584,0.0196948862191239,0.1403384702037326,1395.0,1317.0,1367.0,1471.0,0.1054480286738351,0.0200716845878136,0.8708255300899364,0.2867575074595834,0.584068022630353,0.584068022630353,0.0,29.655821116814383,0.2477208961757236,-0.0027460994491497,0.0003521572360913,1.0,1.0,9.313225746154783e-10,7.570948124921415,0.0,-6.450308456703624,-0.5365716455874381,559.3225286481684,0.0133551512499619,0.584068022630353,0.0,0.1575590897529916,0.0,0.0,0.0,6.450308456703624,0.5365716455874381,6.986880102291062,6.986880102291062,iid,5,2700,72700
90.0,0.0046891556009951,60000.0,0.5295262451171875,0.5283365025997162,-0.0011897425174712,0.0128959271667614,0.1135602358519983,1549.0,1461.0,1523.0,1649.0,0.1064557779212395,0.0167850225952227,0.7610330424753435,0.2703863778357593,0.4906466646395842,0.4906466646395842,0.0,38.04663738363826,0.2621497836003551,-0.0023007185556042,0.001110976038133,1.0,1.0,0.0,8.461034035484772,0.0,-7.320417819139038,-0.6499695517061497,567.5010476415337,0.0146902622666563,0.4906466646395842,0.0,0.1031674173340919,0.0,0.0,0.0,7.320417819139038,0.6499695517061497,7.970387370845188,7.970387370845188,iid,5,2700,72700
95.0,0.0046769910970246,60000.0,0.5221338694572448,0.5193627730846406,-0.0027710963726041,0.0261833290277712,0.1618126355627742,1523.0,1445.0,1489.0,1579.0,0.1036769533814839,0.0223243598161523,1.1752053305673869,0.4206925033428987,0.7545128272244881,0.7545128272244881,0.0,28.816535377308902,0.2636086686778148,-0.0035288497755198,0.0007577534029156,1.0,1.0,0.0,8.33163359441096,0.0,-6.819842875527058,-0.7572778916594132,557.3211792225738,0.0147292356824302,0.7545128272244881,0.0,0.2094666322221696,0.0,0.0,0.0,6.819842875527058,0.7572778916594132,7.577120767186471,7.577120767186471,iid,5,2700,72700
100.0,0.004665164957684,60000.0,0.5125611790418626,0.5102106489181519,-0.0023505301237106,0.0159456948961927,0.1262762641837047,1642.0,1532.0,1600.0,1740.0,0.1059683313032886,0.0255785627283799,1.008333296404512,0.3160294550475164,0.6923038413569955,0.6923038413569955,0.0,43.41634816569144,0.238627562351042,-0.0032297116207687,0.000879181497058,1.0,1.0,0.0,9.839545966358855,0.0,-8.39532453361926,-0.7519175913826004,589.9920991866966,0.0164038460555847,0.6923038413569955,0.0,0.1275655591695423,0.0,0.0,0.0,8.39532453361926,0.7519175913826004,9.14724212500186,9.14724212500186,iid,5,2700,72700
105.0,0.0046536596572292,60000.0,0.5041473771333694,0.5019753130674363,-0.0021720640659331,0.0230774266960182,0.1519125626668783,1748.0,1628.0,1688.0,1812.0,0.1036613272311212,0.034324942791762,1.2427166503415543,0.5522112927619811,0.6905053575795734,0.6905053575795734,0.0,29.921245842315383,0.3076509532784783,-0.0032133769256687,0.0010413128597355,1.0,1.0,0.0,10.166933063883334,0.0,-8.579661515230782,-0.8967661910729787,571.9133624089409,0.0174665473869455,0.6905053575795734,0.0,0.1846194135681458,0.0,0.0,0.0,8.579661515230782,0.8967661910729787,9.47642770630376,9.47642770630376,iid,5,2700,72700
110.0,0.0046424589777348,60000.0,0.4971033701896667,0.4953252161979675,-0.0017781539916992,0.0301284139222687,0.1735753839755762,1889.0,1785.0,1835.0,1937.0,0.1025410269984118,0.0285865537321333,1.160370196342492,0.4651799586529153,0.6951902376895767,0.6951902376895767,0.0,23.0742394698628,0.2861677058830766,-0.0032273921601955,0.0014492381684963,1.0,1.0,9.313225746154783e-10,11.171162838232704,0.0,-9.720097396303686,-0.755875204239441,604.4414026441118,0.0181464178358345,0.6951902376895767,0.0,0.2410273113781497,0.0,0.0,0.0,9.720097396303686,0.755875204239441,10.475972600543129,10.475972600543129,iid,5,2700,72700
115.0,0.0046315478830482,60000.0,0.4915249799489976,0.4897492190122604,-0.0017757609367371,0.0558022337111952,0.2362249641997967,1556.0,1456.0,1512.0,1632.0,0.1048843187660668,0.0282776349614395,1.4164491692313064,0.7958173939435987,0.6206317752877076,0.6206317752877076,0.0,11.121988028289165,0.3597294318825177,-0.0028744857849862,0.0010987248482491,1.0,1.0,0.0,9.031674448924605,0.0,-7.556774490564067,-0.8542681830728306,556.0197887508948,0.015983808621217,0.6206317752877076,0.0,0.446417869689562,0.0,0.0,0.0,7.556774490564067,0.8542681830728306,8.411042673636898,8.411042673636898,iid,5,2700,72700
120.0,0.0046209124075087,60000.0,0.4809757769346237,0.480018098282814,-0.0009576786518096,0.0127634035619107,0.1129752342857086,1663.0,1567.0,1611.0,1703.0,0.1024052916416115,0.03126879134095,0.7524434196787979,0.3273175754791015,0.4251258441996963,0.4251258441996963,0.0,33.3081879090919,0.3031389140253543,-0.001964469288215,0.0010067906364053,1.0,1.0,0.0,9.282813365920449,0.0,-7.96391200400376,-0.8937755177169908,581.5300619693699,0.0157119347824848,0.4251258441996963,0.0,0.102107228495286,0.0,0.0,0.0,7.96391200400376,0.8937755177169908,8.85768752172075,8.85768752172075,iid,5,2700,72700
125.0,0.0046105395574086,60000.0,0.4751465723752975,0.4734269063711167,-0.0017196660041808,0.0226371781606036,0.1504565656945674,1632.0,1540.0,1574.0,1642.0,0.1006127450980392,0.0355392156862744,0.9378751025048936,0.4471456256493233,0.4907294768555701,0.4907294768555701,0.0,21.67803218996636,0.3228439954434641,-0.002262527665029,0.0005428616608482,1.0,1.0,0.0,8.8659511077567,0.0,-7.599170296007117,-0.7760513348940137,600.7623201018614,0.0145432085853974,0.4907294768555701,0.0,0.1810974252848294,0.0,0.0,0.0,7.599170296007117,0.7760513348940137,8.37522163090113,8.37522163090113,iid,5,2700,72700
130.0,0.0046004172234895,60000.0,0.4681793397903442,0.4677122987985611,-0.0004670409917831,0.012650986251229,0.1124766031280686,1566.0,1486.0,1526.0,1612.0,0.1029374201787994,0.0255427841634737,0.7158979670889782,0.4061988192317414,0.3096991478572368,0.3096991478572368,0.0,24.48023748560705,0.361999806240993,-0.0014247452939024,0.0009577043021193,1.0,1.0,0.0,8.411128352978267,0.0,-7.454997730274044,-0.6464314748469855,613.8581211708333,0.013516863253993,0.3096991478572368,0.0,0.1012078900098324,0.0,0.0,0.0,7.454997730274044,0.6464314748469855,8.101429205121029,8.101429205121029,iid,5,2700,72700
135.0,0.0045905341030286,60000.0,0.4655468971729279,0.4652736065864564,-0.0002732905864715,0.0300597225396622,0.1733773991605082,1502.0,1448.0,1486.0,1564.0,0.1041278295605858,0.010652463382157,0.7857204603978705,0.6178904319635361,0.1678300284343343,0.1678300284343343,0.0,5.58321947958407,0.4402149023822476,-0.00077042946904,0.0004971388825685,1.0,1.0,0.0,8.191525825997815,0.0,-7.395242893993782,-0.6284529035696984,605.8767094563009,0.0133397647937806,0.1678300284343343,0.0,0.2404777803172976,0.0726477518829633,0.0,0.0,7.395242893993782,0.6284529035696984,8.02369579756348,7.951048045680517,iid,5,2700,72700
140.0,0.0045808796302822,60000.0,0.4615507796049118,0.4600349095582963,-0.0015158700466155,0.0377785145163459,0.1943669583966009,1587.0,1509.0,1551.0,1635.0,0.1030245746691871,0.0226843100189035,1.2190213830291274,0.7241519163507388,0.4948694666783886,0.4948694666783886,0.0,13.099230422738533,0.3726646082373819,-0.0022669374595556,0.0007510674129401,1.0,1.0,0.0,9.426957420888357,0.0,-8.189601651682892,-0.742486302527076,612.0438346215815,0.0151687859535708,0.4948694666783886,0.0,0.3022281161307679,0.0,0.0,0.0,8.189601651682892,0.742486302527076,8.932087954209969,8.932087954209969,iid,5,2700,72700
145.0,0.0045714439142384,60000.0,0.4539790609598159,0.4537688376188278,-0.000210223340988,0.0097290228786679,0.098635809312176,1639.0,1525.0,1581.0,1697.0,0.1035387431360585,0.0353874313605857,0.5490429801520067,0.3478296623393264,0.2012133178126802,0.2012133178126802,0.0,20.681760164616787,0.3878250331876832,-0.0009198353971784,0.0007096120561904,1.0,1.0,0.0,9.518721110769548,0.0,-8.377317314620086,-0.9401904783367812,643.7537061737603,0.0145708294322725,0.2012133178126802,0.0,0.0778321830293436,0.0,0.0,0.0,8.377317314620086,0.9401904783367812,9.317507792956867,9.317507792956867,iid,5,2700,72700
150.0,0.0045622176827774,60000.0,0.449910895562172,0.44887129945755,-0.0010395961046219,0.0119779868897261,0.1094439897377929,1910.0,1781.0,1830.0,1928.0,0.1009424083769633,0.0418848167539267,0.8242586756615956,0.3721585457884906,0.452100129873105,0.452100129873105,0.0,37.74424985060591,0.3110608399112022,-0.002062579206893,0.001022983102271,1.0,1.0,0.0,12.382939376402646,0.0,-11.038597758045398,-0.8922414884841431,656.6258579301211,0.0185093819786185,0.452100129873105,0.0,0.095823895117809,0.0,0.0,0.0,11.038597758045398,0.8922414884841431,11.93083924652954,11.93083924652954,iid,5,2700,72700
1.0,0.0049950273089797,60000.0,2.305176560688019,2.3050125072479246,-0.0001640534400944,0.6123968229589202,0.7825578719551163,2.0,1.0,2.0,4.0,0.2,0.0,0.032866776920855,0.0,0.032866776920855,0.032866776920855,0.0,0.0536690846338041,0.0,-0.0001641704482778,1.1700818341344573e-07,1.0,1.0,0.0,0.1085048913955688,0.0,-0.0761521887034177,0.0005140742287039,818.5259515853031,0.0001325437630154,0.032866776920855,0.0,4.899174583671361,4.866307806750506,4.7906696922757925,0.0,0.0761521887034177,0.0,4.86682188097921,0.0005140742287039,iid,5,2800,72800
5.0,0.0049756643332495,60000.0,2.1749657137393954,1.9669301417350769,-0.2080355720043185,0.9692502127926954,0.9845050598106112,4859.0,1185.0,4857.0,28475.0,0.5860259312615764,0.0004116073266103,74.99006343803467,0.021589081527054,74.96847435650761,74.96847435650761,0.0,77.34687428182383,0.0002878097042512,-0.3730179639738074,0.1649823919694888,1.0,1.0,6.46313722540981e-08,60.47935002739541,0.0,14.68774380472314,-0.1986194756109398,867.2988745198381,0.0651872919920167,74.96847435650761,0.0,7.754001702341563,0.0,0.0,0.0,0.0,0.1986194756109398,0.1986194756109398,0.1986194756109398,iid,5,2800,72800
10.0,0.0049525712910726,60000.0,1.484661072731018,1.397035959339142,-0.0876251133918761,0.5242820172145888,0.724073212606701,2877.0,1635.0,2873.0,7159.0,0.248835592631213,0.0013903371567605,19.973717304073325,0.4390649011768772,19.534652402896448,19.534652402896448,0.0,37.259817734509305,0.0215093119968697,-0.0967467586716675,0.0091216452797913,1.0,1.0,1.2495003254286985e-08,22.235064310545567,0.0,-2.530428425453465,-0.1699834821956543,508.3174178802256,0.0419092645061841,19.534652402896448,0.0,4.19425613771671,0.0,0.0,0.0,2.530428425453465,0.1699834821956543,2.7004119076491198,2.7004119076491198,iid,5,2800,72800
15.0,0.004930605096731,60000.0,1.1744160605430602,1.1295273985862733,-0.0448886619567869,0.1567443101145172,0.3959094721202276,2273.0,1544.0,2271.0,4409.0,0.1939727232732072,0.0008798944126704,10.21797009957407,0.1818704948903438,10.036099604683724,10.036099604683724,0.0,64.02847795464703,0.0174878156293231,-0.0494840438621539,0.0045953819053669,1.0,1.0,4.5625303535246076e-09,16.281199659453705,0.0,-6.051074701952871,-0.1940253528171087,455.9599368606541,0.0344764536597299,10.036099604683724,0.0,1.253954480916138,0.0,0.0,0.0,6.051074701952871,0.1940253528171087,6.24510005476998,6.24510005476998,iid,5,2800,72800
20.0,0.0049096652228095,60000.0,1.003662716007233,0.9818017507076264,-0.0218609652996063,0.0639897727209458,0.2529619985708246,1705.0,1333.0,1703.0,2665.0,0.1563049853372434,0.0011730205278592,5.003073040461895,0.1958308001033699,4.807242240358525,4.807242240358525,0.0,75.12516509978107,0.037667709599737,-0.0236019500451093,0.001740984745503,1.0,1.0,1.862645149230957e-09,9.959869759564754,0.0,-4.94529511605333,-0.2073324031528985,446.33813177131015,0.0218275550761771,4.807242240358525,0.0,0.5119181817675669,0.0,0.0,0.0,4.94529511605333,0.2073324031528985,5.152627519206229,5.152627519206229,iid,5,2800,72800
25.0,0.0048896638427146,60000.0,0.9029753294944765,0.887270776605606,-0.0157045528888704,0.0710094202505325,0.266475928088322,1632.0,1362.0,1628.0,2256.0,0.138235294117647,0.0024509803921568,3.6419528731172086,0.2596541906610589,3.38229868245615,3.38229868245615,0.0,47.63168985921671,0.0665505742676232,-0.0165383035728672,0.0008337506839968,1.0,1.0,9.313225746154783e-10,8.672514188336208,0.0,-4.914283078747758,-0.3759324271323009,461.4222313945284,0.0184484388941281,3.38229868245615,0.0,0.5680753620042606,0.0,0.0,0.0,4.914283078747758,0.3759324271323009,5.290215505880059,5.290215505880059,iid,5,2800,72800
30.0,0.0048705237912742,60000.0,0.8267031726837161,0.81291372795105,-0.013789444732666,0.0504736403789635,0.2246633935000617,1566.0,1352.0,1558.0,2062.0,0.1316730523627075,0.0051085568326947,3.187562517304457,0.1968824005375697,2.990680116766887,2.990680116766887,0.0,59.252316542108254,0.0581727300390236,-0.014566178660804,0.0007767339281379,1.0,1.0,0.0,8.991997688717674,0.0,-5.680226223935506,-0.3210913480152815,491.4620023155776,0.0179676807231843,2.990680116766887,0.0,0.4037891230317086,0.0,0.0,0.0,5.680226223935506,0.3210913480152815,6.001317571950787,6.001317571950787,iid,5,2800,72800
35.0,0.0048521769173698,60000.0,0.7645582409381868,0.7546527052879335,-0.0099055356502533,0.0510410435323374,0.2259226494451972,1696.0,1530.0,1692.0,2074.0,0.1222877358490566,0.0023584905660377,2.618710380602959,0.3642222514381441,2.254488129164815,2.254488129164815,0.0,44.17010259079963,0.1221020708030275,-0.0109391752608177,0.0010336396105644,1.0,1.0,0.0,8.994763238355517,0.0,-6.485088041649874,-0.2551870675408285,467.80070268994496,0.0188650351799027,2.254488129164815,0.0,0.4083283482586996,0.0,0.0,0.0,6.485088041649874,0.2551870675408285,6.740275109190702,6.740275109190702,iid,5,2800,72800
40.0,0.0048345627417287,60000.0,0.7165793847084045,0.7087548853874207,-0.0078244993209838,0.0213928958705989,0.1462631049533645,1596.0,1419.0,1586.0,1990.0,0.1246867167919799,0.0062656641604009,2.037642025418277,0.1614781617469383,1.876163863671339,1.876163863671339,0.0,87.700322341578,0.0734285295953252,-0.0090704319126833,0.0012459325916994,1.0,1.0,0.0,8.756541823153384,0.0,-6.376625596126473,-0.5037523633555718,520.3783307642334,0.0165487898772108,1.876163863671339,0.0,0.1711431669647914,0.0,0.0,0.0,6.376625596126473,0.5037523633555718,6.880377959482045,6.880377959482045,iid,5,2800,72800
45.0,0.0048176273546297,60000.0,0.6817112456798554,0.6766661732673646,-0.0050450724124908,0.0360568397687011,0.1898863864754424,1403.0,1277.0,1393.0,1659.0,0.1182466143977191,0.007127583749109,1.5618610593237037,0.3454374144528476,1.216423644870856,1.216423644870856,0.0,33.73628006985694,0.1811134540305395,-0.0058602758263482,0.0008152034138574,1.0,1.0,0.0,7.408345306117553,0.0,-5.846584406250145,-0.3453372549965525,522.247835795446,0.013987083641146,1.216423644870856,0.0,0.2884547181496088,0.0,0.0,0.0,5.846584406250145,0.3453372549965525,6.191921661246697,6.191921661246697,iid,5,2800,72800
50.0,0.004801322503961,60000.0,0.6533958269596101,0.6470028765678405,-0.0063929503917695,0.041498610601105,0.2037120777006239,1613.0,1497.0,1595.0,1819.0,0.1127712337259764,0.0111593304401735,1.874780692538783,0.2920717793136695,1.5827089132251135,1.5827089132251135,0.0,38.13884104310154,0.1347908005310467,-0.0075990959222875,0.0012061455305179,1.0,1.0,0.0,9.275422729668207,0.0,-7.141868869282234,-0.5508449471608597,533.2965668618326,0.0170952848794343,1.5827089132251135,0.0,0.3319888848088403,0.0,0.0,0.0,7.141868869282234,0.5508449471608597,7.692713816443094,7.692713816443094,iid,5,2800,72800
55.0,0.0047856048355997,60000.0,0.6284573313713073,0.6251710599899293,-0.003286271381378,0.0237530763496696,0.1541203307473407,1541.0,1449.0,1529.0,1709.0,0.1109020116807268,0.007787151200519,1.2513430047189544,0.3992371193709538,0.8521058853480006,0.8521058853480006,0.0,35.873495828671885,0.2418768489600491,-0.0040778420453643,0.0007915706639863,1.0,1.0,0.0,8.267052574781701,0.0,-6.939109939539321,-0.4758367498943792,547.034288134797,0.0148875069601269,0.8521058853480006,0.0,0.1900246107973575,0.0,0.0,0.0,6.939109939539321,0.4758367498943792,7.4149466894337,7.4149466894337,iid,5,2800,72800
60.0,0.0047704352566433,60000.0,0.6114594661712646,0.6072161888599396,-0.004243277311325,0.0397432780807554,0.1993571621004759,1488.0,1393.0,1468.0,1628.0,0.1094086021505376,0.0134408602150537,1.425042084779065,0.3886994715281069,1.036342613250958,1.036342613250958,0.0,26.075921848851667,0.2143080805401569,-0.0049438053402142,0.0007005280288892,1.0,1.0,0.0,7.492476805986371,0.0,-5.893083823596726,-0.563050369138687,545.4233587834206,0.0135508450359346,1.036342613250958,0.0,0.3179462246460434,0.0,0.0,0.0,5.893083823596726,0.563050369138687,6.456134192735413,6.456134192735413,iid,5,2800,72800
65.0,0.0047557783984597,60000.0,0.5946090589046479,0.5896138782978059,-0.004995180606842,0.0471604260014411,0.2171645136790104,1498.0,1418.0,1484.0,1624.0,0.108411214953271,0.0093457943925233,1.5310252133175108,0.2698459391495769,1.261179274167934,1.261179274167934,0.0,26.742321499161083,0.1498418911202524,-0.0059978891486729,0.0010027085418309,1.0,1.0,0.0,8.594659639988095,0.0,-6.70528063177062,-0.6281997340495407,593.750867352468,0.0142686535465809,1.261179274167934,0.0,0.3772834080115289,0.0,0.0,0.0,6.70528063177062,0.6281997340495407,7.333480365820161,7.333480365820161,iid,5,2800,72800
70.0,0.0047416021613943,60000.0,0.5759879650115967,0.5731899314880371,-0.0027980335235595,0.0219384406256025,0.1481163077638737,1334.0,1269.0,1314.0,1408.0,0.1055472263868066,0.0149925037481258,1.0193794758455774,0.2846164635132346,0.7347630123323428,0.7347630123323428,0.0,33.49203459223357,0.2182648388101449,-0.0034839538873876,0.000685920363828,1.0,1.0,0.0,6.683434625621885,0.0,-5.382374335682925,-0.5662972776066169,535.1367852503863,0.0123351517356649,0.7347630123323428,0.0,0.1755075250048203,0.0,0.0,0.0,5.382374335682925,0.5662972776066169,5.948671613289543,5.948671613289543,iid,5,2800,72800
75.0,0.0047278773267132,60000.0,0.5637551249027253,0.5607565076351165,-0.0029986172676087,0.0373173347398997,0.1931769518858287,1661.0,1558.0,1641.0,1819.0,0.1095123419626731,0.0120409391932571,1.3630113417681216,0.5774389589128415,0.7855723828552801,0.7855723828552801,0.0,21.051138521298103,0.2975798755114731,-0.0037140898573936,0.0007154725897848,1.0,1.0,0.0,9.50764062127564,0.0,-7.896326762041554,-0.8257414763788073,578.0720585825329,0.0161810229900026,0.7855723828552801,0.0,0.2985386779191982,0.0,0.0,0.0,7.896326762041554,0.8257414763788073,8.722068238420361,8.722068238420361,iid,5,2800,72800
80.0,0.0047145772242381,60000.0,0.5474931002616883,0.5453819394111634,-0.0021111608505248,0.018315687243955,0.1353354618862147,1676.0,1590.0,1654.0,1790.0,0.1068019093078758,0.013126491646778,1.161754837004998,0.4070551495857879,0.75469968741921,0.75469968741921,0.0,41.20509797787092,0.2594674645527774,-0.0035580899574462,0.0014469291069213,1.0,1.0,0.0,10.240484701353123,0.0,-8.74524185663347,-0.7405431573004453,614.8147835231139,0.0163833267583557,0.75469968741921,0.0,0.1465254979516407,0.0,0.0,0.0,8.74524185663347,0.7405431573004453,9.485785013933915,9.485785013933915,iid,5,2800,72800
85.0,0.0047016774463746,60000.0,0.534975199174881,0.5336425313949585,-0.0013326677799224,0.0251214258575043,0.1584974001600795,1649.0,1574.0,1623.0,1729.0,0.1048514251061249,0.015767131594906,0.9526421849599124,0.4477251770413217,0.5049170079185905,0.5049170079185905,0.0,20.09905850020688,0.319719802953339,-0.0023739569084217,0.0010412891284993,1.0,1.0,0.0,9.240222093299964,0.0,-7.926231545877044,-0.8090735395043276,624.7281395040227,0.0145752101414314,0.5049170079185905,0.0,0.2009714068600351,0.0,0.0,0.0,7.926231545877044,0.8090735395043276,8.735305085381372,8.735305085381372,iid,5,2800,72800
90.0,0.0046891556009951,60000.0,0.5229549357891083,0.5210147576332093,-0.001940178155899,0.0159720419787802,0.1263805443048108,1528.0,1433.0,1476.0,1562.0,0.1022251308900523,0.0340314136125654,0.9104766492536882,0.2858787667807645,0.6245978824729237,0.6245978824729237,0.0,39.1057000290092,0.2389580579058721,-0.0029288366589676,0.0009886585030685,1.0,1.0,0.0,8.548015582724474,0.0,-7.0202335616644405,-0.9031841385871102,549.4239035562277,0.0153197952970743,0.6245978824729237,0.0,0.1277763358302421,0.0,0.0,0.0,7.0202335616644405,0.9031841385871102,7.923417700251551,7.923417700251551,iid,5,2800,72800
95.0,0.0046769910970246,60000.0,0.5133595184564591,0.5105112410783768,-0.0028482773780823,0.0345851012902322,0.185970700085342,1673.0,1571.0,1623.0,1733.0,0.1035863717872086,0.0298864315600717,1.2715043240674049,0.4066279905549166,0.864876333512488,0.8648763335124879,1.1102230246251563e-16,25.007193885442017,0.2423098506665917,-0.0040450189118651,0.0011967415337828,1.0,1.0,0.0,9.548574756481685,0.0,-7.911174635786892,-0.7725237871823044,591.4245865233643,0.0158885211049139,0.8648763335124879,1.1102230246251563e-16,0.2766808103218577,0.0,0.0,0.0,7.911174635786892,0.7725237871823044,8.683698422969197,8.683698422969197,iid,5,2800,72800
100.0,0.004665164957684,60000.0,0.5022825935602189,0.5000781675100326,-0.0022044260501862,0.0124285626506896,0.1114834635750506,1939.0,1829.0,1897.0,2037.0,0.1050541516245487,0.0216606498194945,0.9705980978994676,0.2964044562354964,0.6741936416639713,0.6741936416639713,0.0,54.245503733013,0.2339414828077155,-0.0031452245517841,0.0009407985015979,1.0,1.0,0.0,11.817867075558752,0.0,-10.140364446505489,-1.0033089873892935,645.320501188733,0.0179838336129625,0.6741936416639713,0.0,0.0994285012055172,0.0,0.0,0.0,10.140364446505489,1.0033089873892935,11.14367343389478,11.14367343389478,iid,5,2800,72800
105.0,0.0046536596572292,60000.0,0.4975393575668335,0.4959449605941772,-0.0015943969726562,0.0566069537878131,0.2379221590937109,1725.0,1639.0,1681.0,1771.0,0.1026666666666666,0.0255072463768115,1.524552799382362,0.8456855681200302,0.6788672312623318,0.6788672312623318,0.0,11.992647295719436,0.3567934684186048,-0.0031592170467404,0.0015648200740841,1.0,1.0,0.0,10.095152269816026,0.0,-8.476848274168447,-0.9394367643852476,649.5085140015981,0.0153048759217509,0.6788672312623318,0.0,0.4528556303025048,0.0,0.0,0.0,8.476848274168447,0.9394367643852476,9.416285038553694,9.416285038553694,iid,5,2800,72800
110.0,0.0046424589777348,60000.0,0.4892744811773299,0.488296987247467,-0.0009774939298629,0.0680966297018193,0.2609533094287546,1507.0,1440.0,1475.0,1545.0,0.1025215660252156,0.0212342402123424,1.151016189540652,0.8265283551093479,0.324487834431304,0.324487834431304,0.0,4.765108579560651,0.4179568836238947,-0.0015064214601213,0.0005289275302583,1.0,1.0,0.0,7.614537181099877,0.0,-6.625366237818071,-0.6646831088505021,620.4850535858968,0.0121231366697779,0.324487834431304,0.0,0.5447730376145548,0.2202852031832507,0.0,0.0,6.625366237818071,0.6646831088505021,7.290049346668573,7.069764143485322,iid,5,2800,72800
115.0,0.0046315478830482,60000.0,0.479930456852913,0.4785265046834946,-0.0014039521694184,0.0215455111962722,0.1467838928366197,2024.0,1902.0,1940.0,2018.0,0.0997035573122529,0.0415019762845849,1.0013769428789754,0.5121280780957544,0.4892488647832209,0.4892488647832209,0.0,22.70769351102096,0.3383722359678284,-0.0022659795439704,0.000862027374552,1.0,1.0,0.0,12.22868920734618,0.0,-10.661558286446734,-1.0778820561162237,661.0274724978772,0.0181635013578982,0.4892488647832209,0.0,0.172364089570178,0.0,0.0,0.0,10.661558286446734,1.0778820561162237,11.739440342562958,11.739440342562958,iid,5,2800,72800
120.0,0.0046209124075087,60000.0,0.473335856795311,0.473293546628952,-4.2310166358972e-05,0.0245960148192018,0.1568311666066467,1885.0,1763.0,1809.0,1905.0,0.1010610079575596,0.0403183023872678,1.010024722570266,0.7511010488903764,0.2589236736798894,0.2589236736798894,0.0,10.527057963786516,0.4264891588449292,-0.0011964636163051,0.0011541534499461,1.0,1.0,0.0,11.821609034668654,0.0,-10.530114780088184,-1.0325705809005812,664.4581334467657,0.0174803536052881,0.2589236736798894,0.0,0.1967681185536144,0.0,0.0,0.0,10.530114780088184,1.0325705809005812,11.562685360988764,11.562685360988764,iid,5,2800,72800
125.0,0.0046105395574086,60000.0,0.4686402315616607,0.4667276399850845,-0.0019125915765762,0.0312100544362889,0.1766636760522349,1773.0,1653.0,1699.0,1795.0,0.1012408347433728,0.0417371686407219,1.2419691771861294,0.5684580835344057,0.6735110936517237,0.6735110936517237,0.0,21.579939728288632,0.3139911201448458,-0.0031052495396348,0.0011926579630585,1.0,1.0,0.0,10.483272350858895,0.0,-8.692308973771333,-1.117452283435841,627.8657343850718,0.0164224777359065,0.6735110936517237,0.0,0.2496804354903119,0.0,0.0,0.0,8.692308973771333,1.117452283435841,9.809761257207173,9.809761257207173,iid,5,2800,72800
130.0,0.0046004172234895,60000.0,0.4623395524978638,0.4610715914726258,-0.001267961025238,0.0226642985403151,0.1505466656565836,1828.0,1720.0,1766.0,1858.0,0.1016411378555798,0.0339168490153173,1.0373699973990775,0.5621183910363503,0.4752516063627272,0.4752516063627272,0.0,20.96917341242004,0.3514363687167481,-0.0021863556754021,0.0009183946501641,1.0,1.0,0.0,9.867853826202918,0.0,-8.262398613981532,-1.130203605858659,559.6435684077005,0.0173268760571936,0.4752516063627272,0.0,0.1813143883225213,0.0,0.0,0.0,8.262398613981532,1.130203605858659,9.39260221984019,9.39260221984019,iid,5,2800,72800
135.0,0.0045905341030286,60000.0,0.4576377309560776,0.4569345817565918,-0.0007031491994857,0.0316828174925834,0.1779966783189604,1800.0,1716.0,1750.0,1818.0,0.101,0.0277777777777777,0.9689926428010728,0.5676548817337195,0.4013377610673534,0.4013377610673534,0.0,12.667363348013518,0.3694112492749906,-0.0018423546790128,0.001139205479527,1.0,1.0,0.0,9.839975250302814,0.0,-8.16153860302461,-1.2770988862108503,574.378519931266,0.0168429711340183,0.4013377610673534,0.0,0.2534625399406677,0.0,0.0,0.0,8.16153860302461,1.2770988862108503,9.43863748923546,9.43863748923546,iid,5,2800,72800
140.0,0.0045808796302822,60000.0,0.451670360159874,0.4515894877672195,-8.087239265452961e-05,0.0086242505100255,0.0928668428989894,1778.0,1695.0,1732.0,1806.0,0.1015748031496063,0.0258717660292463,0.6768634876356632,0.4177750853424555,0.2590884022932076,0.2590884022932076,0.0,30.04184560641188,0.3816557315405389,-0.0011868527845073,0.0011059803918527,1.0,1.0,0.0,8.986697380139958,0.0,-7.880271811811326,-0.8473371660354243,590.6096457096064,0.0149879122574882,0.2590884022932076,0.0,0.0689940040802047,0.0,0.0,0.0,7.880271811811326,0.8473371660354243,8.727608977846751,8.727608977846751,iid,5,2800,72800
145.0,0.0045714439142384,60000.0,0.4481748738527297,0.4477424006938935,-0.0004324731588362,0.0212159776480244,0.1456570549201939,1956.0,1859.0,1912.0,2018.0,0.1031697341513292,0.0224948875255623,0.8610675394748277,0.6040404510302224,0.2570270884446053,0.2570270884446053,0.0,12.114788802510796,0.4122839100904762,-0.0011749849192645,0.0007425117604282,1.0,1.0,0.0,10.711406178306788,0.0,-9.2847161762038,-1.1696629136583816,651.6750938371551,0.0161709306848143,0.2570270884446053,0.0,0.1697278211841952,0.0,0.0,0.0,9.2847161762038,1.1696629136583816,10.454379089862185,10.454379089862185,iid,5,2800,72800
150.0,0.0045622176827774,60000.0,0.4450530182600021,0.4440325652599335,-0.0010204530000686,0.0296990565169099,0.172334142052322,1678.0,1593.0,1624.0,1688.0,0.100595947556615,0.0321811680572109,1.1262107613436698,0.6065274537729834,0.5196833075706864,0.5196833075706864,0.0,17.498310334363364,0.35003986665819,-0.0023709083752432,0.0013504553751745,1.0,1.0,0.0,10.19945951353293,0.0,-8.688917807715143,-0.9908583982471,611.7769565848939,0.0163984666452672,0.5196833075706864,0.0,0.2375924521352793,0.0,0.0,0.0,8.688917807715143,0.9908583982471,9.679776205962243,9.679776205962243,iid,5,2800,72800
1.0,0.0049950273089797,60000.0,2.3051766083717347,2.3051437609672547,-3.284740447995205e-05,0.6123968213721072,0.7825578709412533,1.0,1.0,1.0,1.0,0.1,0.0,0.0065831025131046,0.0,0.0065831025131046,0.0065831025131046,0.0,0.0107497333156545,0.0,-3.288277683077105e-05,3.5372350819003336e-08,1.0,1.0,0.0,0.0508829653263092,0.0,-0.0442783152684569,-2.154754474759102e-05,823.3085939342855,6.179921013104841e-05,0.0065831025131046,0.0,4.899174570976857,4.892591468463753,4.848291605650548,0.0,0.0442783152684569,2.154754474759102e-05,4.892591468463753,0.0,iid,5,2900,72900
5.0,0.0049756643332495,60000.0,2.178554139375687,1.9609761160850523,-0.2175780232906345,0.9871737737675356,0.9935661899277448,4914.0,1191.0,4908.0,28830.0,0.5866910866910867,0.0012210012210012,76.50489613142558,0.0441644435748287,76.46073168785075,76.46073168785075,0.0,77.45417647800689,0.0005769429858849,-0.3804429355534016,0.162864912262767,1.0,1.0,6.51925802230835e-08,62.51577204745263,0.0,14.116360040163272,-0.1714003997651474,870.793041454046,0.066982944062118,76.46073168785075,0.0,7.897390190140285,0.0,0.0,0.0,0.0,0.1714003997651474,0.1714003997651474,0.1714003997651474,iid,5,2900,72900
10.0,0.0049525712910726,60000.0,1.4606553057670593,1.3750271255493165,-0.0856281802177427,0.3607372945303559,0.6006140978451604,3055.0,1751.0,3053.0,7669.0,0.2510310965630115,0.0006546644844517,21.160928803047728,0.2655763739055317,20.8953524291422,20.8953524291422,0.0,57.92401491602321,0.0123947592811911,-0.1034857225574139,0.0178575423396711,1.0,1.0,1.4547723914404289e-08,24.868779055890627,0.0,-3.710241106879039,-0.263185519869392,509.7119330824389,0.0465201577445905,20.8953524291422,0.0,2.885898356242848,0.0,0.0,0.0,3.710241106879039,0.263185519869392,3.973426626748431,3.973426626748431,iid,5,2900,72900
15.0,0.004930605096731,60000.0,1.1696435876846312,1.1284776631355289,-0.0411659245491022,0.1541183235813364,0.3925790666621648,2680.0,1880.0,2678.0,4992.0,0.1862686567164179,0.0007462686567164,11.396998581692152,0.1520340880481896,11.244964493643964,11.244964493643964,0.0,72.9631897904041,0.0131642270305923,-0.0554444792449204,0.0142785546958181,1.0,1.0,2.63417798684884e-09,15.330578450404571,0.0,-3.8911779959803434,-0.1944359607802681,425.251820313385,0.0347961663775492,11.244964493643964,0.0,1.2329465886506916,0.0,0.0,0.0,3.8911779959803434,0.1944359607802681,4.085613956760611,4.085613956760611,iid,5,2900,72900
20.0,0.0049096652228095,60000.0,1.0026489597320558,0.9759137207984924,-0.0267352389335633,0.0932194887084807,0.3053186674746251,1729.0,1342.0,1727.0,2791.0,0.1614227877385772,0.0011567379988433,6.265698569176494,0.2623315534843726,6.003367015692121,6.003367015692121,0.0,64.40034266296034,0.0401854079339702,-0.0294745222567056,0.0027392833231423,1.0,1.0,3.725290298461914e-09,11.088073630817236,0.0,-4.952240604169788,-0.1324660109553257,469.5521923258857,0.0230693814400811,6.003367015692121,0.0,0.7457559096678458,0.0,0.0,0.0,4.952240604169788,0.1324660109553257,5.084706615125113,5.084706615125113,iid,5,2900,72900
25.0,0.0048896638427146,60000.0,0.9002896079540252,0.8838839629650116,-0.0164056449890136,0.0471491928091832,0.2171386488149524,1612.0,1343.0,1604.0,2294.0,0.1423076923076923,0.0049627791563275,3.696952689965853,0.153784270433853,3.543168419532,3.543168419532,0.0,75.14801862826162,0.0399363218042008,-0.017324902509634,0.0009192575206203,1.0,1.0,0.0,8.87423825089354,0.0,-5.099872699586967,-0.2311971317745733,432.9263944373761,0.0200865222779233,3.543168419532,0.0,0.3771935424734658,0.0,0.0,0.0,5.099872699586967,0.2311971317745733,5.331069831361541,5.331069831361541,iid,5,2900,72900
30.0,0.0048705237912742,60000.0,0.8259539647579195,0.8125691802024841,-0.0133847845554353,0.0393911958523388,0.1984721538461727,1514.0,1309.0,1512.0,2064.0,0.1363276089828269,0.0013210039630119,3.022820918852237,0.1447881273427249,2.8780327915095123,2.8780327915095123,0.0,73.06284384708844,0.0457089638371406,-0.0140175271831145,0.0006327426276792,1.0,1.0,1.862645149230957e-09,7.971942414995283,0.0,-4.892745219023141,-0.2011644044626299,459.6812932631001,0.0170466957283766,2.8780327915095123,0.0,0.3151295668187109,0.0,0.0,0.0,4.892745219023141,0.2011644044626299,5.093909623485771,5.093909623485771,iid,5,2900,72900
35.0,0.0048521769173698,60000.0,0.7652484373569488,0.7562922217369078,-0.008956215620041,0.037028759060116,0.1924285817131023,1324.0,1180.0,1322.0,1654.0,0.1249244712990936,0.0015105740181269,2.181221869674397,0.1931411514297067,1.9880807182446905,1.9880807182446905,0.0,53.69017943639556,0.0813444067789996,-0.0096465193709348,0.0006903037508938,1.0,1.0,0.0,6.908308507467154,0.0,-4.674866044683711,-0.2453617445387532,453.6649549797353,0.0149993693840613,1.9880807182446905,0.0,0.2962300724809287,0.0,0.0,0.0,4.674866044683711,0.2453617445387532,4.920227789222464,4.920227789222464,iid,5,2900,72900
40.0,0.0048345627417287,60000.0,0.7228363036632539,0.7149577427387237,-0.0078785609245302,0.0425233100669732,0.20621180874764,1627.0,1445.0,1615.0,2049.0,0.1259373079287031,0.0073755377996311,2.318188291251822,0.502847448639614,1.815340842612208,1.815340842612208,0.0,42.69048763497213,0.1782492300714224,-0.0087763792012314,0.0008978182767012,1.0,1.0,0.0,8.979890722315758,0.0,-6.891570313497823,-0.2729795662057275,504.380424897472,0.0174923741650622,1.815340842612208,0.0,0.3401864805357861,0.0,0.0,0.0,6.891570313497823,0.2729795662057275,7.16454987970355,7.16454987970355,iid,5,2900,72900
45.0,0.0048176273546297,60000.0,0.6892257804870605,0.6838508987426758,-0.0053748817443847,0.0311541816347275,0.1765054719682298,1608.0,1462.0,1592.0,1878.0,0.1167910447761194,0.0099502487562188,1.7903214618205985,0.5158618431294109,1.2744596186911874,1.2744596186911874,0.0,40.90813983284182,0.2236864008260579,-0.0061398715213776,0.0007649897769929,1.0,1.0,0.0,8.16339444584446,0.0,-6.426583977559631,-0.4623508495936423,511.6288303707224,0.0157051107271281,1.2744596186911874,0.0,0.2492334530778204,0.0,0.0,0.0,6.426583977559631,0.4623508495936423,6.888934827153273,6.888934827153273,iid,5,2900,72900
50.0,0.004801322503961,60000.0,0.6601699697494506,0.6584683109283447,-0.0017016588211059,0.0231705858244251,0.152218874731175,1657.0,1570.0,1649.0,1819.0,0.1097767048883524,0.0048280024140011,1.2028108007547844,0.4923811439223353,0.7104296568324491,0.7104296568324491,0.0,30.66084138811688,0.2904574585010303,-0.0034110018988309,0.001709343077725,1.0,1.0,0.0,8.559391108690761,0.0,-7.297852107471954,-0.5511093443863582,525.6370237852534,0.0160229287768434,0.7104296568324491,0.0,0.1853646865954012,0.0,0.0,0.0,7.297852107471954,0.5511093443863582,7.848961451858312,7.848961451858312,iid,5,2900,72900
55.0,0.0047856048355997,60000.0,0.6398479392051696,0.6356194146633147,-0.0042285245418548,0.0402595337110733,0.2006477852134764,1476.0,1372.0,1454.0,1636.0,0.110840108401084,0.0149051490514905,1.5322305954836812,0.538976346032884,0.9932542494507972,0.9932542494507972,0.0,24.67128051156746,0.260223319664156,-0.0047533223391516,0.0005247977972968,1.0,1.0,0.0,8.656664683483541,0.0,-7.232054724840282,-0.431355709192462,521.0418685496661,0.0163426253621005,0.9932542494507972,0.0,0.3220762696885868,0.0,0.0,0.0,7.232054724840282,0.431355709192462,7.663410434032744,7.663410434032744,iid,5,2900,72900
60.0,0.0047704352566433,60000.0,0.618042936038971,0.6138361217498779,-0.004206814289093,0.0256168823977301,0.1600527487977952,1951.0,1756.0,1899.0,2199.0,0.112711430035879,0.026652998462327,1.9331609740062,0.3279362992581142,1.6052246747480856,1.6052246747480854,2.220446049250313e-16,62.66276472777661,0.1450341403422583,-0.0076576203832521,0.003450806094159,1.0,1.0,0.0,12.2766143825138,0.0,-10.058134622868238,-0.6132550848974756,562.7010872324845,0.0213514617141346,1.6052246747480854,2.220446049250313e-16,0.2049350591818411,0.0,0.0,0.0,10.058134622868238,0.6132550848974756,10.671389707765714,10.671389707765714,iid,5,2900,72900
65.0,0.0047557783984597,60000.0,0.6005774861335754,0.597192677974701,-0.0033848081588744,0.0259009447740915,0.1609377046378242,1443.0,1356.0,1425.0,1567.0,0.1085932085932085,0.0124740124740124,1.374577188592057,0.4193835122707323,0.9551936763213248,0.9551936763213248,0.0,36.8787194696,0.2337751947793692,-0.0045426894521942,0.0011578812933198,1.0,1.0,0.0,8.080056635662913,0.0,-6.646789850339701,-0.4780731090018877,551.5400258415775,0.0144384679690109,0.9551936763213248,0.0,0.2072075581927324,0.0,0.0,0.0,6.646789850339701,0.4780731090018877,7.124862959341589,7.124862959341589,iid,5,2900,72900
70.0,0.0047416021613943,60000.0,0.5847892601013184,0.5812584696769715,-0.0035307904243468,0.0238550960985769,0.1544509504618763,1470.0,1384.0,1446.0,1580.0,0.1074829931972789,0.0163265306122448,1.219506213324843,0.2142851750275496,1.0052210382972937,1.0052210382972937,0.0,42.13862875015866,0.1494535235518399,-0.0047663582478694,0.0012355678235226,1.0,1.0,0.0,7.367858902842272,0.0,-5.695914036851946,-0.666723827693033,562.4181984302686,0.0129309217170521,1.0052210382972937,0.0,0.1908407687886158,0.0,0.0,0.0,5.695914036851946,0.666723827693033,6.362637864544979,6.362637864544979,iid,5,2900,72900
75.0,0.0047278773267132,60000.0,0.5703965474605561,0.5676454763889313,-0.0027510710716248,0.0227371163771928,0.1507883164479027,1486.0,1402.0,1464.0,1600.0,0.107671601615074,0.0148048452220727,1.2221430481846136,0.3869015852627857,0.8352414629218279,0.8352414629218279,0.0,36.73471380740443,0.240454228068145,-0.0039489191748789,0.001197848103254,1.0,1.0,0.0,8.238820024766028,0.0,-6.834337566366116,-0.5692409954780837,579.4680412212365,0.0140185874422136,0.8352414629218279,0.0,0.1818969310175428,0.0,0.0,0.0,6.834337566366116,0.5692409954780837,7.4035785618442,7.4035785618442,iid,5,2900,72900
80.0,0.0047145772242381,60000.0,0.5557860456466676,0.552745736503601,-0.0030403091430665,0.031755936800162,0.1782019550963515,1754.0,1641.0,1700.0,1824.0,0.1039908779931585,0.0307867730900798,1.4581233756259735,0.5567325512284693,0.9013908243975042,0.9013908243975042,0.0,28.384954601399247,0.2763138266156976,-0.0042496766508417,0.0012093675077751,1.0,1.0,0.0,10.313948667724617,0.0,-8.686938702461362,-0.7256191408657511,572.2748890148687,0.0177036496420892,0.9013908243975042,0.0,0.2540474944012966,0.0,0.0,0.0,8.686938702461362,0.7256191408657511,9.412557843327113,9.412557843327113,iid,5,2900,72900
85.0,0.0047016774463746,60000.0,0.5436196242809296,0.5417932180881501,-0.0018264061927795,0.0558407095445727,0.2363063891319335,1647.0,1533.0,1595.0,1723.0,0.1046144505160898,0.0315725561627201,1.3893646510435662,0.7935096342518015,0.5958550167917647,0.5958550167917647,0.0,10.670620442531186,0.3635159567351954,-0.002801518093759,0.0009751119009794,1.0,1.0,0.0,9.355626020231284,0.0,-7.902034755357022,-0.8577362480824977,584.301945779669,0.0157592970504294,0.5958550167917647,0.0,0.4467256763565823,0.0,0.0,0.0,7.902034755357022,0.8577362480824977,8.75977100343952,8.75977100343952,iid,5,2900,72900
90.0,0.0046891556009951,60000.0,0.5311642319202423,0.5272307835102082,-0.003933448410034,0.0437815658369297,0.2092404498105702,1865.0,1750.0,1819.0,1961.0,0.1051474530831099,0.0246648793565683,1.9225243097460665,0.5743678310856879,1.3481564786603784,1.3481564786603784,0.0,30.79278808075904,0.2300330966216093,-0.0063217155029281,0.0023882670928941,1.0,1.0,0.0,11.644086526939644,0.0,-9.61118514788228,-0.6847449003969857,587.3830465778083,0.0194383290562958,1.3481564786603784,0.0,0.3502525266954382,0.0,0.0,0.0,9.61118514788228,0.6847449003969857,10.295930048279269,10.295930048279269,iid,5,2900,72900
95.0,0.0046769910970246,60000.0,0.5204172460317612,0.5186685995340348,-0.0017486464977264,0.0233873036521253,0.1529290804658335,1728.0,1588.0,1644.0,1756.0,0.1016203703703703,0.0486111111111111,1.1672786680891345,0.4217556409790258,0.7455230271101084,0.7455230271101083,1.1102230246251563e-16,31.87725435130941,0.2654163214552311,-0.0034868045604208,0.0017381580626943,1.0,1.0,0.0,9.948425645474344,0.0,-8.363651315434709,-0.8392513029295277,591.561407017296,0.0165390906436799,0.7455230271101083,1.1102230246251563e-16,0.1870984292170031,0.0,0.0,0.0,8.363651315434709,0.8392513029295277,9.202902618364236,9.202902618364236,iid,5,2900,72900
100.0,0.004665164957684,60000.0,0.5119689356565476,0.5095770292043686,-0.0023919064521789,0.0312131774040524,0.1766725145687706,1621.0,1539.0,1595.0,1711.0,0.1055521283158544,0.0160394818013571,1.2258379126664387,0.4086999805672224,0.8171379320992163,0.8171379320992163,0.0,26.1792614549112,0.2500400769288239,-0.0038120832464236,0.0014201767942447,1.0,1.0,0.0,9.116740023717284,0.0,-7.602752961476199,-0.6968491301418691,603.8379955158962,0.0148734310955137,0.8171379320992163,0.0,0.2497054192324198,0.0,0.0,0.0,7.602752961476199,0.6968491301418691,8.299602091618068,8.299602091618068,iid,5,2900,72900
105.0,0.0046536596572292,60000.0,0.5019861722230912,0.5024851425409318,0.0004989703178406,0.0283290596203068,0.1683123870079289,1778.0,1694.0,1730.0,1806.0,0.1015748031496063,0.0269966254218222,0.7509599321208938,0.692167281465526,0.0587926506553678,0.0587926506553678,2.775557561562892e-17,2.075347768099725,0.479630121966428,-0.0002736009864964,0.000772571304337,0.0,1.0,0.0,10.235812956583686,0.0,-9.240846445088437,-0.9361738608398816,636.9095056413535,0.0158168693528679,0.0587926506553678,0.0,0.2266324769624548,0.1678398263070869,0.0,0.0,9.240846445088437,0.9361738608398816,10.177020305928318,10.00918047962123,iid,5,2900,72900
110.0,0.0046424589777348,60000.0,0.4936717153310776,0.4912600610494614,-0.0024116542816162,0.0221554845987652,0.148847185390807,1838.0,1742.0,1798.0,1912.0,0.1040261153427638,0.0217627856365615,1.2583758717561455,0.2929528348459848,0.965423036910161,0.965423036910161,0.0,43.57490049953426,0.1888399496504118,-0.0044819368450155,0.0020702825633993,1.0,1.0,0.0,10.655945409438573,0.0,-8.705342159773863,-0.9851802127545484,617.2067753066076,0.0169717759278429,0.965423036910161,0.0,0.1772438767901222,0.0,0.0,0.0,8.705342159773863,0.9851802127545484,9.690522372528411,9.690522372528411,iid,5,2900,72900
115.0,0.0046315478830482,60000.0,0.4858544582366944,0.4831892526626586,-0.0026652055740357,0.0276812975778062,0.1663769743017531,1466.0,1406.0,1438.0,1506.0,0.1027285129604365,0.0190995907230558,1.1305482808383869,0.3720554146367787,0.7584928662016082,0.7584928662016082,0.0,27.40091442858292,0.2476071473517335,-0.0035129960287632,0.0008477904547275,1.0,1.0,0.0,7.87917014156119,0.0,-6.3514743505281785,-0.769202924831403,571.530138791335,0.013598625393286,0.7584928662016082,0.0,0.2214503806224498,0.0,0.0,0.0,6.3514743505281785,0.769202924831403,7.120677275359581,7.120677275359581,iid,5,2900,72900
120.0,0.0046209124075087,60000.0,0.4788146494865417,0.4767406629085541,-0.0020739865779876,0.0226494146551212,0.1504972247422565,1846.0,1736.0,1790.0,1898.0,0.1028169014084507,0.0303358613217767,1.0752934299370225,0.4735337940466833,0.6017596358903392,0.6017596358903392,0.0,26.568440953253283,0.3057370032718801,-0.0027806785678236,0.000706691989836,1.0,1.0,0.0,9.834785502986051,0.0,-8.239389919251039,-0.993635947844673,617.9552068593694,0.0156657251989284,0.6017596358903392,0.0,0.1811953172409702,0.0,0.0,0.0,8.239389919251039,0.993635947844673,9.233025867095712,9.233025867095712,iid,5,2900,72900
125.0,0.0046105395574086,60000.0,0.4745874400615691,0.4732968627691269,-0.0012905772924421,0.0354817575207991,0.1883660200800535,1889.0,1772.0,1819.0,1915.0,0.1013763896241397,0.0370566437268395,1.3296263577838032,0.8176277931079561,0.5119985646758471,0.5119985646758471,0.0,14.429909915700131,0.3807783036620949,-0.0023605896357744,0.0010700123433322,1.0,1.0,0.0,10.964012950193135,0.0,-9.511827727473644,-0.9401866580436457,623.6320776010361,0.0172771517402029,0.5119985646758471,0.0,0.2838540601663931,0.0,0.0,0.0,9.511827727473644,0.9401866580436457,10.45201438551729,10.45201438551729,iid,5,2900,72900
130.0,0.0046004172234895,60000.0,0.4672763536930084,0.4669162652015686,-0.0003600884914397,0.0184288565162353,0.1357529245218509,1707.0,1627.0,1667.0,1747.0,0.1023432923257176,0.0234329232571763,0.7629505769484606,0.5298251280338513,0.2331254489146093,0.2331254489146093,0.0,12.650022463913144,0.4098353070775726,-0.0010724743304205,0.0007123858389807,1.0,1.0,0.0,9.757537178928033,0.0,-8.67613057888957,-0.8482811511238535,622.2417488180799,0.0154391585483123,0.2331254489146093,0.0,0.1474308521298828,0.0,0.0,0.0,8.67613057888957,0.8482811511238535,9.524411730013425,9.524411730013425,iid,5,2900,72900
135.0,0.0045905341030286,60000.0,0.4630257045984269,0.4606348182916641,-0.0023908863067628,0.0202233125750867,0.1422086937394714,1579.0,1500.0,1541.0,1629.0,0.1031665611146295,0.0240658644711843,0.9627018430245008,0.3661342471594082,0.5965675958650927,0.5965675958650927,0.0,29.49900485640557,0.2755300295228554,-0.0027385638935805,0.0003476775868177,1.0,1.0,0.0,8.906986303045414,0.0,-7.496451298376314,-0.8139674088040074,614.5006286381431,0.0142875802116817,0.5965675958650927,0.0,0.1617865006006942,0.0,0.0,0.0,7.496451298376314,0.8139674088040074,8.310418707180322,8.310418707180322,iid,5,2900,72900
140.0,0.0045808796302822,60000.0,0.4563702159881592,0.4548398482084275,-0.0015303677797317,0.0214243843953133,0.1463707088023876,1843.0,1766.0,1803.0,1879.0,0.1019533369506239,0.021703743895822,1.1698274126045765,0.4744656254493797,0.6953617871551967,0.6953617871551967,0.0,32.45655857945252,0.2885529613449659,-0.0031853686464558,0.0016550008667241,1.0,1.0,0.0,10.721366178244352,0.0,-9.012756998661644,-1.013247392427512,612.7690786267485,0.0171957185031081,0.6953617871551967,0.0,0.1713950751625069,0.0,0.0,0.0,9.012756998661644,1.013247392427512,10.026004391089156,10.026004391089156,iid,5,2900,72900
145.0,0.0045714439142384,60000.0,0.4523188248395919,0.4511795881986619,-0.00113923664093,0.0204730545336016,0.1430840820413006,1606.0,1535.0,1568.0,1638.0,0.1019925280199252,0.0236612702366126,0.98848013645655,0.3875240038733984,0.6009561325831516,0.6009561325831516,0.0,29.3535159395402,0.2816299693549433,-0.0027472372550215,0.0016080006140914,1.0,1.0,0.0,9.397134201484732,0.0,-7.983358762518208,-0.8128193063833731,637.3547811472381,0.0145297354031303,0.6009561325831516,0.0,0.1637844362688131,0.0,0.0,0.0,7.983358762518208,0.8128193063833731,8.79617806890158,8.79617806890158,iid,5,2900,72900
150.0,0.0045622176827774,60000.0,0.4487928082704544,0.4461387418270111,-0.0026540664434432,0.036749708375682,0.191702134509979,1669.0,1581.0,1607.0,1659.0,0.0994008388256441,0.0371479928100658,1.6665251240234609,0.7508021529881499,0.915722971035311,0.915722971035311,0.0,24.917829596744788,0.3105918508131506,-0.0041777275309827,0.0015236610875394,1.0,1.0,0.0,10.094015508890152,0.0,-8.243100453865651,-0.93519208398919,656.7779651829114,0.0151363617023147,0.915722971035311,0.0,0.2939976670054567,0.0,0.0,0.0,8.243100453865651,0.93519208398919,9.17829253785484,9.17829253785484,iid,5,2900,72900
1.0,0.0049950273089797,60000.0,2.3051766083717347,2.3051766083717347,0.0,0.6123968206636875,0.7825578704886224,0.0,0.0,0.0,0.0,0.0,0.0,0.0,0.0,0.0,0.0,0.0,0.0,,-0.0,0.0,0.0,0.0,0.0,0.0,0.0,0.0,0.0,833.61126771413,0.0,0.0,0.0,4.8991745653095,4.8991745653095,4.8991745653095,0.0,0.0,0.0,4.8991745653095,0.0,iid,5,3000,73000
5.0,0.0049756643332495,60000.0,2.1794104353904724,1.978311082553864,-0.2010993528366087,0.9283462920175584,0.963507286956128,4590.0,1159.0,4588.0,26304.0,0.5730718954248366,0.0004357298474945,70.51617572925579,0.0271878787943933,70.4889878504614,70.4889878504614,0.0,75.92962718391317,0.0003854066123845,-0.3507295427344007,0.1496301898977919,1.0,1.0,6.050013467984172e-08,57.22693957795855,0.0,13.44871213051374,-0.1866638580108883,866.3461811655852,0.0619625434008805,70.4889878504614,0.0,7.426770336140468,0.0,0.0,0.0,0.0,0.1866638580108883,0.1866638580108883,0.1866638580108883,iid,5,3000,73000
10.0,0.0049525712910726,60000.0,1.4780928827285769,1.3874839090347293,-0.0906089736938475,0.4539757535326343,0.6737772284165103,3217.0,1692.0,3217.0,8789.0,0.2732048492384208,0.0,26.70598244264154,0.2116997346794846,26.494282707962057,26.494282707962057,0.0,58.36056772150388,0.0078647089034229,-0.1312148239170143,0.0406058502231667,1.0,1.0,1.3813745702861981e-08,25.40778888214845,0.0,1.1893300442882264,-0.1028362184746214,523.5172583574767,0.0462864447704042,26.494282707962057,0.0,3.6318060282610745,0.0,0.0,0.0,0.0,0.1028362184746214,0.1028362184746214,0.1028362184746214,iid,5,3000,73000
15.0,0.004930605096731,60000.0,1.1720714559555054,1.1304833550453188,-0.0415881009101866,0.1248107508408949,0.3532856504882344,2275.0,1643.0,2273.0,4179.0,0.1836923076923076,0.0008791208791208,9.22628260762373,0.1411061613374258,9.085176446286304,9.085176446286304,0.0,72.79161758964032,0.0150635534424471,-0.04479541729076,0.0032073163805733,1.0,1.0,7.679882507716229e-09,14.694680723536294,0.0,-5.3024355048899,-0.3070687723600898,469.3981210944767,0.0303550903222488,9.085176446286304,0.0,0.9984860067271596,0.0,0.0,0.0,5.3024355048899,0.3070687723600898,5.6095042772499895,5.6095042772499895,iid,5,3000,73000
20.0,0.0049096652228095,60000.0,1.003016232395172,0.9765233879089356,-0.0264928444862365,0.0610058589776292,0.2469936415732787,1937.0,1479.0,1931.0,3219.0,0.1661848218895198,0.0030975735673722,5.861338858700747,0.1245792340032023,5.7367596246975445,5.7367596246975445,0.0,94.03620768295715,0.020812051229877,-0.0281655692209955,0.001672724734759,1.0,1.0,4.5625303535246076e-09,11.972623179201037,0.0,-6.019432979720108,-0.2164305747833843,469.4000527928947,0.0248718379268686,5.7367596246975445,0.0,0.4880468718210343,0.0,0.0,0.0,6.019432979720108,0.2164305747833843,6.235863554503492,6.235863554503492,iid,5,3000,73000
25.0,0.0048896638427146,60000.0,0.8998881576061248,0.88419630484581,-0.0156918527603148,0.0545219665060578,0.2334993929458016,1751.0,1460.0,1745.0,2455.0,0.1402055968018275,0.0034266133637921,3.7440334335221257,0.3551624378911064,3.3888709956310192,3.3888709956310192,0.0,62.1560668626009,0.0866419778493437,-0.0165704399749613,0.0008785872146465,1.0,1.0,0.0,9.9254223984899,0.0,-6.238886937495181,-0.2976644653636997,489.4173153767806,0.0198769735647118,3.3888709956310192,0.0,0.4361757320484629,0.0,0.0,0.0,6.238886937495181,0.2976644653636997,6.536551402858881,6.536551402858881,iid,5,3000,73000
30.0,0.0048705237912742,60000.0,0.8243487793922426,0.8132132220745087,-0.0111355573177338,0.0498654493911141,0.2233057307619178,1865.0,1622.0,1857.0,2443.0,0.1309919571045576,0.0042895442359249,3.064117542030296,0.4999384796521518,2.564179062378144,2.564179062378144,0.0,51.4219583637217,0.1402723404488325,-0.0124888951284001,0.0013533378106662,1.0,1.0,0.0,10.014635486411862,0.0,-7.141439390708385,-0.3090170333253333,486.0521262300954,0.0201880800313225,2.564179062378144,0.0,0.3989235951289132,0.0,0.0,0.0,7.141439390708385,0.3090170333253333,7.450456424033718,7.450456424033718,iid,5,3000,73000
35.0,0.0048521769173698,60000.0,0.7633721363067627,0.7539055173873903,-0.0094666189193723,0.0342259418448088,0.1850025455089978,1689.0,1499.0,1689.0,2125.0,0.1258140911782119,0.0,2.498921365547279,0.1932837583157081,2.3056376072315707,2.3056376072315707,0.0,67.36520554163435,0.0717938453509699,-0.0111873615776287,0.0017207426582563,1.0,1.0,0.0,9.156600977294149,0.0,-6.637959292800815,-0.2130040772617611,469.789133075808,0.0191182431040902,2.3056376072315707,0.0,0.2738075347584706,0.0,0.0,0.0,6.637959292800815,0.2130040772617611,6.850963370062576,6.850963370062576,iid,5,3000,73000
40.0,0.0048345627417287,60000.0,0.716749026250839,0.7084843832492829,-0.0082646430015561,0.0374208982528962,0.1934448196589824,1327.0,1178.0,1317.0,1651.0,0.1244159758854559,0.0075357950263752,2.0444391655461747,0.2059192089950912,1.8385199565510837,1.8385199565510837,0.0,49.13083443711268,0.0915050737361189,-0.0088884400818666,0.0006237970803104,1.0,1.0,0.0,7.528501159395091,0.0,-5.41673129295873,-0.2732499098852781,491.21767284363887,0.0150948549619335,1.8385199565510837,0.0,0.2993671860231698,0.0,0.0,0.0,5.41673129295873,0.2732499098852781,5.689981202844008,5.689981202844008,iid,5,3000,73000
45.0,0.0048176273546297,60000.0,0.6821389070987701,0.675303354740143,-0.006835552358627,0.0289401439337728,0.1701180294200849,1501.0,1371.0,1493.0,1759.0,0.1171885409726848,0.0053297801465689,1.7962383950331755,0.2143940160849329,1.5818443789482426,1.5818443789482428,2.220446049250313e-16,54.65917455587516,0.1066301402978522,-0.0076207367507883,0.0007851843921612,1.0,1.0,0.0,7.622676988015883,0.0,-5.6552970102781615,-0.3855355987894785,482.3553794418349,0.0155571803430491,1.5818443789482428,2.220446049250313e-16,0.2315211514701829,0.0,0.0,0.0,5.6552970102781615,0.3855355987894785,6.04083260906764,6.04083260906764,iid,5,3000,73000
50.0,0.004801322503961,60000.0,0.6541733303070068,0.6510450791835786,-0.0031282511234281,0.0315948285794423,0.1777493419944004,1682.0,1578.0,1670.0,1876.0,0.1115338882282996,0.0071343638525565,1.5243486008884464,0.6215466633058995,0.9028019375825468,0.9028019375825468,0.0,28.574357835572144,0.2896444545438953,-0.0043346432595347,0.0012063921361065,1.0,1.0,0.0,9.686972742783835,0.0,-8.06955085072184,-0.7146199544794509,543.3523358458733,0.0175158846619867,0.9028019375825468,0.0,0.2527586286355387,0.0,0.0,0.0,8.06955085072184,0.7146199544794509,8.78417080520129,8.78417080520129,iid,5,3000,73000
55.0,0.0047856048355997,60000.0,0.6328875378131867,0.6286017712593078,-0.0042857665538789,0.033751085471705,0.1837146849647709,1374.0,1309.0,1372.0,1506.0,0.1096069868995633,0.0014556040756914,1.4033961631589928,0.3815482867629907,1.0218478763960022,1.0218478763960022,0.0,30.27600037494085,0.2137591938951755,-0.0048901601385279,0.000604393584649,1.0,1.0,0.0,7.226083902292885,0.0,-5.7772067957093896,-0.4270292301874931,508.5307832182698,0.0140106402123846,1.0218478763960022,0.0,0.2700086837736402,0.0,0.0,0.0,5.7772067957093896,0.4270292301874931,6.204236025896883,6.204236025896883,iid,5,3000,73000
60.0,0.0047704352566433,60000.0,0.6114258533000946,0.6084051102161407,-0.0030207430839538,0.0315570737812191,0.1776431078911285,1487.0,1395.0,1475.0,1647.0,0.1107599193006052,0.0080699394754539,1.236266776240592,0.4502101452905598,0.7860566309500321,0.7860566309500321,0.0,24.909046903387026,0.2669530424891994,-0.0037498322660023,0.0007290891820484,1.0,1.0,0.0,7.796876034233719,0.0,-6.579586381583511,-0.4312330217001765,527.5896401467908,0.0145630788198585,0.7860566309500321,0.0,0.252456590249753,0.0,0.0,0.0,6.579586381583511,0.4312330217001765,7.010819403283687,7.010819403283687,iid,5,3000,73000
65.0,0.0047557783984597,60000.0,0.5913736835479736,0.5880473221778869,-0.0033263613700866,0.0138266239153813,0.1175866655509093,1601.0,1518.0,1581.0,1715.0,0.1071205496564647,0.0124921923797626,1.076314411807953,0.2272618024507728,0.8490526093571802,0.8490526093571802,0.0,61.40708061153333,0.1743371810293458,-0.0040379060587367,0.00071154468865,1.0,1.0,0.0,8.960399787058122,0.0,-7.384624462688407,-0.726722715012535,544.1572399151592,0.0161998084022092,0.8490526093571802,0.0,0.1106129913230511,0.0,0.0,0.0,7.384624462688407,0.726722715012535,8.111347177700942,8.111347177700942,iid,5,3000,73000
70.0,0.0047416021613943,60000.0,0.5770016268730164,0.5738544741153718,-0.0031471527576445,0.0291224461636943,0.1706529992812735,1525.0,1449.0,1499.0,1601.0,0.104983606557377,0.0170491803278688,1.1159708727161466,0.3558078501614714,0.7601630225546752,0.7601630225546752,0.0,26.1023067321294,0.2417536309166073,-0.0036043906307572,0.0004572378731127,1.0,1.0,0.0,7.867041767807677,0.0,-6.367199527866887,-0.7396792173861149,550.353874466251,0.0140930616159661,0.7601630225546752,0.0,0.2329795693095548,0.0,0.0,0.0,6.367199527866887,0.7396792173861149,7.106878745253002,7.106878745253002,iid,5,3000,73000
75.0,0.0047278773267132,60000.0,0.5622677098274231,0.5591947874069213,-0.0030729224205018,0.0278507012640544,0.1668852937321155,1548.0,1430.0,1500.0,1658.0,0.1071059431524547,0.0310077519379845,1.1750558041510075,0.4477070962566037,0.7273487078944038,0.7273487078944038,0.0,26.115992592012624,0.2758918731406461,-0.0034388154646681,0.0003658930441663,1.0,1.0,9.313225746154783e-10,8.764724218170159,0.0,-7.296882241143976,-0.7404932691317788,559.0240175856961,0.0154365938823031,0.7273487078944038,0.0,0.2228056101124359,0.0,0.0,0.0,7.296882241143976,0.7404932691317788,8.037375510275755,8.037375510275755,iid,5,3000,73000
80.0,0.0047145772242381,60000.0,0.5534710997581482,0.5476664728164674,-0.0058046269416808,0.112905620566792,0.3360143160146485,1807.0,1702.0,1779.0,1939.0,0.1073049252905368,0.0154952960708356,2.569688550751533,0.9848081738340132,1.5848803769175197,1.5848803769175197,0.0,14.03721417021879,0.2770598062511484,-0.0074720409281572,0.0016674139864764,1.0,1.0,0.0,10.344291127286851,0.0,-7.951034025226363,-0.8083767251429688,611.913905227686,0.0166237924833791,1.5848803769175197,0.0,0.9032449645343364,0.0,0.0,0.0,7.951034025226363,0.8083767251429688,8.759410750369332,8.759410750369332,iid,5,3000,73000
85.0,0.0047016774463746,60000.0,0.536983065891266,0.5343804281711578,-0.0026026377201081,0.0501180827583093,0.2238706831148495,1799.0,1695.0,1761.0,1913.0,0.1063368538076709,0.0211228460255697,1.703853027924456,0.8958326072890443,0.8080204206354118,0.8080204206354118,0.0,16.122333021636692,0.3445926673420548,-0.0037990513879116,0.0011964136678034,1.0,1.0,0.0,11.157048496010248,0.0,-9.413095150388926,-0.9359329249859094,605.9872939300003,0.0180785072940174,0.8080204206354118,0.0,0.400944662066475,0.0,0.0,0.0,9.413095150388926,0.9359329249859094,10.349028075374836,10.349028075374836,iid,5,3000,73000
90.0,0.0046891556009951,60000.0,0.5227283579826355,0.521320629310608,-0.0014077286720275,0.0332469964829383,0.1823375893307202,1872.0,1743.0,1822.0,1992.0,0.1064102564102564,0.0267094017094017,1.358588672462142,0.7866033719054872,0.5719853005566549,0.5719853005566549,0.0,17.204119501446844,0.3666820292247383,-0.0026821280757921,0.0012743994037645,1.0,1.0,0.0,12.46926526655443,0.0,-10.817698844119832,-1.0795811218779434,601.0111950733954,0.020325448115568,0.5719853005566549,0.0,0.2659759718635071,0.0,0.0,0.0,10.817698844119832,1.0795811218779434,11.897279965997775,11.897279965997775,iid,5,3000,73000
95.0,0.0046769910970246,60000.0,0.5150515273571016,0.5126515902757643,-0.0023999370813372,0.048469758061078,0.2201584839634348,1550.0,1465.0,1502.0,1578.0,0.1018064516129032,0.0309677419354839,1.2800633223662468,0.6525241078219359,0.6275392145443108,0.6275392145443108,0.0,12.947025932201528,0.3376427361728196,-0.0029349953194575,0.0005350582381203,1.0,1.0,0.0,8.13121189060621,0.0,-6.619826748685227,-0.8838459273766714,550.3683991897633,0.0145590287428796,0.6275392145443108,0.0,0.387758064488624,0.0,0.0,0.0,6.619826748685227,0.8838459273766714,7.503672676061899,7.503672676061899,iid,5,3000,73000
100.0,0.004665164957684,60000.0,0.5055470215320588,0.5037230414867402,-0.0018239800453185,0.0445633280078861,0.2111002795068878,1863.0,1723.0,1793.0,1939.0,0.1040794417606011,0.0375738056897476,1.66138929709562,0.6096924921466957,1.051696804948924,1.051696804948924,0.0,23.60005080327058,0.2684590643255093,-0.0049063390805559,0.0030823590352373,1.0,1.0,0.0,11.23662215017248,0.0,-9.13274095541874,-1.0521843898048155,623.8349770130699,0.0176934729327805,1.051696804948924,0.0,0.3565066240630893,0.0,0.0,0.0,9.13274095541874,1.0521843898048155,10.184925345223554,10.184925345223554,iid,5,3000,73000
105.0,0.0046536596572292,60000.0,0.4975571856975556,0.4942315854787827,-0.0033256002187728,0.0391386651956466,0.1978349443239152,1874.0,1774.0,1846.0,2000.0,0.1067235859124866,0.0149413020277481,1.7001739971683616,0.6963683800108527,1.003805617157509,1.003805617157509,0.0,25.647415724059005,0.2905721119901474,-0.004671369704266,0.0013457694854931,1.0,1.0,0.0,12.293305273749866,0.0,-10.523123281139306,-0.766376375453051,633.4132334391034,0.0190385330435947,1.003805617157509,0.0,0.3131093215651732,0.0,0.0,0.0,10.523123281139306,0.766376375453051,11.289499656592357,11.289499656592357,iid,5,3000,73000
110.0,0.0046424589777348,60000.0,0.4879768665313722,0.4854905108928681,-0.002486355638504,0.0192212492761968,0.1386407201229018,1534.0,1463.0,1502.0,1590.0,0.1036505867014341,0.0208604954367666,1.0291838414163277,0.3652920697439867,0.6638917716723407,0.6638917716723407,0.0,34.53947046483031,0.2619565292024549,-0.0030820903156445,0.0005957346771404,1.0,1.0,0.0,8.365995193482377,0.0,-6.973467776173379,-0.7286356456366567,579.7020922823649,0.0142262356547718,0.6638917716723407,0.0,0.1537699942095745,0.0,0.0,0.0,6.973467776173379,0.7286356456366567,7.702103421810036,7.702103421810036,iid,5,3000,73000
115.0,0.0046315478830482,60000.0,0.4816071739912033,0.4811938055753708,-0.0004133684158324,0.0229356340820708,0.1514451520586606,1425.0,1345.0,1379.0,1449.0,0.1016842105263158,0.0322807017543859,0.8480490894793746,0.5163749975624903,0.3316740919168843,0.3316740919168843,0.0,14.461082293607015,0.3784563776516254,-0.0015361644382795,0.0011227960224471,1.0,1.0,0.0,8.329064306948567,0.0,-7.097965880675247,-0.8994243343564357,577.4226708754522,0.0142194445302922,0.3316740919168843,0.0,0.1834850726565668,0.0,0.0,0.0,7.097965880675247,0.8994243343564357,7.997390215031682,7.997390215031682,iid,5,3000,73000
120.0,0.0046209124075087,60000.0,0.4759629533529282,0.4765290131092072,0.000566059756279,0.0240761004102775,0.1551647524738706,1805.0,1683.0,1735.0,1841.0,0.101994459833795,0.038781163434903,1.2747643802414004,0.6714368500441128,0.6033275301972876,0.6033275301972876,0.0,25.0591881540642,0.344998677215722,-0.0027879236700802,0.0033539834263593,0.0,1.0,0.0,11.39727210928686,0.0,-9.51356910596445,-1.280375473125122,572.4640968638032,0.0195205107152964,0.6033275301972876,0.0,0.1926088032822204,0.0,0.0,0.0,9.51356910596445,1.280375473125122,10.793944579089572,10.793944579089572,iid,5,3000,73000
125.0,0.0046105395574086,60000.0,0.4706500436782837,0.4701295340299606,-0.0005205096483231,0.0183209856526273,0.1353550355643534,1587.0,1518.0,1559.0,1645.0,0.1036546943919344,0.017643352236925,0.7927912900773868,0.4113265657362239,0.3814647243411628,0.3814647243411628,0.0,20.82119005897796,0.3415999220925883,-0.0017587582013309,0.0012382485530077,1.0,1.0,0.0,8.765945020655636,0.0,-7.482619301108969,-0.9018609952055044,570.8404735211734,0.0151239612610035,0.3814647243411628,0.0,0.146567885221019,0.0,0.0,0.0,7.482619301108969,0.9018609952055044,8.384480296314473,8.384480296314473,iid,5,3000,73000
130.0,0.0046004172234895,60000.0,0.4641563814401627,0.4651114236593247,0.000955042219162,0.0147795235310399,0.1215710637077753,1993.0,1875.0,1935.0,2055.0,0.1031108881083793,0.0291018564977421,0.7408121324746189,0.6450004668718803,0.0958116656027385,0.0958116656027385,0.0,6.482730339818793,0.4654312330368767,-0.00044077363665,0.0013958158558121,0.0,1.0,0.0,11.484881711308844,0.0,-10.198939086658129,-1.190130959047977,645.8026942353572,0.0174731458977717,0.0958116656027385,0.0,0.1182361882483197,0.0224245226455811,0.0,0.0,10.198939086658129,1.190130959047977,11.389070045706106,11.366645523060525,iid,5,3000,73000
135.0,0.0045905341030286,60000.0,0.4621141790866852,0.4614283435106278,-0.0006858355760574,0.0325594531765842,0.1804423818746145,1842.0,1715.0,1750.0,1824.0,0.0990228013029315,0.0499457111834962,1.146759001144197,0.856480230705035,0.290278770439162,0.290278770439162,0.0,8.91534537956927,0.427547652366213,-0.0013325345950861,0.0006466990190287,1.0,1.0,0.0,11.620041652582586,0.0,-10.231972120377463,-1.0977907617659604,613.1263996782582,0.0185996123928764,0.290278770439162,0.0,0.2604756254126737,0.0,0.0,0.0,10.231972120377463,1.0977907617659604,11.329762882143424,11.329762882143424,iid,5,3000,73000
140.0,0.0045808796302822,60000.0,0.4561694268465042,0.4561065094947815,-6.291735172270219e-05,0.0240305602195412,0.1550179351544243,2006.0,1884.0,1930.0,2026.0,0.1009970089730807,0.0378863409770687,0.9505546897160562,0.6066408754351329,0.3439138142809232,0.3439138142809232,0.0,14.311518796855085,0.3895726965907675,-0.0015754277864121,0.0015125104346894,1.0,1.0,0.0,12.336449318216182,0.0,-10.871304842630709,-1.1212306613045522,620.5715552330366,0.0194916942580984,0.3439138142809232,0.0,0.1922444817563303,0.0,0.0,0.0,10.871304842630709,1.1212306613045522,11.992535503935258,11.992535503935258,iid,5,3000,73000
145.0,0.0045714439142384,60000.0,0.4514456562757492,0.4495483495473861,-0.001897306728363,0.0299607742192285,0.1730918086427794,2049.0,1935.0,1983.0,2079.0,0.1014641288433382,0.0322108345534406,1.5830187870340202,0.5190126385667151,1.0640061484673051,1.0640061484673051,0.0,35.513306187676385,0.2469100281973127,-0.0048640444321231,0.00296673770376,1.0,1.0,0.0,12.986192213837056,0.0,-10.884604758682372,-1.037581306687381,628.380446485965,0.020247688966428,1.0640061484673051,0.0,0.2396861937538285,0.0,0.0,0.0,10.884604758682372,1.037581306687381,11.922186065369752,11.922186065369752,iid,5,3000,73000
150.0,0.0045622176827774,60000.0,0.4477665250778199,0.4474735644102096,-0.0002929606676102,0.0347532621063304,0.186422268268387,2030.0,1908.0,1956.0,2052.0,0.1010837438423645,0.0364532019704433,1.2470578561421064,0.8780143506674509,0.3690435054746555,0.3690435054746555,0.0,10.6189601524466,0.4131691844888619,-0.0016836568063906,0.0013906961387803,1.0,1.0,0.0,12.24572904984234,0.0,-10.67593368533835,-1.2007518590293331,621.4338578823408,0.0193247964781811,0.3690435054746555,0.0,0.2780260968506436,0.0,0.0,0.0,10.67593368533835,1.2007518590293331,11.876685544367684,11.876685544367684,iid,5,3000,73000
1.0,0.0049950273089797,60000.0,2.305176584529877,2.305176584529877,0.0,0.6123968227699055,0.7825578718343491,0.0,0.0,0.0,0.0,0.0,0.0,0.0,0.0,0.0,0.0,0.0,0.0,,-0.0,0.0,0.0,0.0,0.0,0.0,0.0,0.0,0.0,818.9978991398712,0.0,0.0,0.0,4.899174582159244,4.899174582159244,4.899174582159244,0.0,0.0,0.0,4.899174582159244,0.0,iid,5,3100,73100
5.0,0.0049756643332495,60000.0,2.1848211428165434,1.9753367969512936,-0.2094843458652495,0.9549240427024818,0.9772021503775368,4561.0,1154.0,4561.0,26141.0,0.5731418548563911,0.0,71.5463152125451,0.0099267767800483,71.53638843576505,71.53638843576505,0.0,74.9131713484913,0.0001387269161162,-0.3559410564693208,0.1464567106040712,1.0,1.0,6.261369378535164e-08,57.70244174078107,0.0,13.99114397806261,-0.1571972830786308,863.5582369956755,0.0626342175158524,71.53638843576505,0.0,7.639392341619854,0.0,0.0,0.0,0.0,0.1571972830786308,0.1571972830786308,0.1571972830786308,iid,5,3100,73100
10.0,0.0049525712910726,60000.0,1.4869756397247316,1.3862894471168516,-0.1006861926078799,0.5563809574122227,0.7459094833907279,3298.0,1818.0,3298.0,8714.0,0.2642207398423287,0.0,27.996158158611983,0.3614932554293943,27.63466490318259,27.63466490318259,0.0,49.66860302285304,0.012747644371226,-0.1368626480379139,0.0361764554300339,1.0,1.0,1.1926748477719684e-08,26.04591226496268,0.0,1.731258781360566,-0.1425061431406584,511.11677167907874,0.04848794051315,27.63466490318259,0.0,4.451047659297782,0.0,0.0,0.0,0.0,0.1425061431406584,0.1425061431406584,0.1425061431406584,iid,5,3100,73100
15.0,0.004930605096731,60000.0,1.175671663856506,1.1323987389564514,-0.0432729249000547,0.1302942084459512,0.3609628906770767,2527.0,1681.0,2527.0,5327.0,0.210803324099723,0.0,10.808551642899214,0.1094947219858539,10.69905692091336,10.69905692091336,0.0,82.11460086003405,0.0100287833854611,-0.0527528245844708,0.0094798996844161,1.0,1.0,8.119082295365843e-09,15.915401790291073,0.0,-5.097508307647331,-0.1188365617303794,459.2695780055965,0.03349306578909,10.69905692091336,0.0,1.0423536675676095,0.0,0.0,0.0,5.097508307647331,0.1188365617303794,5.216344869377711,5.216344869377711,iid,5,3100,73100
20.0,0.0049096652228095,60000.0,0.9999504216194154,0.9758486141204836,-0.0241018074989317,0.0628041743370029,0.2506076102934684,1820.0,1419.0,1804.0,2872.0,0.1578021978021978,0.0087912087912087,5.614252439403005,0.2446006374419767,5.369651801961028,5.369651801961028,0.0,85.49832648301114,0.0417488942347219,-0.0263631927106847,0.002261385211753,1.0,1.0,4.165001232792065e-09,11.57109661726281,0.0,-6.00505590469561,-0.1963889106061724,432.9018729387508,0.026033296532793,5.369651801961028,0.0,0.5024333946960237,0.0,0.0,0.0,6.00505590469561,0.1963889106061724,6.201444815301782,6.201444815301782,iid,5,3100,73100
25.0,0.0048896638427146,60000.0,0.9030631688594818,0.8853427792072297,-0.017720389652252,0.1092684955480643,0.3305578550693725,1657.0,1345.0,1649.0,2439.0,0.1471937235968618,0.0048280024140011,4.222766037552283,0.4327935590233025,3.789972478528981,3.789972478528981,0.0,34.68495159121023,0.0929627362823677,-0.0185316913931467,0.0008113017408946,1.0,1.0,2.63417798684884e-09,8.75913077685982,0.0,-4.754290252997976,-0.2148680453328637,459.66461801089145,0.018699160321243,3.789972478528981,0.0,0.8741479643845144,0.0,0.0,0.0,4.754290252997976,0.2148680453328637,4.969158298330839,4.969158298330839,iid,5,3100,73100
30.0,0.0048705237912742,60000.0,0.8216111430644989,0.8082024929523469,-0.0134086501121519,0.0518793716216829,0.2277704362328064,1683.0,1449.0,1683.0,2245.0,0.1333927510398098,0.0,3.1506072039521857,0.206373957791861,2.9442332461603247,2.9442332461603247,0.0,56.75152096348415,0.061476054779123,-0.0143399580724845,0.0009313079603325,1.0,1.0,0.0,9.554311481188051,0.0,-6.2556078051762825,-0.3544704298514443,479.1348889851015,0.0195508954813645,2.9442332461603247,0.0,0.4150349729734636,0.0,0.0,0.0,6.2556078051762825,0.3544704298514443,6.610078235027727,6.610078235027727,iid,5,3100,73100
35.0,0.0048521769173698,60000.0,0.7604354357719423,0.7511537502765656,-0.0092816854953766,0.0410419208279339,0.2025880569726013,1553.0,1378.0,1549.0,1947.0,0.1253702511268512,0.0025756600128783,2.3211003084799016,0.2904129754274125,2.030687333052489,2.030687333052489,0.0,49.47836972752896,0.1112048624132978,-0.0098532542038325,0.0005715687084558,1.0,1.0,0.0,7.847387034737039,0.0,-5.481532443835704,-0.3351672578488465,467.4461678393072,0.0165106110829056,2.030687333052489,0.0,0.3283353666234718,0.0,0.0,0.0,5.481532443835704,0.3351672578488465,5.81669970168455,5.81669970168455,iid,5,3100,73100
40.0,0.0048345627417287,60000.0,0.7132228184223176,0.7049759420394899,-0.0082468763828277,0.0368416791939309,0.1919418640993438,1525.0,1411.0,1523.0,1799.0,0.1179672131147541,0.0013114754098361,2.126145508222232,0.2286927189342478,1.897452789287984,1.897452789287984,0.0,51.50288561224309,0.0971161060224503,-0.0091733545592809,0.0009264781764532,1.0,1.0,0.0,7.77013353043003,0.0,-5.46065068912003,-0.4120300520220161,507.3661627315705,0.0150836459919689,1.897452789287984,0.0,0.2947334335514479,0.0,0.0,0.0,5.46065068912003,0.4120300520220161,5.872680741142046,5.872680741142046,iid,5,3100,73100
45.0,0.0048176273546297,60000.0,0.6761077643871307,0.6719977982521057,-0.004109966135025,0.0205300510454076,0.1432831150045517,1461.0,1363.0,1453.0,1649.0,0.1128678986995208,0.0054757015742642,1.2812468125792211,0.2661281784719778,1.0151186341072431,1.0151186341072431,0.0,49.44549976334893,0.1719868680901876,-0.0048904632998694,0.0007804971648444,1.0,1.0,0.0,7.6199783402262256,0.0,-6.188372805099334,-0.4164869010196481,494.7843371310592,0.0151670240592544,1.0151186341072431,0.0,0.1642404083632608,0.0,0.0,0.0,6.188372805099334,0.4164869010196481,6.604859706118982,6.604859706118982,iid,5,3100,73100
50.0,0.004801322503961,60000.0,0.6497473636627198,0.6444551091670991,-0.0052922544956206,0.0260795153137568,0.1614915332571862,1468.0,1352.0,1462.0,1716.0,0.1168937329700272,0.0040871934604904,1.595663152268969,0.2238307452537754,1.3718324070151935,1.3718324070151935,0.0,52.60191343707815,0.1230181346354185,-0.0065866098074651,0.0012943553118445,1.0,1.0,0.0,7.469010030385107,0.0,-5.69825896650525,-0.398918656864663,531.0251460652671,0.0138701784333911,1.3718324070151935,0.0,0.208636122510055,0.0,0.0,0.0,5.69825896650525,0.398918656864663,6.097177623369913,6.097177623369913,iid,5,3100,73100
55.0,0.0047856048355997,60000.0,0.6264063590526581,0.6219835873603822,-0.0044227716922758,0.0399665591160075,0.1999163803093872,1461.0,1387.0,1449.0,1589.0,0.1087611225188227,0.0082135523613963,1.4775372560783682,0.4067436247233758,1.0707936313549924,1.0707936313549924,0.0,26.792239688357725,0.2158614614559535,-0.0051243951801418,0.0007016234878659,1.0,1.0,0.0,8.190402209816966,0.0,-6.676565699574667,-0.4430428788873071,550.0783626528737,0.0146710737288543,1.0707936313549924,0.0,0.3197324729280603,0.0,0.0,0.0,6.676565699574667,0.4430428788873071,7.119608578461974,7.119608578461974,iid,5,3100,73100
60.0,0.0047704352566433,60000.0,0.6077351735591888,0.6022822278976442,-0.0054529456615446,0.0388433576711413,0.1970871829194919,1576.0,1474.0,1550.0,1722.0,0.1092639593908629,0.0164974619289339,1.758531866268366,0.3824459287644757,1.3760859375038903,1.3760859375038903,0.0,35.42654445978172,0.1786314316999299,-0.0065645288724396,0.001111583210895,1.0,1.0,0.0,9.46433522447478,0.0,-7.498094754752685,-0.5901545322182047,581.4417378472026,0.0160166491017376,1.3760859375038903,0.0,0.3107468613691304,0.0,0.0,0.0,7.498094754752685,0.5901545322182047,8.088249286970889,8.088249286970889,iid,5,3100,73100
65.0,0.0047557783984597,60000.0,0.5873728123188019,0.5841077400684357,-0.0032650722503662,0.02006492751271,0.1416507236575586,1353.0,1285.0,1337.0,1447.0,0.1069475240206947,0.0118255728011825,1.0254417575600925,0.289224998492578,0.7362167590675143,0.7362167590675144,1.1102230246251563e-16,36.69172283832879,0.2199987161468853,-0.0035012837593573,0.000236211508991,1.0,1.0,0.0,6.739471838576719,0.0,-5.526436311960651,-0.4768187675485533,514.0436453653037,0.0129410336394186,0.7362167590675144,1.1102230246251563e-16,0.1605194201016802,0.0,0.0,0.0,5.526436311960651,0.4768187675485533,6.003255079509205,6.003255079509205,iid,5,3100,73100
70.0,0.0047416021613943,60000.0,0.5695506959438325,0.5673087140083313,-0.0022419819355011,0.0214002865389676,0.1462883677500288,1726.0,1612.0,1698.0,1882.0,0.1090382387022016,0.0162224797219003,1.2049378219740137,0.531995617592588,0.6729422043814257,0.6729422043814257,0.0,31.445476356406168,0.3062844006995058,-0.0031908242107884,0.0009488422752872,1.0,1.0,0.0,9.57877152157016,0.0,-8.115059435641228,-0.7907698815475068,585.7716255186824,0.0160893006357103,0.6729422043814257,0.0,0.1712022923117415,0.0,0.0,0.0,8.115059435641228,0.7907698815475068,8.905829317188735,8.905829317188735,iid,5,3100,73100
75.0,0.0047278773267132,60000.0,0.5559368880271912,0.5543525311470032,-0.0015843568801879,0.0259858202683878,0.1612011794882029,1558.0,1472.0,1526.0,1654.0,0.1061617458279846,0.0205391527599486,1.0940760576755508,0.5987049417839296,0.4953711158916212,0.4953711158916212,0.0,19.063131768607228,0.3536812747633044,-0.0023420538671326,0.0007576969869446,1.0,1.0,0.0,8.367487012641504,0.0,-7.372983350544018,-0.4991325462058649,565.4186951235351,0.0145829357226585,0.4953711158916212,0.0,0.2078865621471024,0.0,0.0,0.0,7.372983350544018,0.4991325462058649,7.872115896749883,7.872115896749883,iid,5,3100,73100
80.0,0.0047145772242381,60000.0,0.5446198911666871,0.5396733126163484,-0.0049465785503386,0.0555556220681088,0.2357024014899059,1533.0,1456.0,1503.0,1599.0,0.1043052837573385,0.0195694716242661,1.7416617567910802,0.4319378610234812,1.309723895767599,1.309723895767599,0.0,23.575001899212527,0.1987200666964469,-0.0061747944490263,0.0012282158986877,1.0,1.0,0.0,8.469611502951011,0.0,-6.628415622387138,-0.5314719847962743,557.5026459947512,0.0149647114160633,1.309723895767599,0.0,0.4444449765448706,0.0,0.0,0.0,6.628415622387138,0.5314719847962743,7.159887607183412,7.159887607183412,iid,5,3100,73100
85.0,0.0047016774463746,60000.0,0.5307359454154968,0.5294481570243836,-0.0012877883911132,0.0358390757645607,0.1893121120387195,1580.0,1501.0,1560.0,1686.0,0.1067088607594936,0.0126582278481012,1.1976582012199497,0.6700517910036448,0.5276064102163049,0.5276064102163049,0.0,14.721540635766788,0.3587557992372881,-0.0024806351594766,0.0011928467683634,1.0,1.0,0.0,9.002833853592165,0.0,-7.785884077809101,-0.6893433655667591,575.7938814796639,0.0153948092004274,0.5276064102163049,0.0,0.2867126061164856,0.0,0.0,0.0,7.785884077809101,0.6893433655667591,8.47522744337586,8.47522744337586,iid,5,3100,73100
90.0,0.0046891556009951,60000.0,0.5171442892551423,0.5144257638931276,-0.0027185253620147,0.0220646055122374,0.1485415952258406,1704.0,1613.0,1676.0,1802.0,0.1057511737089201,0.0164319248826291,1.2625629693247178,0.3959853392982162,0.8665776300265016,0.8665776300265015,1.1102230246251563e-16,39.27455804935557,0.2387541787233176,-0.0040635173475358,0.001344991985521,1.0,1.0,0.0,10.19613629131345,0.0,-8.54621483949245,-0.7833438217944996,626.3929767972149,0.0160168247958954,0.8665776300265015,1.1102230246251563e-16,0.1765168440978998,0.0,0.0,0.0,8.54621483949245,0.7833438217944996,9.32955866128695,9.32955866128695,iid,5,3100,73100
95.0,0.0046769910970246,60000.0,0.5064294161081314,0.5043345628023149,-0.0020948533058164,0.0215790000180441,0.1468979238044028,1470.0,1394.0,1434.0,1520.0,0.1034013605442176,0.0244897959183673,0.9357433540951564,0.3775598055876024,0.5581835485075539,0.5581835485075539,0.0,25.86697937999012,0.2874886904854517,-0.0026106194868754,0.0005157661810589,1.0,1.0,0.0,8.063663527253084,0.0,-6.782591402674029,-0.7228885760715007,623.2826838290966,0.0127721710294487,0.5581835485075539,0.0,0.172632000144353,0.0,0.0,0.0,6.782591402674029,0.7228885760715007,7.50547997874553,7.50547997874553,iid,5,3100,73100
100.0,0.004665164957684,60000.0,0.4975939723253249,0.5011528063535691,0.0035588340282441,0.0339882769137019,0.1843590977242564,1863.0,1739.0,1807.0,1955.0,0.1049382716049382,0.0300590445517981,0.8148726262141439,0.949098790929992,-0.134226164715848,-0.134226164715848,0.0,-3.949190041515064,0.5380465815407485,0.0006261872000366,0.0029326468282074,0.0,0.0,0.0,11.721273113274949,0.0,-10.853796851300883,-1.00170242668991,632.5166567571159,0.0181940127549352,-0.134226164715848,0.0,0.2719062153096155,0.4061323800254635,0.0,0.0,10.853796851300883,1.00170242668991,11.855499277990797,11.449366897965332,iid,5,3100,73100
105.0,0.0046536596572292,60000.0,0.4886882905960082,0.4864519027233124,-0.0022363878726958,0.0190367509013987,0.1379737326500908,1590.0,1502.0,1556.0,1676.0,0.1054088050314465,0.0213836477987421,1.0676492809942566,0.3195584274967409,0.7480908534975157,0.7480908534975157,0.0,39.29719190907464,0.2303609081327526,-0.0034813602248635,0.0012449723521677,1.0,1.0,0.0,8.989571027166676,0.0,-7.364990613470127,-0.8764895601990332,634.5229709396426,0.0139695350764901,0.7480908534975157,0.0,0.1522940072111899,0.0,0.0,0.0,7.364990613470127,0.8764895601990332,8.24148017366916,8.24148017366916,iid,5,3100,73100
110.0,0.0046424589777348,60000.0,0.4834555761814118,0.4821750914812088,-0.0012804847002029,0.0467680037313237,0.2162591124815871,1893.0,1772.0,1817.0,1907.0,0.1007395668251452,0.0401479133650291,1.255052381406566,0.8602653249151242,0.3947870564914417,0.3947870564914417,0.0,8.441392084200203,0.4066837441695853,-0.0018327827147021,0.0005522980144992,1.0,1.0,0.0,10.73932416678872,0.0,-9.43715678911235,-0.9073803211849274,648.0416936291222,0.0163018117958519,0.3947870564914417,0.0,0.3741440298505899,0.0,0.0,0.0,9.43715678911235,0.9073803211849274,10.344537110297278,10.344537110297278,iid,5,3100,73100
115.0,0.0046315478830482,60000.0,0.4761671536445618,0.4773243175268173,0.0011571638822555,0.0188664178969299,0.1373550796182288,1763.0,1650.0,1695.0,1789.0,0.1014747589336358,0.0385706182643221,0.7548453041079535,0.6951466329929588,0.0596986711149947,0.0596986711149947,0.0,3.1642822416601475,0.4794141368694935,-0.0002764972538234,0.0014336611360789,0.0,1.0,0.0,10.304107735166326,0.0,-9.39600499730659,-0.8484040667447408,638.6332546141311,0.0158784319304149,0.0596986711149947,0.0,0.1509313431754398,0.0912326720604451,0.0,0.0,9.39600499730659,0.8484040667447408,10.244409064051332,10.153176391990888,iid,5,3100,73100
120.0,0.0046209124075087,60000.0,0.4712439386606216,0.4696779150485993,-0.0015660236120223,0.0292443987181806,0.1710099374837049,1526.0,1430.0,1470.0,1556.0,0.1019659239842726,0.036697247706422,0.969101554797934,0.521277666745636,0.447823888052298,0.447823888052298,0.0,15.31315081454879,0.3497617647981929,-0.0020693549606796,0.0005033313486573,1.0,1.0,0.0,8.372092113015242,0.0,-7.134018790725463,-0.7902494342374808,620.50727905237,0.0133127154377806,0.447823888052298,0.0,0.2339551897454454,0.0,0.0,0.0,7.134018790725463,0.7902494342374808,7.924268224962944,7.924268224962944,iid,5,3100,73100
125.0,0.0046105395574086,60000.0,0.4642391909122467,0.4643402228355408,0.0001010319232941,0.0170514679645145,0.1305812695776641,1443.0,1365.0,1397.0,1461.0,0.1012474012474012,0.0318780318780318,0.5557286961074368,0.4673213591450529,0.0884073369623839,0.0884073369623839,0.0,5.184734660169218,0.4567922720357192,-0.0004076055242302,0.0005086374475243,0.0,1.0,0.0,8.015443370735738,0.0,-7.15644351615569,-0.7705925176176645,586.672683099896,0.0134783981955482,0.0884073369623839,0.0,0.1364117437161167,0.0480044067537328,0.0,0.0,7.15644351615569,0.7705925176176645,7.927036033773355,7.879031627019622,iid,5,3100,73100
130.0,0.0046004172234895,60000.0,0.4595686864376068,0.4590441864967347,-0.0005244999408721,0.0099085046523018,0.0995414720219763,1743.0,1634.0,1669.0,1739.0,0.0997705106138841,0.04245553643144,0.5927300311722679,0.3537216217116246,0.2390084094606432,0.2390084094606432,0.0,24.12154183175541,0.3737344856800815,-0.0010995384034415,0.0005750384625694,1.0,1.0,0.0,9.83794667077018,0.0,-8.601510159015788,-0.997428102293748,588.7416948335886,0.0164354849190081,0.2390084094606432,0.0,0.0792680372184151,0.0,0.0,0.0,8.601510159015788,0.997428102293748,9.598938261309536,9.598938261309536,iid,5,3100,73100
135.0,0.0045905341030286,60000.0,0.4565309792757035,0.4553883852243424,-0.001142594051361,0.0249262932775844,0.1578806298365459,1795.0,1694.0,1729.0,1799.0,0.1002228412256267,0.0367688022284122,1.0540069223067317,0.6336382221473666,0.420368700159365,0.420368700159365,0.0,16.86446899577288,0.3754570231956726,-0.0019297168539273,0.0007871228025663,1.0,1.0,0.0,10.13226084789494,0.0,-8.980826106294217,-0.731066041441359,663.9169016469496,0.0150319315143017,0.420368700159365,0.0,0.1994103462206756,0.0,0.0,0.0,8.980826106294217,0.731066041441359,9.711892147735576,9.711892147735576,iid,5,3100,73100
140.0,0.0045808796302822,60000.0,0.4517928499698639,0.4517696509361267,-2.3199033737209e-05,0.0205467133100396,0.143341247762253,1894.0,1791.0,1842.0,1946.0,0.1027455121436114,0.027455121436114,0.861767238549521,0.4989306295303271,0.3628366090191939,0.3628366090191939,0.0,17.65910700870603,0.3666726032535012,-0.0016621108313767,0.0016389117976394,1.0,1.0,0.0,12.04421841003932,0.0,-10.67486766805905,-1.006514132961076,681.4790925361958,0.0173667102748231,0.3628366090191939,0.0,0.1643737064803168,0.0,0.0,0.0,10.67486766805905,1.006514132961076,11.681381801020128,11.681381801020128,iid,5,3100,73100
145.0,0.0045714439142384,60000.0,0.4494983810901642,0.4485027031898499,-0.0009956779003142,0.03625515662565,0.190407869127434,1779.0,1679.0,1715.0,1789.0,0.1005621135469364,0.0359752670039348,1.1049574110312523,0.7724344158270711,0.3325229952041812,0.3325229952041812,0.0,9.171743447080454,0.4114401718258692,-0.0015201102227704,0.0005244323224561,1.0,1.0,0.0,10.067347974167204,0.0,-8.905400867758999,-0.829424111204025,647.0683945123947,0.015320043216753,0.3325229952041812,0.0,0.2900412530052003,0.0,0.0,0.0,8.905400867758999,0.829424111204025,9.734824978963024,9.734824978963024,iid,5,3100,73100
150.0,0.0045622176827774,60000.0,0.4450642717599868,0.4445587654829025,-0.0005055062770843,0.0369842561141431,0.1923129119797814,1590.0,1496.0,1536.0,1620.0,0.1018867924528302,0.0339622641509433,1.022267793904348,0.7507282788761529,0.2715395150281949,0.2715395150281949,0.0,7.342029921871412,0.4234235430080922,-0.0012388223770344,0.00073331609995,1.0,1.0,0.0,9.709003472235054,0.0,-8.72949878093192,-0.7079651762749393,642.1401630734126,0.0148945553212656,0.2715395150281949,0.0,0.2958740489131454,0.0243345338849504,0.0,0.0,8.72949878093192,0.7079651762749393,9.43746395720686,9.413129423321909,iid,5,3100,73100
1.0,0.0049950273089797,60000.0,2.3051765606880186,2.3051259243011475,-5.063638687108352e-05,0.612396822701744,0.7825578717907986,3.0,3.0,3.0,3.0,0.1,0.0,0.0108864446228835,0.0,0.0108864446228835,0.0108864446228835,0.0,0.0177767816868403,0.0,-5.437808818899915e-05,3.7417013179156313e-06,1.0,1.0,0.0,0.1709274388849735,0.0,-0.1599211238790303,-0.0001198703830596,823.457356154403,0.0002075298314662,0.0108864446228835,0.0,4.899174581613952,4.8882881369910685,4.7282471427289785,0.0,0.1599211238790303,0.0001198703830596,4.8882881369910685,0.0,iid,5,3200,73200
5.0,0.0049756643332495,60000.0,2.181407938289642,1.976023140716553,-0.2053847975730891,0.9628577938874776,0.9812531752241506,4387.0,1114.0,4385.0,25377.0,0.5784590836562571,0.0004558924093913,69.20450576876101,0.0154734633867548,69.18903230537425,69.18903230537425,0.0,71.85799683463941,0.0002235404222653,-0.3442614002939007,0.1388766027208115,1.0,1.0,6.032785648812934e-08,55.5585488579236,0.0,13.823923798838225,-0.1934403513875651,860.8457908814034,0.0606266758554715,69.18903230537425,0.0,7.702862351099821,0.0,0.0,0.0,0.0,0.1934403513875651,0.1934403513875651,0.1934403513875651,iid,5,3200,73200
10.0,0.0049525712910726,60000.0,1.487524605178833,1.3907807379722597,-0.0967438672065732,0.494748596232978,0.7033836764049746,3056.0,1704.0,3056.0,7784.0,0.2547120418848168,0.0,23.42748057550899,0.271307182633933,23.156173392875058,23.156173392875058,0.0,46.80391934244271,0.0114481460150092,-0.1146825995566524,0.0179387323500791,1.0,1.0,1.5359765015432458e-08,24.88527835032437,0.0,-1.484655678574086,-0.2444492788752256,519.5708945695483,0.0457066694952997,23.156173392875058,0.0,3.957988769863824,0.0,0.0,0.0,1.484655678574086,0.2444492788752256,1.7291049574493116,1.7291049574493116,iid,5,3200,73200
15.0,0.004930605096731,60000.0,1.1710505235672,1.129519193172455,-0.0415313303947448,0.1339444517499093,0.3659842233620314,2449.0,1739.0,2449.0,4525.0,0.1847692935892201,0.0,9.596970331029093,0.3203285400944633,9.276641790934628,9.276641790934628,0.0,69.25737997909202,0.0322999784777256,-0.0457394572949303,0.0042081269001855,1.0,1.0,4.5625303535246076e-09,15.475053978385404,0.0,-6.058348814271085,-0.1400633731796912,466.8556942885498,0.0320839051501254,9.276641790934628,0.0,1.0715556139992746,0.0,0.0,0.0,6.058348814271085,0.1400633731796912,6.198412187450776,6.198412187450776,iid,5,3200,73200
20.0,0.0049096652228095,60000.0,0.9994142060756684,0.9762646143436432,-0.023149591732025,0.05589865157144,0.2364289567109748,1779.0,1372.0,1773.0,2865.0,0.1610455311973018,0.0033726812816189,5.353134335212069,0.2050707749049181,5.148063560307151,5.148063560307151,0.0,92.0963818550754,0.0368951434576695,-0.0252752686268531,0.0021256768948281,1.0,1.0,0.0,10.33651538862614,0.0,-5.023969930688395,-0.1644818976305941,423.8664189998817,0.0238057243974713,5.148063560307151,0.0,0.4471892125715201,0.0,0.0,0.0,5.023969930688395,0.1644818976305941,5.188451828318989,5.188451828318989,iid,5,3200,73200
25.0,0.0048896638427146,60000.0,0.8998526484489442,0.8808679912567141,-0.01898465719223,0.0888214627881827,0.2980292985398965,1849.0,1520.0,1841.0,2687.0,0.1453217955651703,0.004326663061114,4.627356081566545,0.3803467921590333,4.247009289407512,4.247009289407512,0.0,47.81512436397922,0.0759523481623954,-0.0207664477620891,0.001781790569859,1.0,1.0,1.862645149230957e-09,11.602344168466516,0.0,-7.165118332589145,-0.1902165464698586,469.61027173793445,0.0241106400475652,4.247009289407512,0.0,0.7105717023054621,0.0,0.0,0.0,7.165118332589145,0.1902165464698586,7.355334879059004,7.355334879059004,iid,5,3200,73200
30.0,0.0048705237912742,60000.0,0.8170087564945222,0.8042710396766662,-0.0127377168178559,0.0409344409075474,0.2023226159072371,1568.0,1364.0,1564.0,2044.0,0.1303571428571428,0.0025510204081632,2.9307008655251288,0.173968835565268,2.7567320299598608,2.7567320299598608,0.0,67.34505147355218,0.0560345712473594,-0.0134267289380873,0.0006890121202313,1.0,1.0,0.0,8.469614688539878,0.0,-5.3327269944277305,-0.3801556641522863,470.379678982139,0.0176874327695358,2.7567320299598608,0.0,0.3274755272603794,0.0,0.0,0.0,5.3327269944277305,0.3801556641522863,5.712882658580017,5.712882658580017,iid,5,3200,73200
35.0,0.0048521769173698,60000.0,0.7590538917064668,0.750145209646225,-0.0089086820602417,0.0271452388257519,0.1647581221844675,1437.0,1259.0,1433.0,1859.0,0.129366736256089,0.0027835768963118,2.200509580934275,0.1728921487470217,2.0276174321872533,2.0276174321872533,0.0,74.69514065441597,0.0728457161654794,-0.0098383585017156,0.0009296764414738,1.0,1.0,0.0,7.497270733758341,0.0,-5.270631159160189,-0.1990221424108992,466.0153515257061,0.015833307036217,2.0276174321872533,0.0,0.2171619106060154,0.0,0.0,0.0,5.270631159160189,0.1990221424108992,5.469653301571088,5.469653301571088,iid,5,3200,73200
40.0,0.0048345627417287,60000.0,0.7155032533168794,0.7076115680217743,-0.007891685295105,0.0332164889166334,0.1822539133095183,1740.0,1552.0,1718.0,2114.0,0.1214942528735632,0.0126436781609194,2.242794148754168,0.3823621099878309,1.860432038766337,1.860432038766337,0.0,56.00929235584293,0.1456530858742339,-0.0089943754181381,0.001102690123033,1.0,1.0,0.0,9.385658048209734,0.0,-7.173684975524452,-0.3515410339189451,527.6056123304716,0.0174782320792497,1.860432038766337,0.0,0.2657319113330673,0.0,0.0,0.0,7.173684975524452,0.3515410339189451,7.525226009443397,7.525226009443397,iid,5,3200,73200
45.0,0.0048176273546297,60000.0,0.6814130975246429,0.6751192104816437,-0.0062938870429991,0.0227574692510593,0.1508557895841565,1591.0,1442.0,1581.0,1893.0,0.1189817724701445,0.0062853551225644,1.7533790412337389,0.2567160847745651,1.4966629564591738,1.4966629564591738,0.0,65.76579056080708,0.1277134009495153,-0.0072103643996987,0.0009164773566996,1.0,1.0,0.0,9.097424553474411,0.0,-7.1637717710041215,-0.436989826011116,545.333215263714,0.0164085891004762,1.4966629564591738,0.0,0.1820597540084745,0.0,0.0,0.0,7.1637717710041215,0.436989826011116,7.600761597015238,7.600761597015238,iid,5,3200,73200
50.0,0.004801322503961,60000.0,0.6551657774925234,0.6499080229759215,-0.0052577545166018,0.0301563313561851,0.1736557841138186,1538.0,1430.0,1524.0,1748.0,0.1136540962288686,0.0091027308192457,1.6241366069824297,0.2631880924459553,1.3609485145364744,1.3609485145364744,0.0,45.12977717554288,0.1394503513495411,-0.0065343527295763,0.0012765982129745,1.0,1.0,0.0,7.7582982564345,0.0,-6.005432668024355,-0.391917073873671,529.1014753864602,0.0144512564310603,1.3609485145364744,0.0,0.2412506508494814,0.0,0.0,0.0,6.005432668024355,0.391917073873671,6.397349741898026,6.397349741898026,iid,5,3200,73200
55.0,0.0047856048355997,60000.0,0.6338275131702422,0.6288310466766358,-0.0049964664936064,0.0162197298417086,0.1273567031675546,1532.0,1424.0,1520.0,1738.0,0.1134464751958224,0.0078328981723237,1.3577255638264027,0.2148101821647969,1.1429153816616058,1.1429153816616058,0.0,70.46451407116714,0.1366011441790138,-0.005469541377161,0.0004730748835546,1.0,1.0,0.0,8.675063749658875,0.0,-6.991727943005117,-0.5404204249921527,537.3267213935087,0.0158883431990688,1.1429153816616058,0.0,0.1297578387336688,0.0,0.0,0.0,6.991727943005117,0.5404204249921527,7.532148367997269,7.532148367997269,iid,5,3200,73200
60.0,0.0047704352566433,60000.0,0.6143745786190034,0.6102972883224489,-0.0040772902965544,0.0331512409428766,0.1820748223749692,1550.0,1453.0,1528.0,1686.0,0.108774193548387,0.0141935483870967,1.3719329952732355,0.3967652799618961,0.9751677153113394,0.9751677153113394,0.0,29.415722837997684,0.2243261530342986,-0.0046519744502615,0.0005746841537071,1.0,1.0,0.0,8.108197050023591,0.0,-6.592453637651317,-0.5405756970609343,548.145532073821,0.0145764363014605,0.9751677153113394,0.0,0.2652099275430128,0.0,0.0,0.0,6.592453637651317,0.5405756970609343,7.133029334712251,7.133029334712251,iid,5,3200,73200
65.0,0.0047557783984597,60000.0,0.5962348975658416,0.5933776243686677,-0.0028572731971738,0.020820788223264,0.1442941032172282,1569.0,1488.0,1553.0,1701.0,0.1084130019120458,0.0101975780752071,1.1744386741378094,0.4290553417381577,0.7453833323996517,0.7453833323996516,1.1102230246251563e-16,35.79995744670214,0.267575268438885,-0.0035448779507981,0.0006876047536242,1.0,1.0,0.0,9.547269836533816,0.0,-8.148759979488716,-0.6531265246454471,601.9596714875624,0.0156126925000411,0.7453833323996516,1.1102230246251563e-16,0.1665663057861127,0.0,0.0,0.0,8.148759979488716,0.6531265246454471,8.801886504134163,8.801886504134163,iid,5,3200,73200
70.0,0.0047416021613943,60000.0,0.5796789668083191,0.5771665005683899,-0.0025124662399291,0.0255609113570872,0.1598778013267859,1843.0,1720.0,1803.0,1977.0,0.1072707542051003,0.021703743895822,1.3340630322045648,0.659467429762671,0.6745956024418938,0.6745956024418938,0.0,26.391688192089823,0.3308037887276134,-0.0031986639666055,0.0006861977266764,1.0,1.0,0.0,10.74480453983415,0.0,-9.33151313948906,-0.7386957979031941,595.2431511460527,0.017731052967336,0.6745956024418938,0.0,0.2044872908566978,0.0,0.0,0.0,9.33151313948906,0.7386957979031941,10.070208937392255,10.070208937392255,iid,5,3200,73200
75.0,0.0047278773267132,60000.0,0.5651014735698701,0.5631806581020355,-0.0019208154678345,0.0248566283542064,0.1576598501654954,1675.0,1579.0,1631.0,1745.0,0.1041791044776119,0.0262686567164178,1.1697074746843832,0.5922883168314197,0.5774191578529635,0.5774191578529635,0.0,23.22998717383355,0.3361462721326299,-0.0027299669444229,0.0008091514765883,1.0,1.0,0.0,9.545072767417878,0.0,-8.18150518184325,-0.786148427721665,574.6983806322896,0.0163374920367103,0.5774191578529635,0.0,0.1988530268336517,0.0,0.0,0.0,8.18150518184325,0.786148427721665,8.967653609564914,8.967653609564914,iid,5,3200,73200
80.0,0.0047145772242381,60000.0,0.5532622822761536,0.5507814668655396,-0.0024808154106139,0.0389344443306311,0.1973181297565715,1498.0,1414.0,1478.0,1618.0,0.1080106809078771,0.0133511348464619,1.200831927693282,0.4619638556891203,0.7388680720041616,0.7388680720041616,0.0,18.97723428976399,0.2778235669742975,-0.0034834505839875,0.0010026351733736,1.0,1.0,0.0,8.463794676936232,0.0,-7.168923107230512,-0.556003497701558,575.8848484877708,0.0144841521854113,0.7388680720041616,0.0,0.3114755546450495,0.0,0.0,0.0,7.168923107230512,0.556003497701558,7.72492660493207,7.72492660493207,iid,5,3200,73200
85.0,0.0047016774463746,60000.0,0.5401036086559297,0.5366525974273683,-0.0034510112285613,0.0307007378550499,0.1752162602473012,1523.0,1430.0,1483.0,1595.0,0.1047275114904793,0.0262639527248851,1.3684596057508909,0.449561354623964,0.9188982511269268,0.9188982511269268,0.0,29.93081975636545,0.2472806224034236,-0.0043203631828365,0.0008693519542751,1.0,1.0,0.0,8.944890058250166,0.0,-7.337233557918921,-0.6887582492043185,585.2038525560238,0.0150549675808322,0.9188982511269268,0.0,0.2456059028403998,0.0,0.0,0.0,7.337233557918921,0.6887582492043185,8.02599180712324,8.02599180712324,iid,5,3200,73200
90.0,0.0046891556009951,60000.0,0.5274321798324585,0.5254495960235597,-0.0019825838088988,0.023456925942693,0.1531565406461409,1657.0,1565.0,1621.0,1757.0,0.1060350030175015,0.0217260108630054,1.1645651632044445,0.4850125781824168,0.6795525850220274,0.6795525850220274,0.0,28.970231934151283,0.2940222615847427,-0.0031865278102267,0.0012039440013279,1.0,1.0,0.0,9.39671497803647,0.0,-7.88714865892274,-0.8300137340917031,576.1125669532776,0.0160487890935583,0.6795525850220274,0.0,0.1876554075415442,0.0,0.0,0.0,7.88714865892274,0.8300137340917031,8.717162393014444,8.717162393014444,iid,5,3200,73200
95.0,0.0046769910970246,60000.0,0.5191382941246033,0.5181273526906967,-0.0010109414339066,0.0274231078559037,0.1655992386936116,1835.0,1735.0,1783.0,1883.0,0.1026158038147139,0.0283378746594005,1.0476622795503143,0.7061013546870116,0.3415609248633027,0.3415609248633027,0.0,12.455223042481304,0.4026205931645286,-0.0015974774046771,0.0005865359707704,1.0,1.0,0.0,10.016871717059985,0.0,-8.924868147973939,-0.7504426442227432,599.4207636181454,0.0164362539106244,0.3415609248633027,0.0,0.2193848628472301,0.0,0.0,0.0,8.924868147973939,0.7504426442227432,9.675310792196685,9.675310792196685,iid,5,3200,73200
100.0,0.004665164957684,60000.0,0.5073722225904466,0.5048565422058106,-0.002515680384636,0.02629105343811,0.1621451616241139,1741.0,1620.0,1675.0,1787.0,0.1026421596783457,0.0379092475588742,1.1924679704083734,0.4235017037153292,0.7689662666930441,0.768966266693044,1.1102230246251563e-16,29.24821055585372,0.2620728040239882,-0.0035873544810175,0.0010716740963814,1.0,1.0,0.0,9.384261375409553,0.0,-7.771904112068114,-0.8433909966483929,595.5496866983667,0.0155128694716023,0.768966266693044,1.1102230246251563e-16,0.2103284275048803,0.0,0.0,0.0,7.771904112068114,0.8433909966483929,8.615295108716507,8.615295108716507,iid,5,3200,73200
105.0,0.0046536596572292,60000.0,0.500925975394249,0.4999264558076858,-0.0009995195865631,0.0290977842152286,0.1705807263885009,1643.0,1545.0,1603.0,1727.0,0.105112598904443,0.0243457090687766,1.032047476028366,0.6813602706999118,0.3506872053284542,0.3506872053284541,1.1102230246251563e-16,12.052024399332732,0.39766382053598,-0.0016319788997434,0.0006324593131803,1.0,1.0,0.0,9.383260183152744,0.0,-8.210096310700692,-0.8224766671235967,588.8448218330414,0.0156850881214545,0.3506872053284541,1.1102230246251563e-16,0.232782273721829,0.0,0.0,0.0,8.210096310700692,0.8224766671235967,9.03257297782429,9.03257297782429,iid,5,3200,73200
110.0,0.0046424589777348,60000.0,0.4894356148719788,0.4897004937171936,0.0002648788452147,0.0217918513726745,0.1476206332890987,1758.0,1659.0,1714.0,1842.0,0.104778156996587,0.0250284414106939,0.9844589479366356,0.5435651902838226,0.4408937576528129,0.4408937576528129,0.0,20.23204683773048,0.3557307615027995,-0.0020468311834425,0.0023117100286572,0.0,1.0,0.0,9.711848356877454,0.0,-8.375236280729496,-0.8957183184951449,582.3693243913622,0.0164029001493128,0.4408937576528129,0.0,0.1743348109813965,0.0,0.0,0.0,8.375236280729496,0.8957183184951449,9.27095459922464,9.27095459922464,iid,5,3200,73200
115.0,0.0046315478830482,60000.0,0.4830662705421448,0.4815783904314041,-0.0014878801107406,0.0198033643550249,0.1407244270019422,1843.0,1749.0,1799.0,1899.0,0.103038524145415,0.0238741182854042,1.0506654478509418,0.3702276077720332,0.6804378400789086,0.6804378400789086,0.0,34.359709182760774,0.2605597981543452,-0.0031514804377633,0.0016636003270226,1.0,1.0,0.0,10.15211947343778,0.0,-8.639109018193722,-0.8325726151651485,612.003931590436,0.0163176416207442,0.6804378400789086,0.0,0.1584269148401997,0.0,0.0,0.0,8.639109018193722,0.8325726151651485,9.47168163335887,9.47168163335887,iid,5,3200,73200
120.0,0.0046209124075087,60000.0,0.4760389640808106,0.4756772254943848,-0.0003617385864257,0.026963440275508,0.1642054818680182,1848.0,1758.0,1806.0,1904.0,0.103030303030303,0.0227272727272727,0.9638423486007932,0.6341780842535409,0.3296642643472522,0.3296642643472522,0.0,12.226342817489025,0.3968523000177112,-0.0015233496894344,0.0011616111030087,1.0,1.0,0.0,10.53349240985699,0.0,-9.099078913887354,-1.104749231622384,636.8588051961415,0.0162706483361154,0.3296642643472522,0.0,0.2157075222040645,0.0,0.0,0.0,9.099078913887354,1.104749231622384,10.203828145509735,10.203828145509735,iid,5,3200,73200
125.0,0.0046105395574086,60000.0,0.4692167733669281,0.4680950845003128,-0.0011216888666152,0.0116272480362225,0.1078297177786466,1844.0,1750.0,1794.0,1882.0,0.1020607375271149,0.027114967462039,0.9060166624262228,0.3656839817628832,0.5403326806633397,0.5403326806633397,0.0,46.47124401062327,0.2875550810120568,-0.0024912251983589,0.0013695363317437,1.0,1.0,0.0,11.096389386686496,0.0,-9.493794360788796,-1.0622623452343594,626.4480282176228,0.0174048883188142,0.5403326806633397,0.0,0.0930179842897806,0.0,0.0,0.0,9.493794360788796,1.0622623452343594,10.556056706023156,10.556056706023156,iid,5,3200,73200
130.0,0.0046004172234895,60000.0,0.4659184181451798,0.4637574230909347,-0.002160995054245,0.0419301982495211,0.2047686456699882,1797.0,1716.0,1761.0,1855.0,0.1032276015581524,0.020033388981636,1.4786587665938775,0.8866833891633146,0.5919753774305629,0.5919753774305629,0.0,14.118115395205004,0.3748647471593681,-0.0027233337222133,0.0005623386679682,1.0,1.0,0.0,11.137800894095562,0.0,-9.647301284495027,-0.8985242321699705,636.7593256926266,0.0171906934558765,0.5919753774305629,0.0,0.3354415859961694,0.0,0.0,0.0,9.647301284495027,0.8985242321699705,10.545825516665,10.545825516665,iid,5,3200,73200
135.0,0.0045905341030286,60000.0,0.4578210832357408,0.4579477210760116,0.0001266378402708,0.0183607021614732,0.1355016684822487,1783.0,1682.0,1709.0,1765.0,0.0989904655075715,0.0415030846887268,0.7868303662530949,0.5799856782314201,0.2068446880216747,0.2068446880216747,5.551115123125783e-17,11.265619702480803,0.424333384563215,-0.0009495275943938,0.0010761654346646,0.0,1.0,0.0,9.973510939977132,0.0,-9.069752921815052,-0.6969133301404049,618.5737181063014,0.0158675601117681,0.2068446880216747,0.0,0.1468856172917858,0.0,0.0,0.0,9.069752921815052,0.6969133301404049,9.766666251955456,9.766666251955456,iid,5,3200,73200
140.0,0.0045808796302822,60000.0,0.4544460682630539,0.4532806949853897,-0.0011653732776641,0.0317208886352516,0.1781035896192202,1775.0,1634.0,1677.0,1767.0,0.0995492957746478,0.0552112676056337,1.1907410741239293,0.7216009431994932,0.469140130924436,0.469140130924436,0.0,14.789627627363434,0.3773388529157927,-0.0021490744694996,0.0009837011918355,1.0,1.0,0.0,10.458325208048336,0.0,-9.131254568929307,-0.8579305081945927,645.7112632797289,0.0159384485223565,0.469140130924436,0.0,0.2537671090820129,0.0,0.0,0.0,9.131254568929307,0.8579305081945927,9.9891850771239,9.9891850771239,iid,5,3200,73200
145.0,0.0045714439142384,60000.0,0.4470550115585328,0.4465690304279328,-0.0004859811305999,0.0138670124283444,0.1177582796594128,1868.0,1747.0,1790.0,1882.0,0.1007494646680942,0.0417558886509635,0.7779319601956178,0.4580648588343994,0.3198671013612184,0.3198671013612184,0.0,23.06676387679607,0.3706035903829255,-0.0014622545138828,0.0009762733832828,1.0,1.0,0.0,10.27210728963837,0.0,-8.898560512085396,-1.0536796761917555,585.7489509755396,0.0172344704053529,0.3198671013612184,0.0,0.1109360994267557,0.0,0.0,0.0,8.898560512085396,1.0536796761917555,9.952240188277152,9.952240188277152,iid,5,3200,73200
150.0,0.0045622176827774,60000.0,0.4442097086906433,0.4435393345832825,-0.0006703741073608,0.0262994338682827,0.1621710019340165,1526.0,1472.0,1496.0,1546.0,0.101310615989515,0.0196592398427261,0.6119361239597054,0.3770897017998003,0.2348464221599051,0.2348464221599051,0.0,8.929713975445333,0.3812738676568133,-0.0010714204999149,0.000401046392554,1.0,1.0,0.0,8.31565714412136,0.0,-7.239428741532151,-0.8413819804293035,618.3972255800982,0.013268687102736,0.2348464221599051,0.0,0.2103954709462623,0.0,0.0,0.0,7.239428741532151,0.8413819804293035,8.080810721961456,8.080810721961456,iid,5,3200,73200
1.0,0.0049950273089797,60000.0,2.305176560688019,2.305177253341675,6.926536557649854e-07,0.6123968205195465,0.7825578703965264,1.0,1.0,1.0,1.0,0.1,0.0,9.718469596009528e-05,0.0,9.718469596009528e-05,9.718469596009528e-05,0.0,0.0001586956246403,0.0,-4.854402103355694e-07,1.1780938661005549e-06,0.0,1.0,0.0,0.0608049184083938,0.0,-0.0606887870962964,-1.894661613732751e-05,817.4477846497703,7.437832358496931e-05,9.718469596009528e-05,0.0,4.899174564156372,4.899077379460412,4.838369645747978,0.0,0.0606887870962964,1.894661613732751e-05,4.899077379460412,0.0,iid,5,3300,73300
5.0,0.0049756643332495,60000.0,2.17462734246254,1.9650304481506349,-0.2095968943119048,0.9737351420187644,0.98678018931207,4941.0,1123.0,4941.0,30369.0,0.6146326654523376,0.0,77.35347907172249,0.0207221452947123,77.33275692642778,77.33275692642778,0.0,79.41867720425512,0.0002678172435873,-0.3847818404306827,0.1751849461187778,1.0,1.0,6.695166376857743e-08,61.762453138362616,0.0,15.740845816020736,-0.1705420279555731,876.3056716187493,0.0658400509604293,77.33275692642778,0.0,7.789881136150116,0.0,0.0,0.0,0.0,0.1705420279555731,0.1705420279555731,0.1705420279555731,iid,5,3300,73300
10.0,0.0049525712910726,60000.0,1.4831989545822146,1.383265103435516,-0.0999338511466985,0.5358900357492211,0.7320451049964211,3317.0,1796.0,3315.0,8847.0,0.2667169128730781,0.000602954476937,27.25650616666576,0.3993167056407074,26.85718946102505,26.85718946102505,0.0,50.11697861386125,0.014438793142567,-0.1330121454835705,0.033078294336872,1.0,1.0,1.5472291892137946e-08,26.67399242060492,0.0,0.5764405959412215,-0.393243555521086,530.6680599320116,0.0478592855285374,26.85718946102505,0.0,4.287120285993769,0.0,0.0,0.0,0.0,0.393243555521086,0.393243555521086,0.393243555521086,iid,5,3300,73300
15.0,0.004930605096731,60000.0,1.1660720781326297,1.122607367324829,-0.0434647108078005,0.1397362117264996,0.3738130705666933,2333.0,1672.0,2329.0,4255.0,0.1823831975996571,0.0017145306472353,9.825473842649812,0.2051535656698367,9.620320276979974,9.620320276979974,0.0,68.84629372813872,0.0204527152010129,-0.0474340001898623,0.0039692893820618,1.0,1.0,6.4523919540704355e-09,15.486476390331518,0.0,-5.698406594186508,-0.1677495191650345,485.21760220770193,0.0309293993244343,9.620320276979974,0.0,1.1178896938119969,0.0,0.0,0.0,5.698406594186508,0.1677495191650345,5.866156113351543,5.866156113351543,iid,5,3300,73300
20.0,0.0049096652228095,60000.0,1.0004417408943178,0.9751596117019654,-0.0252821291923524,0.0639220284033952,0.2528280609493243,2082.0,1591.0,2078.0,3488.0,0.1675312199807877,0.0019212295869356,5.864293149202997,0.2201098299699637,5.644183319233033,5.644183319233033,0.0,88.29793828841072,0.0361760768843556,-0.0277110505536002,0.0024289213612478,1.0,1.0,6.177695244247161e-09,13.124287009239197,0.0,-7.348190153105634,-0.1319135369005302,489.5933611271703,0.0261066764970184,5.644183319233033,0.0,0.5113762272271621,0.0,0.0,0.0,7.348190153105634,0.1319135369005302,7.480103690006164,7.480103690006164,iid,5,3300,73300
25.0,0.0048896638427146,60000.0,0.9006460611820222,0.883879829788208,-0.0167662313938141,0.0614459609395437,0.24788295814667,1712.0,1438.0,1708.0,2394.0,0.1398364485981308,0.0023364485981308,4.024439017472595,0.3820154784775162,3.642423538995079,3.642423538995079,0.0,59.278486059951646,0.0866945247769197,-0.0178102266784769,0.0010439952846627,1.0,1.0,0.0,9.400955044548027,0.0,-5.521128050548214,-0.2374034550047348,457.4580850526309,0.020136602779698,3.642423538995079,0.0,0.4915676875163501,0.0,0.0,0.0,5.521128050548214,0.2374034550047348,5.7585315055529485,5.7585315055529485,iid,5,3300,73300
30.0,0.0048705237912742,60000.0,0.8241468282222749,0.8096809110164644,-0.0144659172058104,0.0587681995567381,0.2424215327827504,1515.0,1289.0,1513.0,2093.0,0.1381518151815181,0.0013201320132013,3.350750877695969,0.226842047729209,3.12390882996676,3.12390882996676,0.0,53.15644946636083,0.0634063328214598,-0.0152150722781248,0.0007491550723144,1.0,1.0,3.725290298461914e-09,8.167080768151209,0.0,-4.801935509914188,-0.2412364282702612,457.201247157951,0.0175497133733778,3.12390882996676,0.0,0.4701455964539051,0.0,0.0,0.0,4.801935509914188,0.2412364282702612,5.043171938184448,5.043171938184448,iid,5,3300,73300
35.0,0.0048521769173698,60000.0,0.7617913759708405,0.7514595097064972,-0.0103318662643432,0.0405855803525459,0.2014586318640776,1714.0,1516.0,1706.0,2172.0,0.1267211201866978,0.0046674445740957,2.694670111014352,0.2879533505113869,2.406716760502965,2.406716760502965,0.0,59.29979908127616,0.0965436483102317,-0.0116778155119595,0.0013459492476162,1.0,1.0,0.0,9.4919063183479,0.0,-6.711411652830748,-0.3737779050141885,518.802562453257,0.0179670749542742,2.406716760502965,0.0,0.3246846428203677,0.0,0.0,0.0,6.711411652830748,0.3737779050141885,7.085189557844936,7.085189557844936,iid,5,3300,73300
40.0,0.0048345627417287,60000.0,0.7152523361682891,0.7082871524810791,-0.0069651836872099,0.0222500211324033,0.149164409737723,1450.0,1312.0,1442.0,1734.0,0.1195862068965517,0.0055172413793103,1.7116076434079552,0.1611059168603794,1.5505017265475758,1.5505017265475758,0.0,69.68540467089882,0.0860280612467478,-0.007495997878153,0.000530814190943,1.0,1.0,0.0,7.551833145436831,0.0,-5.623690804960688,-0.3776406139285668,515.5020845269428,0.0144379630670637,1.5505017265475758,0.0,0.1780001690592265,0.0,0.0,0.0,5.623690804960688,0.3776406139285668,6.001331418889255,6.001331418889255,iid,5,3300,73300
45.0,0.0048176273546297,60000.0,0.6829773558139802,0.677289970779419,-0.0056873850345612,0.0183238121335164,0.1353654761507396,1342.0,1211.0,1336.0,1648.0,0.1228017883755588,0.0044709388971684,1.5497197085790615,0.1334633856116915,1.41625632296737,1.41625632296737,0.0,77.29048478819897,0.0792922564825655,-0.0068229952026949,0.0011356101681337,1.0,1.0,0.0,7.825083151226863,0.0,-6.061682833762177,-0.3471439944973162,506.1003710900368,0.0152261054334805,1.41625632296737,0.0,0.1465904970681317,0.0,0.0,0.0,6.061682833762177,0.3471439944973162,6.408826828259493,6.408826828259493,iid,5,3300,73300
50.0,0.004801322503961,60000.0,0.6568106836318971,0.6520090200424195,-0.0048016635894776,0.0286694340212186,0.1693205067947135,1520.0,1418.0,1508.0,1724.0,0.1134210526315789,0.0078947368421052,1.560872468592888,0.4339978897796275,1.1268745788132604,1.1268745788132604,0.0,39.30578392232111,0.2175569394563053,-0.0054104882743977,0.0006088246849201,1.0,1.0,1.862645149230957e-09,8.349616675521247,0.0,-6.632848319669165,-0.5898937770388217,528.2860141447127,0.0155591917420001,1.1268745788132604,0.0,0.2293554721697489,0.0,0.0,0.0,6.632848319669165,0.5898937770388217,7.222742096707987,7.222742096707987,iid,5,3300,73300
55.0,0.0047856048355997,60000.0,0.6335765057086945,0.630087189435959,-0.0034893162727355,0.0129390256247277,0.1137498379107755,1540.0,1446.0,1524.0,1696.0,0.1101298701298701,0.0103896103896103,1.1471464187166414,0.3039767661791286,0.8431696525375127,0.8431696525375127,0.0,65.164849115542,0.2094768861411048,-0.0040350767664144,0.0005457604936789,1.0,1.0,0.0,9.132882253965365,0.0,-7.718449014434441,-0.5712635869934093,588.9935901963163,0.0152691490422613,0.8431696525375127,0.0,0.1035122049978216,0.0,0.0,0.0,7.718449014434441,0.5712635869934093,8.28971260142785,8.28971260142785,iid,5,3300,73300
60.0,0.0047704352566433,60000.0,0.6145175087928771,0.6110876525878907,-0.0034298562049864,0.0232625782261052,0.1525207468710577,1300.0,1224.0,1288.0,1440.0,0.1107692307692307,0.0092307692307692,1.1525557014414949,0.3052090908650351,0.8473466105764595,0.8473466105764595,0.0,36.42530945368589,0.2093678571987748,-0.0040422121456911,0.0006123559407047,1.0,1.0,0.0,6.965853791625705,0.0,-5.603383303012265,-0.51512387803698,546.2611617056173,0.0125913116975402,0.8473466105764595,0.0,0.1861006258088421,0.0,0.0,0.0,5.603383303012265,0.51512387803698,6.118507181049245,6.118507181049245,iid,5,3300,73300
65.0,0.0047557783984597,60000.0,0.5982536536693573,0.595356095457077,-0.0028975582122803,0.0283031963515882,0.1682355383133667,1323.0,1247.0,1303.0,1421.0,0.1074074074074074,0.0151171579743007,1.05199069220623,0.3527543399442585,0.6992363522619716,0.6992363522619716,0.0,24.70520797636811,0.2511162751038427,-0.0033254131395052,0.0004278549272249,1.0,1.0,0.0,7.131684294436127,0.0,-5.957818811591551,-0.4746291305826045,552.5115494795828,0.0127432690400682,0.6992363522619716,0.0,0.2264255708127062,0.0,0.0,0.0,5.957818811591551,0.4746291305826045,6.432447942174155,6.432447942174155,iid,5,3300,73300
70.0,0.0047416021613943,60000.0,0.5813881252288817,0.5779434387683869,-0.0034446864604947,0.0234910602738876,0.1532679362224455,1563.0,1476.0,1539.0,1683.0,0.1076775431861804,0.0153550863723608,1.1370391895564196,0.338857246272191,0.7981819432842285,0.7981819432842285,0.0,33.978114822321494,0.229594189704745,-0.0037846612274624,0.0003399747669676,1.0,1.0,0.0,8.576818731147796,0.0,-7.107137616796052,-0.6714991710675151,570.0988409694437,0.0148214610159782,0.7981819432842285,0.0,0.1879284821911009,0.0,0.0,0.0,7.107137616796052,0.6714991710675151,7.778636787863567,7.778636787863567,iid,5,3300,73300
75.0,0.0047278773267132,60000.0,0.5668557410717012,0.5643685786724091,-0.0024871623992921,0.030940677988261,0.175899624753042,1637.0,1524.0,1603.0,1771.0,0.1081857055589493,0.0207697006719609,1.2498643842132742,0.5480712883329732,0.7017930958803009,0.7017930958803009,0.0,22.68189133239302,0.3048336471108509,-0.0033179916660563,0.0008308292667642,1.0,1.0,0.0,8.969212762720417,0.0,-7.667093974024169,-0.600325692815947,571.0042725812273,0.0154648669109438,0.7017930958803009,0.0,0.2475254239060881,0.0,0.0,0.0,7.667093974024169,0.600325692815947,8.267419666840116,8.267419666840116,iid,5,3300,73300
80.0,0.0047145772242381,60000.0,0.5518755105018617,0.5484529673099519,-0.0034225431919098,0.0336760302013414,0.183510299987062,1507.0,1419.0,1483.0,1621.0,0.1075646980756469,0.0159256801592567,1.3579961608932831,0.318990241953708,1.039005918939575,1.039005918939575,0.0,30.852980969775533,0.1902163556079905,-0.0048984736412811,0.0014759304493713,1.0,1.0,0.0,8.34131169389002,0.0,-6.638459577054277,-0.6638461978961679,595.179748234812,0.013821078082802,1.039005918939575,0.0,0.2694082416107319,0.0,0.0,0.0,6.638459577054277,0.6638461978961679,7.302305774950446,7.302305774950446,iid,5,3300,73300
85.0,0.0047016774463746,60000.0,0.5421023630619048,0.5398775570392609,-0.0022248060226439,0.0416213353144661,0.2040130763320482,1501.0,1412.0,1473.0,1599.0,0.1065289806795469,0.0186542305129913,1.2468314014221522,0.6574988578217784,0.5893325436003738,0.5893325436003737,1.1102230246251563e-16,14.159385784903971,0.345265142235792,-0.0027708515286604,0.0005460455060165,1.0,1.0,0.0,8.215543142752722,0.0,-6.9908665174416456,-0.6353440817107027,564.3764191223886,0.0143479889418155,0.5893325436003737,1.1102230246251563e-16,0.3329706825157292,0.0,0.0,0.0,6.9908665174416456,0.6353440817107027,7.626210599152349,7.626210599152349,iid,5,3300,73300
90.0,0.0046891556009951,60000.0,0.5273433980941773,0.5241808711528779,-0.0031625269412993,0.0299695411625399,0.1731171313375425,1522.0,1461.0,1504.0,1596.0,0.104862023653088,0.011826544021025,1.2657659608482206,0.3860812959843853,0.8796846648638352,0.8796846648638352,0.0,29.35262372196029,0.2337269952699445,-0.0041249782733557,0.0009624513320564,1.0,1.0,0.0,8.223499917483423,0.0,-6.682894277104651,-0.6609209755149363,585.5728164592811,0.0138490248098231,0.8796846648638352,0.0,0.2397563293003195,0.0,0.0,0.0,6.682894277104651,0.6609209755149363,7.343815252619588,7.343815252619588,iid,5,3300,73300
95.0,0.0046769910970246,60000.0,0.5161043248891831,0.5135168902158738,-0.0025874346733093,0.020063286500814,0.141644931080551,1776.0,1689.0,1746.0,1868.0,0.1051801801801801,0.0168918918918918,1.2107812376713192,0.4785433384974098,0.7322378991739094,0.7322378991739094,0.0,36.496408459511336,0.2832749521602964,-0.0034246701353403,0.000837235462031,1.0,1.0,0.0,10.603971789416391,0.0,-9.049502703524922,-0.8222311867175598,629.150013073333,0.0165750773583557,0.7322378991739094,0.0,0.1605062920065123,0.0,0.0,0.0,9.049502703524922,0.8222311867175598,9.87173389024248,9.87173389024248,iid,5,3300,73300
100.0,0.004665164957684,60000.0,0.5048585469722748,0.5032318524837494,-0.0016266944885254,0.0220154518422693,0.1483760487486755,1801.0,1712.0,1763.0,1867.0,0.1036646307606885,0.0210993892282065,1.2178192599790905,0.4960040185726377,0.7218152414064527,0.7218152414064527,0.0,32.786755710395084,0.2894137480684634,-0.0033673871701316,0.0017406926816061,1.0,1.0,0.0,10.623978487914428,0.0,-9.261859520390315,-0.6403037261176585,606.945830925175,0.0172028786478584,0.7218152414064527,0.0,0.1761236147381548,0.0,0.0,0.0,9.261859520390315,0.6403037261176585,9.902163246507977,9.902163246507977,iid,5,3300,73300
105.0,0.0046536596572292,60000.0,0.499732462310791,0.4952707308053971,-0.0044617315053939,0.0916973272164617,0.3028156654079536,1564.0,1482.0,1530.0,1628.0,0.1040920716112532,0.0217391304347825,1.8792199239420304,0.7154561846853813,1.163763739256649,1.163763739256649,0.0,12.691359438530366,0.2757400749582802,-0.0054157603639249,0.0009540288585309,1.0,1.0,0.0,8.540507678990252,0.0,-6.861944693242776,-0.5147992464908269,623.7805003346766,0.0135066011895111,1.163763739256649,0.0,0.7335786177316939,0.0,0.0,0.0,6.861944693242776,0.5147992464908269,7.376743939733603,7.376743939733603,iid,5,3300,73300
110.0,0.0046424589777348,60000.0,0.4916536066293716,0.4902470282316208,-0.0014065783977507,0.0546629803985842,0.2338011556827386,1586.0,1488.0,1550.0,1686.0,0.1063051702395964,0.0226986128625472,1.2561700115403265,0.7784122834235454,0.4777577281167808,0.4777577281167808,0.0,8.740059993676358,0.3825907093315033,-0.0022179706540779,0.0008113922563271,1.0,1.0,0.0,9.198823587037625,0.0,-7.919761258898234,-0.8013046000226083,614.6104563269437,0.0147462115156511,0.4777577281167808,0.0,0.4373038431886737,0.0,0.0,0.0,7.919761258898234,0.8013046000226083,8.721065858920841,8.721065858920841,iid,5,3300,73300
115.0,0.0046315478830482,60000.0,0.4827668932199479,0.4832589075088501,0.0004920142889021,0.0403917106003153,0.2009768907121298,1346.0,1289.0,1326.0,1406.0,0.1044576523031203,0.0148588410104011,0.8222270593629446,0.7484171857938171,0.0738098735691275,0.0738098735691275,0.0,1.82735201040362,0.4765033126385152,-0.0003418539636771,0.0008338682525793,0.0,1.0,0.0,7.182425948092714,0.0,-6.464221305056981,-0.6443947694666057,555.4338304573539,0.0127661187644687,0.0738098735691275,0.0,0.3231336848025229,0.2493238112333954,0.0,0.0,6.464221305056981,0.6443947694666057,7.108616074523587,6.859292263290191,iid,5,3300,73300
120.0,0.0046209124075087,60000.0,0.4753581906795501,0.4749172436237334,-0.0004409470558166,0.0211656157474666,0.1454840738619407,1539.0,1463.0,1509.0,1607.0,0.1044184535412605,0.0194931773879142,0.7537661303727656,0.4411005462620236,0.3126655841107419,0.3126655841107419,0.0,14.772335841359396,0.3691629826888594,-0.0014448002770183,0.0010038532212016,1.0,1.0,0.0,9.914937643276062,0.0,-8.648377403854454,-0.953894655310866,620.8312256295903,0.0157193784450921,0.3126655841107419,0.0,0.1693249259797329,0.0,0.0,0.0,8.648377403854454,0.953894655310866,9.60227205916532,9.60227205916532,iid,5,3300,73300
125.0,0.0046105395574086,60000.0,0.4721269860744476,0.4702303182363511,-0.0018966678380965,0.0497910271165744,0.2231390309125107,1377.0,1304.0,1337.0,1403.0,0.1018881626724764,0.0290486564996368,1.0774272585575415,0.4907589930402629,0.5866682655172788,0.5866682655172788,0.0,11.782610231030745,0.3129468789438977,-0.0027048572452437,0.0008081894071471,1.0,1.0,0.0,8.342010880936868,0.0,-7.082427918197709,-0.6729146972218807,594.9179811455106,0.0138282183323888,0.5866682655172788,0.0,0.3983282169325953,0.0,0.0,0.0,7.082427918197709,0.6729146972218807,7.75534261541959,7.75534261541959,iid,5,3300,73300
130.0,0.0046004172234895,60000.0,0.4631022861480713,0.4626559170246124,-0.0004463691234588,0.0177880715753349,0.133371929487936,1505.0,1417.0,1461.0,1551.0,0.1030564784053156,0.029235880398671,0.6302350532777615,0.4753391228486876,0.1548959304290739,0.1548959304290739,0.0,8.707854011777936,0.4299477439986089,-0.0007125859061943,0.0002662167827355,1.0,1.0,0.0,8.54687585879583,0.0,-7.684498726963966,-0.7074812014027893,612.5119269994175,0.0137617820075357,0.1548959304290739,0.0,0.1423045726026799,0.0,0.0,0.0,7.684498726963966,0.7074812014027893,8.391979928366755,8.391979928366755,iid,5,3300,73300
135.0,0.0045905341030286,60000.0,0.4610132662773133,0.4592692274332047,-0.0017440388441086,0.0585374483686929,0.2419451350382829,1698.0,1554.0,1632.0,1796.0,0.1057714958775029,0.03886925795053,2.053742138271314,0.8692407561251905,1.1845013821461237,1.1845013821461237,0.0,20.23493362207464,0.2973814036994762,-0.0054374939898263,0.0036934551457177,1.0,1.0,0.0,10.263238999526948,0.0,-8.323122017844753,-0.7556155995360712,630.726932009864,0.0160115388093471,1.1845013821461237,0.0,0.4682995869495437,0.0,0.0,0.0,8.323122017844753,0.7556155995360712,9.078737617380824,9.078737617380824,iid,5,3300,73300
140.0,0.0045808796302822,60000.0,0.4557306708097458,0.4548098016262054,-0.0009208691835404,0.0407703533571902,0.2019166990548089,1629.0,1544.0,1579.0,1649.0,0.1012277470841006,0.0306936771025169,1.1837906136710137,0.5463487256957968,0.6374418879752168,0.6374418879752168,0.0,15.634936552807616,0.3157830778506819,-0.0029200445601143,0.0019991753765738,1.0,1.0,0.0,9.542832863749936,0.0,-8.089490387742728,-0.8159005880319912,657.6180725534359,0.0143036451720483,0.6374418879752168,0.0,0.3261628268575222,0.0,0.0,0.0,8.089490387742728,0.8159005880319912,8.905390975774718,8.905390975774718,iid,5,3300,73300
145.0,0.0045714439142384,60000.0,0.4487491521596908,0.4479951160192489,-0.0007540361404418,0.0120528191203522,0.1097853319909005,1617.0,1539.0,1571.0,1635.0,0.1011131725417439,0.028447742733457,0.6553235810808378,0.3655415383066884,0.2897820427741493,0.2897820427741493,0.0,24.04267747491759,0.3580703575473292,-0.0013247223558954,0.0005706862154535,1.0,1.0,0.0,8.984771799878217,0.0,-7.948440515271869,-0.7465492418321986,625.4563457138356,0.0141617110742889,0.2897820427741493,0.0,0.096422552962818,0.0,0.0,0.0,7.948440515271869,0.7465492418321986,8.694989757104068,8.694989757104068,iid,5,3300,73300
150.0,0.0045622176827774,60000.0,0.4462058774232865,0.4441936101436615,-0.0020122672796249,0.0415198713933347,0.2037642544543443,1743.0,1648.0,1695.0,1793.0,0.1028686173264486,0.027538726333907,1.213103984956212,0.5862301280542184,0.6268738569019936,0.6268738569019936,0.0,15.09816470680654,0.3258039314740764,-0.0028599349948291,0.0008476677152042,1.0,1.0,0.0,9.896098233642988,0.0,-8.271422594091291,-0.9978017826497032,632.5911334517186,0.015402793620791,0.6268738569019936,0.0,0.3321589711466782,0.0,0.0,0.0,8.271422594091291,0.9978017826497032,9.269224376740992,9.269224376740992,iid,5,3300,73300
1.0,0.0049950273089797,60000.0,2.3051766083717347,2.3049941473960875,-0.0001824609756471,0.6123968172400373,0.7825578683011483,3.0,3.0,3.0,3.0,0.1,0.0,0.0381281255977228,0.001367233286146,0.0367608923115767,0.0367608923115767,0.0,0.0600278957641411,0.0346175683620511,-0.0001836216609987,1.1606853516753636e-06,1.0,1.0,0.0,0.161360889673233,0.0,-0.1247857011621818,0.0001857038005255,828.0385549083148,0.0001948332601769,0.0367608923115767,0.0,4.899174537920298,4.862413645608721,4.737813648247065,0.0,0.1247857011621818,0.0,4.862599349409247,0.0001857038005255,iid,5,3400,73400
5.0,0.0049756643332495,60000.0,2.167814807653427,1.9553730794906616,-0.2124417281627653,0.980888172107504,0.9903979867242784,5114.0,1222.0,5112.0,30584.0,0.5980445834962848,0.0003910833007431,78.37836759175775,0.0256880531628667,78.35267953859488,78.35267953859488,0.0,79.87931934202949,0.0003276367906171,-0.3898566329947173,0.177414904831952,1.0,1.0,6.715862355122226e-08,63.49535009916872,0.0,15.0847763156562,-0.227446876230033,859.6424247158648,0.068782094971567,78.35267953859488,0.0,7.847105376860031,0.0,0.0,0.0,0.0,0.227446876230033,0.227446876230033,0.227446876230033,iid,5,3400,73400
10.0,0.0049525712910726,60000.0,1.4709746797561647,1.377355710411072,-0.0936189693450928,0.4859866292135428,0.6971274124674361,3162.0,1746.0,3158.0,7928.0,0.2507273877292852,0.0012650221378873,24.972157684515103,0.3040872771230773,24.668070407392023,24.668070407392023,0.0,50.75874298704803,0.0120305558671626,-0.1221703773058075,0.0285514079607147,1.0,1.0,1.1632215191070829e-08,25.732388582720887,0.0,-0.9401718918541064,-0.1241462834747553,552.98637458761,0.0444644103843358,24.668070407392023,0.0,3.8878930337083424,0.0,0.0,0.0,0.9401718918541064,0.1241462834747553,1.0643181753288615,1.0643181753288615,iid,5,3400,73400
15.0,0.004930605096731,60000.0,1.177714771270752,1.1320963349342348,-0.0456184363365173,0.1550303252481291,0.3937389049206709,2288.0,1587.0,2288.0,4410.0,0.1927447552447552,0.0,10.539898411952086,0.228923862334291,10.310974549617796,10.310974549617796,0.0,66.50940409958422,0.0212580221405373,-0.0508393436666094,0.0052209073300921,1.0,1.0,5.587935447692871e-09,15.48924368614098,0.0,-5.118916234889525,-0.0593529016336611,435.7057075264984,0.0343293816664211,10.310974549617796,0.0,1.240242601985033,0.0,0.0,0.0,5.118916234889525,0.0593529016336611,5.178269136523186,5.178269136523186,iid,5,3400,73400
20.0,0.0049096652228095,60000.0,1.0055435182094574,0.9805274470329284,-0.0250160711765289,0.0648245842026655,0.2546067245825717,1850.0,1476.0,1848.0,2896.0,0.1565405405405405,0.001081081081081,5.688877261093223,0.1522214653512179,5.536655795742005,5.536655795742005,0.0,85.40981579507522,0.0260604164524843,-0.0271831264110215,0.0021670552344926,1.0,1.0,4.165001232792065e-09,11.338870136467447,0.0,-5.545055720794153,-0.2571586199312907,446.7983732282246,0.0247499418584516,5.536655795742005,0.0,0.5185966736213242,0.0,0.0,0.0,5.545055720794153,0.2571586199312907,5.802214340725444,5.802214340725444,iid,5,3400,73400
25.0,0.0048896638427146,60000.0,0.9036457260608676,0.8876431319713592,-0.0160025940895082,0.0650161876439171,0.254982720284958,1839.0,1544.0,1835.0,2567.0,0.1395867319195214,0.0021750951604132,3.958060374992158,0.3299368950720804,3.628123479920077,3.628123479920077,0.0,55.80338699326246,0.0769442875758028,-0.0177403041966692,0.001737710107161,1.0,1.0,0.0,10.690239998395556,0.0,-6.83063027333526,-0.2314862451402177,489.9858485416953,0.0213516088406917,3.628123479920077,0.0,0.5201295011513372,0.0,0.0,0.0,6.83063027333526,0.2314862451402177,7.062116518475477,7.062116518475477,iid,5,3400,73400
30.0,0.0048705237912742,60000.0,0.8269772391796113,0.8138016519069672,-0.0131755872726441,0.0572581798487779,0.2392868150332942,1588.0,1374.0,1584.0,2096.0,0.1319899244332493,0.0025188916876573,3.116271183170184,0.1854507958137787,2.9308203873564054,2.9308203873564054,0.0,51.18605577573135,0.0561679017779829,-0.014274630424571,0.0010990431519269,1.0,1.0,0.0,8.352171584963799,0.0,-5.231572940015212,-0.1897782575921809,469.1372855306854,0.0174918450250533,2.9308203873564054,0.0,0.4580654387902236,0.0,0.0,0.0,5.231572940015212,0.1897782575921809,5.421351197607393,5.421351197607393,iid,5,3400,73400
35.0,0.0048521769173698,60000.0,0.7645731055259706,0.7553712751388548,-0.0092018303871157,0.035980304648487,0.1896847507009643,1402.0,1248.0,1400.0,1798.0,0.1282453637660485,0.0014265335235378,2.1823631083539192,0.1384588139850162,2.043904294368903,2.043904294368903,0.0,56.80619756661373,0.0596593873283809,-0.0099173852384498,0.000715554851334,1.0,1.0,1.862645149230957e-09,7.411508644348942,0.0,-5.043990473473059,-0.3236138765069798,492.9019437187417,0.0148137304910406,2.043904294368903,0.0,0.287842437187896,0.0,0.0,0.0,5.043990473473059,0.3236138765069798,5.367604349980039,5.367604349980039,iid,5,3400,73400
40.0,0.0048345627417287,60000.0,0.72142863945961,0.7136880059242248,-0.0077406335353852,0.0325462267223808,0.1804057280753049,1342.0,1218.0,1326.0,1582.0,0.1178837555886736,0.0119225037257824,1.9456367646338464,0.2412186650866274,1.704418099547219,1.704418099547219,0.0,52.36914601762892,0.1103038919758222,-0.0082401162403991,0.0004994827050138,1.0,1.0,0.0,6.784849226358347,0.0,-4.815484035631698,-0.2649470911794296,486.2606594317476,0.0137611013734295,1.704418099547219,0.0,0.2603698137790468,0.0,0.0,0.0,4.815484035631698,0.2649470911794296,5.080431126811128,5.080431126811128,iid,5,3400,73400
45.0,0.0048176273546297,60000.0,0.6843822763442993,0.6789079953670502,-0.0054742809772491,0.023434116775208,0.1530820589592654,1296.0,1200.0,1296.0,1512.0,0.1166666666666666,0.0,1.457588222559528,0.2189007887059453,1.2386874338535827,1.2386874338535827,0.0,52.85829398802196,0.1305709654134334,-0.0059675344651691,0.00049325348792,1.0,1.0,0.0,6.4168045271071605,0.0,-4.798984222188807,-0.379132871064771,482.85148996138014,0.0131151039202646,1.2386874338535827,0.0,0.1874729342016642,0.0,0.0,0.0,4.798984222188807,0.379132871064771,5.178117093253578,5.178117093253578,iid,5,3400,73400
50.0,0.004801322503961,60000.0,0.6578576325416565,0.6522001925945282,-0.0056574399471283,0.0238024663496779,0.1542804794835623,1402.0,1292.0,1394.0,1618.0,0.1154065620542082,0.0057061340941512,1.5780673081824972,0.203960766017869,1.374106542164628,1.374106542164628,0.0,57.72958658896381,0.1144542945034076,-0.0065975286637351,0.0009400887166068,1.0,1.0,0.0,7.434842332499102,0.0,-5.650060662646865,-0.4106751276876084,527.5771012003083,0.0138965913235602,1.374106542164628,0.0,0.1904197307974232,0.0,0.0,0.0,5.650060662646865,0.4106751276876084,6.060735790334474,6.060735790334474,iid,5,3400,73400
55.0,0.0047856048355997,60000.0,0.6320962402820588,0.6288856652736664,-0.0032105750083923,0.0121971875468292,0.110440878060749,1491.0,1396.0,1481.0,1659.0,0.1112676056338028,0.0067069081153587,1.043503206991753,0.1602688872749196,0.8832343197168333,0.8832343197168333,0.0,72.41294899547863,0.1331388956748943,-0.0042268104314044,0.0010162354230121,1.0,1.0,0.0,7.83976579469163,0.0,-6.377603313728969,-0.5789281612458277,531.9122017525551,0.0145247563067111,0.8832343197168333,0.0,0.0975775003746339,0.0,0.0,0.0,6.377603313728969,0.5789281612458277,6.956531474974796,6.956531474974796,iid,5,3400,73400
60.0,0.0047704352566433,60000.0,0.6147080047607423,0.6120525181770327,-0.0026554865837096,0.0225344385604918,0.1501147513087631,1549.0,1461.0,1537.0,1709.0,0.1103292446739832,0.0077469335054873,1.086961023884765,0.4157702500150977,0.6711907738696672,0.6711907738696672,0.0,29.78511188853949,0.2766763806918704,-0.0032018721316016,0.0005463855478919,1.0,1.0,0.0,8.791711620637216,0.0,-7.5462993176422515,-0.574221529125297,560.7554646035896,0.015436318513457,0.6711907738696672,0.0,0.1802755084839344,0.0,0.0,0.0,7.5462993176422515,0.574221529125297,8.120520846767548,8.120520846767548,iid,5,3400,73400
65.0,0.0047557783984597,60000.0,0.5979870732784272,0.5945286817550659,-0.0034583915233612,0.023974622553229,0.1548374068280306,1291.0,1212.0,1281.0,1429.0,0.1106893880712625,0.0077459333849728,1.1558519032218406,0.3018271385119417,0.8540247647098989,0.8540247647098989,0.0,35.622031705140365,0.2070600796681172,-0.0040615525277569,0.0006031610043957,1.0,1.0,0.0,6.527799446950667,0.0,-5.137112334864924,-0.5366623473758443,511.52002674410505,0.0126007660237593,0.8540247647098989,0.0,0.1917969804258325,0.0,0.0,0.0,5.137112334864924,0.5366623473758443,5.673774682240768,5.673774682240768,iid,5,3400,73400
70.0,0.0047416021613943,60000.0,0.5808371971130372,0.5769869979858399,-0.0038501991271973,0.0365643141439693,0.1912179754729385,1636.0,1520.0,1600.0,1776.0,0.1085574572127139,0.0220048899755501,1.4260268185053917,0.4614170598987286,0.9646097586066632,0.9646097586066632,0.0,26.381180153101795,0.2444666382816468,-0.0045737957163114,0.0007235965891141,1.0,1.0,0.0,9.69737363490276,0.0,-8.075090571614226,-0.6576733046818717,599.1152189653185,0.0159283394475885,0.9646097586066632,0.0,0.2925145131517547,0.0,0.0,0.0,8.075090571614226,0.6576733046818717,8.732763876296097,8.732763876296097,iid,5,3400,73400
75.0,0.0047278773267132,60000.0,0.5668713023185732,0.5633966041088104,-0.0034746982097627,0.0284416088687591,0.1686464018850066,1641.0,1549.0,1615.0,1755.0,0.1069469835466179,0.0158439975624619,1.462931271295048,0.363715120382329,1.099216150912719,1.099216150912719,0.0,38.648170572379975,0.1991163270786831,-0.0051969591170572,0.0017222609072945,1.0,1.0,0.0,9.061318697175013,0.0,-7.259418878189905,-0.7026836680723871,558.3064293859497,0.0159708032890291,1.099216150912719,0.0,0.2275328709500732,0.0,0.0,0.0,7.259418878189905,0.7026836680723871,7.962102546262292,7.962102546262292,iid,5,3400,73400
80.0,0.0047145772242381,60000.0,0.5527311915397644,0.5506753029346467,-0.0020558886051176,0.0213800399723902,0.1462191504981145,1616.0,1523.0,1586.0,1718.0,0.1063118811881188,0.0185643564356435,1.2871162884445368,0.4789228119388848,0.808193476505652,0.808193476505652,0.0,37.801308021375846,0.2711847160319988,-0.0038102905571113,0.0017544019519937,1.0,1.0,0.0,8.71726611815393,0.0,-7.248969344935745,-0.6601032967125331,576.8785568572184,0.0148861480497966,0.808193476505652,0.0,0.171040319779122,0.0,0.0,0.0,7.248969344935745,0.6601032967125331,7.909072641648278,7.909072641648278,iid,5,3400,73400
85.0,0.0047016774463746,60000.0,0.5411446350574494,0.5379707626819611,-0.0031738723754882,0.0266372604925148,0.1632092536975611,1710.0,1587.0,1650.0,1786.0,0.1044444444444444,0.0350877192982456,1.3134513894743245,0.4908910543258535,0.8225603351484709,0.8225603351484709,0.0,30.880064989401287,0.2720609139426846,-0.0038674133760499,0.0006935410005616,1.0,1.0,0.0,10.325524325831791,0.0,-8.686857415223358,-0.8161065754599646,596.7178618695907,0.0170095326967416,0.8225603351484709,0.0,0.213098083940119,0.0,0.0,0.0,8.686857415223358,0.8161065754599646,9.502963990683323,9.502963990683323,iid,5,3400,73400
90.0,0.0046891556009951,60000.0,0.5276166522026062,0.5270485051631927,-0.0005681470394135,0.012383933709651,0.1112831241008762,1594.0,1515.0,1558.0,1646.0,0.1032622333751568,0.0225846925972396,0.7787093798827478,0.3805609856985086,0.3981483941842392,0.3981483941842392,0.0,32.150397726528105,0.328276299470224,-0.0018669797726162,0.0012988327332026,1.0,1.0,0.0,8.977039971156046,0.0,-7.938769112400905,-0.6401224645709014,534.2491672578435,0.0165254176836349,0.3981483941842392,0.0,0.0990714696772082,0.0,0.0,0.0,7.938769112400905,0.6401224645709014,8.578891576971806,8.578891576971806,iid,5,3400,73400
95.0,0.0046769910970246,60000.0,0.5195665575504302,0.5172145201444627,-0.0023520374059675,0.0216150100457167,0.1470204409111766,1546.0,1466.0,1514.0,1614.0,0.104398447606727,0.0206985769728331,1.0800949801417934,0.3402465754031425,0.7398484047386509,0.7398484047386509,0.0,34.22845528055902,0.2395526442740751,-0.0034602644021105,0.0011082269961429,1.0,1.0,0.0,7.994408211088739,0.0,-6.398239121696861,-0.8563206846532276,554.8467678950637,0.0142036662391967,0.7398484047386509,0.0,0.1729200803657342,0.0,0.0,0.0,6.398239121696861,0.8563206846532276,7.254559806350088,7.254559806350088,iid,5,3400,73400
100.0,0.004665164957684,60000.0,0.5122698538064957,0.5103857501983644,-0.0018841036081312,0.0355861390489001,0.1886428876181132,1625.0,1533.0,1595.0,1725.0,0.1061538461538461,0.0184615384615384,1.444816344463682,0.5604279389461748,0.8843884055175071,0.8843884055175071,0.0,24.85204714965677,0.279481130345468,-0.0041258177984023,0.002241714190271,1.0,1.0,0.0,10.34647401352413,0.0,-8.86528855736583,-0.5967970506407934,629.2589681147656,0.0161763383049027,0.8843884055175071,0.0,0.2846891123912008,0.0,0.0,0.0,8.86528855736583,0.5967970506407934,9.462085608006625,9.462085608006625,iid,5,3400,73400
105.0,0.0046536596572292,60000.0,0.5051655215263366,0.503194634270668,-0.0019708872556686,0.0518673484140974,0.2277440414458685,1629.0,1547.0,1593.0,1687.0,0.1035604665438919,0.0220994475138122,1.203018770716509,0.6741960783847722,0.5288226923317367,0.5288226923317367,0.0,10.195676249144892,0.3591469983883541,-0.0024609608291315,0.0004900735734629,1.0,1.0,0.0,8.146645330940373,0.0,-6.995726559054674,-0.6220960795539625,573.5432991027405,0.0140051335060841,0.5288226923317367,0.0,0.4149387873127799,0.0,0.0,0.0,6.995726559054674,0.6220960795539625,7.6178226386086365,7.6178226386086365,iid,5,3400,73400
110.0,0.0046424589777348,60000.0,0.4962741232156754,0.4952820012569428,-0.0009921219587325,0.028245650633064,0.1680644240553725,1885.0,1789.0,1841.0,1945.0,0.103183023872679,0.0233421750663129,1.0177489286717956,0.6242803757015523,0.3934685529702433,0.3934685529702433,0.0,13.930235068108251,0.3801883279664111,-0.001826661616193,0.0008345396574604,1.0,1.0,0.0,10.87808852561284,0.0,-9.599774653575878,-0.8848453190667174,625.1664660624774,0.0171027146559844,0.3934685529702433,0.0,0.2259652050645126,0.0,0.0,0.0,9.599774653575878,0.8848453190667174,10.484619972642594,10.484619972642594,iid,5,3400,73400
115.0,0.0046315478830482,60000.0,0.4883567683696747,0.4859471888542175,-0.0024095795154571,0.0375197977663577,0.1937002781783179,1678.0,1581.0,1644.0,1778.0,0.1059594755661501,0.0202622169249105,1.332909226815631,0.510576437788151,0.8223327890274801,0.8223327890274801,0.0,21.91730334337856,0.2769625213754447,-0.0038086736881813,0.0013990941727242,1.0,1.0,0.0,9.616191392065955,0.0,-7.959684548433643,-0.8341740546048344,653.9014185822307,0.0144927448006066,0.8223327890274801,0.0,0.300158382130862,0.0,0.0,0.0,7.959684548433643,0.8341740546048344,8.793858603038476,8.793858603038476,iid,5,3400,73400
120.0,0.0046209124075087,60000.0,0.4799497295379638,0.4798188304901122,-0.0001308990478515,0.0147119421346666,0.1212927950649447,1798.0,1692.0,1744.0,1850.0,0.1028921023359288,0.0300333704115683,0.8331315065598286,0.4493734543330112,0.3837580522268173,0.3837580522268173,0.0,26.084798914654776,0.3503873030012854,-0.0017733123450163,0.0016424132971647,1.0,1.0,0.0,11.362856761319565,0.0,-9.808855066836712,-1.170243642256032,603.649963793865,0.0184758047012127,0.3837580522268173,0.0,0.1176955370773334,0.0,0.0,0.0,9.808855066836712,1.170243642256032,10.979098709092746,10.979098709092746,iid,5,3400,73400
125.0,0.0046105395574086,60000.0,0.475679836511612,0.4748566519737244,-0.0008231845378876,0.0325051408060273,0.1802918212399755,1447.0,1363.0,1389.0,1445.0,0.0998617829993089,0.0400829302004146,0.8316264841286205,0.4524179799150438,0.3792085042135766,0.3792085042135766,0.0,11.666108646520962,0.352338250414091,-0.0017483558091824,0.0009251712712948,1.0,1.0,0.0,7.599397701909766,0.0,-6.35517052315322,-0.8650186745429693,578.4377665779757,0.0129674330658667,0.3792085042135766,0.0,0.2600411264482185,0.0,0.0,0.0,6.35517052315322,0.8650186745429693,7.220189197696189,7.220189197696189,iid,5,3400,73400
130.0,0.0046004172234895,60000.0,0.4695571035146713,0.4676865003585815,-0.0018706031560897,0.0293545109678643,0.1713315819335837,1797.0,1702.0,1745.0,1831.0,0.10189204229271,0.0289371174179187,1.3640298556639214,0.5730038448720656,0.7910260107918559,0.7910260107918559,0.0,26.947340790579908,0.2958151139618853,-0.0036390496842751,0.0017684465281853,1.0,1.0,0.0,9.946987506118605,0.0,-8.039754562061717,-1.1162069332650306,614.2021299077169,0.015936876667124,0.7910260107918559,0.0,0.2348360877429146,0.0,0.0,0.0,8.039754562061717,1.1162069332650306,9.155961495326746,9.155961495326746,iid,5,3400,73400
135.0,0.0045905341030286,60000.0,0.4607386043071748,0.4616209944009781,0.0008823900938033,0.008828052720971,0.0939577177296844,1823.0,1712.0,1751.0,1833.0,0.1005485463521667,0.0394953373560066,0.6305564263851182,0.4719761489310947,0.1585802774540234,0.1585802774540234,0.0,17.96322274756196,0.4280836317201141,-0.0007279681717204,0.0016103582655238,0.0,1.0,0.0,11.47519533970626,0.0,-10.362104792760874,-0.954510269491363,669.5426104419494,0.0168500665361242,0.1585802774540234,0.0,0.0706244217677684,0.0,0.0,0.0,10.362104792760874,0.954510269491363,11.316615062252238,11.316615062252238,iid,5,3400,73400
140.0,0.0045808796302822,60000.0,0.4570606307029724,0.4556333510875703,-0.0014272796154021,0.0212603197390045,0.1458091894875098,1835.0,1734.0,1777.0,1869.0,0.1018528610354223,0.0316076294277929,1.1467115427641694,0.3564113377987823,0.7903002049653871,0.7903002049653871,0.0,37.172545599842906,0.237113906259812,-0.0036202701107338,0.0021929904953316,1.0,1.0,0.0,11.056657430133782,0.0,-9.263867770090712,-1.0024894550776828,628.9573245137835,0.0172756498171357,0.7903002049653871,0.0,0.1700825579120364,0.0,0.0,0.0,9.263867770090712,1.0024894550776828,10.266357225168395,10.266357225168395,iid,5,3400,73400
145.0,0.0045714439142384,60000.0,0.4545038185358048,0.4543983035802841,-0.0001055149555206,0.0289118890944163,0.170034964329153,1402.0,1342.0,1372.0,1434.0,0.1022824536376604,0.021398002853067,0.7437958250734278,0.5724292267141657,0.171366598359262,0.171366598359262,0.0,5.927201705832412,0.4349022425433533,-0.0007833927931731,0.0006778778376525,1.0,1.0,0.0,7.838644563802518,0.0,-6.91126597707148,-0.756011988371776,632.7333244056608,0.0122369459538061,0.171366598359262,0.0,0.2312951127553307,0.0599285143960686,0.0,0.0,6.91126597707148,0.756011988371776,7.667277965443256,7.607349451047187,iid,5,3400,73400
150.0,0.0045622176827774,60000.0,0.4514768052577972,0.4473660056114196,-0.0041107996463776,0.0506579651113164,0.225073243881445,1745.0,1652.0,1689.0,1765.0,0.1011461318051576,0.0320916905444126,1.785095787162522,0.5635451394603983,1.2215506477021236,1.2215506477021236,0.0,24.113693572528494,0.2399452096198938,-0.0055729799653548,0.0014621803189772,1.0,1.0,0.0,10.00296154874377,0.0,-7.790595435811156,-0.99081546523049,596.8631380439183,0.0164829796152032,1.2215506477021236,0.0,0.4052637208905314,0.0,0.0,0.0,7.790595435811156,0.99081546523049,8.781410901041646,8.781410901041646,iid,5,3400,73400
1.0,0.0049950273089797,60000.0,2.3051766083717347,2.305176644659043,3.628730826932269e-08,0.6123968267589308,0.7825578743830586,10.0,10.0,10.0,10.0,0.1,0.0,0.0197829857934266,0.0197829874232411,-1.6298145055770872e-09,-1.6298145055770872e-09,0.0,-2.6613699391663595e-09,0.5000000205961634,8.140967963928872e-12,3.6279167301358765e-08,0.0,0.0,0.0,4.09334272146225,0.0,0.4055964648723602,-4.4989391879644245,2423.4918076974686,0.0016861788435128,-1.6298145055770872e-09,0.0,4.899174614071447,4.899174615701261,0.8058318926091967,0.0,0.0,4.4989391879644245,5.304771080573621,0.4055964648723602,strong,1,2500,72500
5.0,0.0049756643332495,60000.0,2.301379080581665,2.2969308194637303,-0.0044482611179348,0.6160819072442397,0.7849088528257531,620.0,575.0,586.0,614.0,0.0990322580645161,0.0548387096774193,4.178100410673324,0.1127638071429828,4.065336603530341,4.065336603530341,0.0,6.598695004232087,0.0262799756456451,-0.0202277503408397,0.0157794892229048,1.0,1.0,0.0,46.62259846227244,0.0,-1.922610622365028,-40.63465123637707,2496.586127530336,0.018332195067503,4.065336603530341,0.0,4.928655257953918,0.8633186544235771,0.0,0.0,1.922610622365028,40.63465123637707,42.557261858742095,41.69394320431852,strong,1,2500,72500
10.0,0.0049525712910726,60000.0,2.209159907102585,2.2040919175624847,-0.0050679895401004,0.3451372993702414,0.5874838715830771,2953.0,2665.0,2759.0,2949.0,0.0998645445309854,0.0656959024720623,8.41732204761042,4.112355799013099,4.30496624859732,4.30496624859732,0.0,12.473199090484927,0.3282092204885612,-0.0213206522518396,0.0162526627117391,1.0,1.0,0.0,82.92368485504994,0.0,-6.811844426149037,-71.8068741803036,1673.299449253395,0.0472170553072383,4.30496624859731,9.769962616701378e-15,2.761098394961931,0.0,0.0,0.0,6.811844426149037,71.8068741803036,78.61871860645263,78.61871860645263,strong,1,2500,72500
15.0,0.004930605096731,60000.0,2.094207944583893,2.0565557840824127,-0.0376521605014801,0.3912668211640388,0.6255132461939066,3507.0,2889.0,3037.0,3349.0,0.0954947248360422,0.1340176789278585,15.30875458118647,2.839784995664658,12.468969585521812,12.468969585521812,0.0,31.868200703617006,0.1564745738156732,-0.0614795649893581,0.0238274044878779,1.0,1.0,0.0,117.59610748224075,0.0,-19.30392398991171,-85.82321390680724,1388.2043020149808,0.0780954147312959,12.46896958552182,7.105427357601002e-15,3.1301345693123106,0.0,0.0,0.0,19.30392398991171,85.82321390680724,105.12713789671896,105.12713789671896,strong,1,2500,72500
20.0,0.0049096652228095,60000.0,1.9189046687126163,1.8911797327041624,-0.0277249360084537,0.3557782072771113,0.5964714639252336,2660.0,2218.0,2396.0,2776.0,0.1043609022556391,0.0992481203007519,9.927894586318356,2.8891145207029805,7.038780065615375,7.038780065615375,8.881784197001252e-16,19.784179923457074,0.2254125355282991,-0.034558053699157,0.0068331176907033,1.0,1.0,0.0,57.15374577732291,0.0,2.955079442675924,-53.07004515438346,1196.1128821932905,0.0456038200505432,7.038780065615377,1.7763568394002505e-15,2.8462256582168903,0.0,0.0,0.0,0.0,53.07004515438346,53.07004515438346,53.07004515438346,strong,1,2500,72500
25.0,0.0048896638427146,60000.0,1.7480514919281007,1.722631580448151,-0.0254199114799498,0.3310876795091548,0.5754021893503315,3736.0,3027.0,3198.0,3582.0,0.0958779443254818,0.1440042826552462,11.312751656389992,3.9719272541783823,7.340824402211611,7.340824402211611,0.0,22.171844065881743,0.2598633100124889,-0.0358941636552114,0.0104742521752616,1.0,1.0,9.313225746154783e-10,100.16091713041531,0.0,-16.5112164430775,-76.30887628512622,1451.175935839226,0.0645642607784909,7.340824402211609,1.7763568394002505e-15,2.6487014360732384,0.0,0.0,0.0,16.5112164430775,76.30887628512622,92.82009272820372,92.82009272820372,strong,1,2500,72500
30.0,0.0048705237912742,60000.0,1.611070533657074,1.5904443169593812,-0.0206262166976929,0.2447985298224109,0.4947711893617199,2892.0,2482.0,2682.0,3104.0,0.1073305670816044,0.0726141078838173,9.97846715006845,2.666735465219672,7.311731684848779,7.311731684848779,0.0,29.868364365394974,0.2108891052481494,-0.0356119631264699,0.0149857464287769,1.0,1.0,0.0,67.02329722495051,0.0,-2.5845120910089463,-57.127053449092784,1245.5856183316064,0.0510611320939657,7.31173168484878,1.7763568394002505e-15,1.9583882385792877,0.0,0.0,0.0,2.5845120910089463,57.127053449092784,59.71156554010173,59.71156554010173,strong,1,2500,72500
35.0,0.0048521769173698,60000.0,1.5083795996665956,1.482488886833191,-0.0258907128334047,0.287059739829159,0.5357795627206763,3495.0,2920.0,3073.0,3393.0,0.0970815450643776,0.1207439198855507,12.942979396506814,3.752223621596493,9.190755774910322,9.190755774910322,0.0,32.016874885973614,0.2247486069817659,-0.0445951730242031,0.0187044601907984,1.0,1.0,0.0,114.34228221682132,0.0,-22.461089324147903,-82.6904371177631,1391.0132204905358,0.0759569962119769,9.190755774910327,7.105427357601002e-15,2.2964779186332724,0.0,0.0,0.0,22.461089324147903,82.6904371177631,105.151526441911,105.151526441911,strong,1,2500,72500
40.0,0.0048345627417287,60000.0,1.42402528219223,1.4132087850570678,-0.0108164971351623,0.1899012514891113,0.4357766073220444,3660.0,3031.0,3182.0,3500.0,0.0956284153005464,0.1306010928961748,9.180746864361334,4.236658905172266,4.944087959189067,4.944087959189067,0.0,26.03504674361009,0.3157584243887361,-0.0239025034393251,0.0130860063041628,1.0,1.0,0.0,93.04297050606692,0.0,-14.967898750946915,-73.13098379593094,1300.3558145276816,0.0667741148517029,4.944087959189062,5.3290705182007506e-15,1.5192100119128904,0.0,0.0,0.0,14.967898750946915,73.13098379593094,88.09888254687786,88.09888254687786,strong,1,2500,72500
45.0,0.0048176273546297,60000.0,1.3525778167724607,1.34096538438797,-0.0116124323844906,0.1482946999493298,0.3850905087759627,3095.0,2657.0,2767.0,2995.0,0.0967689822294022,0.1059773828756057,6.236468331217779,3.246525595488741,2.9899427357290373,2.9899427357290373,0.0,20.162168551881205,0.3423523858162242,-0.0144044299124247,0.0027919975279341,1.0,1.0,0.0,78.09531113889534,0.0,-12.07254378880316,-63.032824614363136,1239.380500255993,0.0592764667582103,2.989942735729045,7.549516567451064e-15,1.1863575995946387,0.0,0.0,0.0,12.07254378880316,63.032824614363136,75.1053684031663,75.1053684031663,strong,1,2500,72500
50.0,0.004801322503961,60000.0,1.2974827864646912,1.2902752535820008,-0.0072075328826903,0.1277182192888895,0.3573768589163119,3607.0,2874.0,2995.0,3243.0,0.0899085112281674,0.1696700859439978,5.817735362973962,3.746231184842099,2.071504178131863,2.071504178131863,0.0,16.219331820202317,0.3917026650095878,-0.0099459596275139,0.0027384267448235,1.0,1.0,0.0,90.83075486894812,0.0,-17.100659886058565,-71.65859080475771,1341.7998612043743,0.0634013777521416,2.0715041781318604,2.664535259100376e-15,1.021745754311116,0.0,0.0,0.0,17.100659886058565,71.65859080475771,88.75925069081627,88.75925069081627,strong,1,2500,72500
55.0,0.0047856048355997,60000.0,1.249623851966858,1.241940409183502,-0.007683442783356,0.1672490347180575,0.4089609207712364,3098.0,2722.0,2858.0,3134.0,0.1011620400258231,0.077469335054874,6.813754157903327,3.28074576250767,3.5330083953956573,3.5330083953956577,4.440892098500626e-16,21.12423788484924,0.3250032976744126,-0.0169075820612198,0.0092241392778637,1.0,1.0,0.0,77.75687412606203,0.0,-3.742461939778877,-70.4814037908875,1301.163304885381,0.0563896847037269,3.5330083953956546,2.664535259100376e-15,1.3379922777444604,0.0,0.0,0.0,3.742461939778877,70.4814037908875,74.22386573066638,74.22386573066638,strong,1,2500,72500
60.0,0.0047704352566433,60000.0,1.203904861354828,1.2015233432769776,-0.0023815180778503,0.1193506463887521,0.3454716289201649,4553.0,3412.0,3657.0,4159.0,0.0913463650340434,0.1967933230836811,6.4494363941828246,5.099657786474869,1.3497786077079557,1.3497786077079557,0.0,11.309353141761967,0.4415634426997508,-0.006439031458873,0.0040575133810226,1.0,1.0,0.0,127.45326995063806,0.0,-32.10317857418704,-94.00031276874304,1479.61862154021,0.0793077588037472,1.3497786077079752,1.9539925233402755e-14,0.9548051711100172,0.0,0.0,0.0,32.10317857418704,94.00031276874304,126.10349134293008,126.10349134293008,strong,1,2500,72500
65.0,0.0047557783984597,60000.0,1.157404332113266,1.152836192893982,-0.004568139219284,0.0877663260717106,0.2962538203495622,2688.0,2339.0,2440.0,2648.0,0.0985119047619047,0.0922619047619047,3.839621163612229,1.8429023026251985,1.9967188609870303,1.9967188609870303,0.0,22.75039813510689,0.3243105485748993,-0.0094959524268791,0.0049278132075951,1.0,1.0,0.0,63.67217687424272,0.0,-4.957359554231516,-56.718098459024176,1131.5793511137667,0.0532709437162764,1.9967188609870303,0.0,0.7021306085736855,0.0,0.0,0.0,4.957359554231516,56.718098459024176,61.67545801325569,61.67545801325569,strong,1,2500,72500
70.0,0.0047416021613943,60000.0,1.133333520030975,1.116973237133026,-0.0163602828979492,0.1743877248234258,0.4175975632393295,3113.0,2659.0,2751.0,2945.0,0.0946032765820751,0.1162865403148089,8.117574731668222,2.9701581218439124,5.14741660982431,5.14741660982431,0.0,29.517081061962728,0.2678778575462421,-0.02440700172274,0.0080467188247907,1.0,1.0,1.31708899342442e-09,89.15215205634013,0.0,-11.730146192850045,-72.27458925366578,1234.4853308074948,0.0673539040791211,5.147416609824305,5.3290705182007506e-15,1.3951017985874066,0.0,0.0,0.0,11.730146192850045,72.27458925366578,84.00473544651582,84.00473544651582,strong,1,2500,72500
75.0,0.0047278773267132,60000.0,1.0972060992240906,1.091181121873856,-0.0060249773502347,0.1109303143169143,0.3330620277319442,3431.0,2772.0,2895.0,3149.0,0.0917808219178082,0.1562226756047799,5.495536758013495,2.6342694179160926,2.8612673400974025,2.861267340097402,4.440892098500626e-16,25.793376298593284,0.3240261035638875,-0.0135277209829117,0.0075027436326769,1.0,1.0,9.313225746154783e-10,90.23904119298096,0.0,-20.750137170416565,-66.62763668246699,1303.4725580260465,0.064747284333105,2.861267340097399,3.552713678800501e-15,0.887442514535315,0.0,0.0,0.0,20.750137170416565,66.62763668246699,87.37777385288355,87.37777385288355,strong,1,2500,72500
80.0,0.0047145772242381,60000.0,1.073661081647873,1.0600078201293943,-0.0136532615184785,0.2936788695146632,0.5419214606515074,3429.0,2817.0,3065.0,3575.0,0.1042578011081948,0.1061533974919801,9.822632911383367,2.5597199013224383,7.262913010060929,7.262913010060929,0.0,24.73079871923947,0.2067232245794073,-0.0342415642588561,0.0205883027403775,1.0,1.0,0.0,118.4087056905264,0.0,-27.66727433608185,-83.47851834438363,1410.945555448725,0.0774239878223643,7.262913010060927,1.7763568394002505e-15,2.349430956117306,0.0,0.0,0.0,27.66727433608185,83.47851834438363,111.14579268046548,111.14579268046548,strong,1,2500,72500
85.0,0.0047016774463746,60000.0,1.0285780087471008,1.029509155750275,0.000931147003174,0.0611520060860214,0.2472893165626477,3566.0,3061.0,3186.0,3440.0,0.0964666292765002,0.1065619742007851,4.081521937074811,2.10312124314716,1.978400693927651,1.9784006939276504,4.440892098500626e-16,32.35217976569192,0.3400553891084267,-0.0093018019225315,0.0102329489257056,0.0,1.0,0.0,88.83460460448987,0.0,-12.531394339574035,-74.32480957098818,1235.7847514221658,0.0670642507225315,1.9784006939276535,2.664535259100376e-15,0.4892160486881713,0.0,0.0,0.0,12.531394339574035,74.32480957098818,86.85620391056221,86.85620391056221,strong,1,2500,72500
90.0,0.0046891556009951,60000.0,1.0100735342979432,0.9996306307315828,-0.0104429035663604,0.1287082807838555,0.3587593633396284,3157.0,2595.0,2699.0,2925.0,0.0926512511878365,0.1450744377573646,6.13283751364837,3.3669235216772364,2.765913991971134,2.765913991971133,4.440892098500626e-16,21.48979051795458,0.354421917473194,-0.0129698010873222,0.0025268975209617,1.0,1.0,9.313225746154783e-10,87.82535734397243,0.0,-22.94320288057133,-62.11624047142996,1357.6847299865676,0.0607573465683395,2.765913991971132,1.7763568394002505e-15,1.029666246270844,0.0,0.0,0.0,22.94320288057133,62.11624047142996,85.0594433520013,85.0594433520013,strong,1,2500,72500
95.0,0.0046769910970246,60000.0,1.0025441365718843,0.983688337612152,-0.0188557989597322,0.2900104053968618,0.5385261417952353,3269.0,2678.0,2761.0,2935.0,0.0897828081982257,0.15539920464974,8.998361336221105,3.302861557225402,5.695499778995703,5.695499778995703,0.0,19.63894975148134,0.2684986351222857,-0.0266378017594685,0.0077820027997363,1.0,1.0,0.0,88.44598521769512,0.0,-14.22696026497215,-68.52352517372728,1369.570412031144,0.0606618590741405,5.695499778995696,7.105427357601002e-15,2.320083243174895,0.0,0.0,0.0,14.22696026497215,68.52352517372728,82.75048543869943,82.75048543869943,strong,1,2500,72500
100.0,0.004665164957684,60000.0,0.965645447444916,0.9578914893150328,-0.0077539581298829,0.1300459670439102,0.3606188667331622,4179.0,3529.0,3699.0,4053.0,0.0969849246231155,0.1148600143575018,5.641059870333292,2.3514867953685297,3.2895730749647623,3.2895730749647623,0.0,25.295463978933174,0.2942099550646848,-0.0153464010350665,0.0075924429051835,1.0,1.0,0.0,109.68960459031224,0.0,-32.379741732791445,-74.02028978255603,1543.41544724095,0.0663536805896281,3.28957307496475,1.2434497875801752e-14,1.0403677363512818,0.0,0.0,0.0,32.379741732791445,74.02028978255603,106.40003151534748,106.40003151534748,strong,1,2500,72500
105.0,0.0046536596572292,60000.0,0.9405738000392916,0.93648625125885,-0.0040875487804413,0.0849515502667632,0.2914644922915367,3081.0,2684.0,2783.0,2987.0,0.0969490425186627,0.0967218435572866,3.971090702471877,2.344859239679996,1.6262314627918806,1.6262314627918806,0.0,19.14304633270634,0.3712599468261605,-0.0075679277517114,0.0034803789712701,1.0,1.0,0.0,71.04200617352035,0.0,-8.46353284514953,-60.95224186557894,1225.0431734371114,0.054812760219095,1.6262314627918784,2.220446049250313e-15,0.679612402134106,0.0,0.0,0.0,8.46353284514953,60.95224186557894,69.41577471072847,69.41577471072847,strong,1,2500,72500
110.0,0.0046424589777348,60000.0,0.9334949702739715,0.9220598536014556,-0.0114351166725159,0.2387453672669492,0.4886157664944401,3688.0,3018.0,3138.0,3392.0,0.0919739696312364,0.1491323210412147,7.410698085209291,3.0844905772403024,4.326207507968989,4.326207507968989,0.0,18.120592485179877,0.2938956770044739,-0.0200842408849143,0.0086491242123984,1.0,1.0,0.0,87.98564292606898,0.0,-19.05151545528497,-64.60791996281502,1442.1142142459894,0.0575032031495543,4.326207507968988,8.881784197001252e-16,1.9099629381355936,0.0,0.0,0.0,19.05151545528497,64.60791996281502,83.65943541809999,83.65943541809999,strong,1,2500,72500
115.0,0.0046315478830482,60000.0,0.901781657075882,0.899294170188904,-0.0024874868869779,0.0766882732497751,0.2769264762527684,3999.0,3304.0,3459.0,3783.0,0.0945986496624156,0.1350337584396098,4.646542084570438,3.163900330780457,1.4826417537899808,1.4826417537899812,4.440892098500626e-16,19.3333568609765,0.405085930159606,-0.0068669262760849,0.0043794393891069,1.0,1.0,9.313225746154783e-10,97.6112404986634,0.0,-24.298560549239028,-71.83003819563439,1406.2672729261635,0.0649063336082716,1.4826417537899772,3.552713678800501e-15,0.6135061859982011,0.0,0.0,0.0,24.298560549239028,71.83003819563439,96.1285987448734,96.1285987448734,strong,1,2500,72500
120.0,0.0046209124075087,60000.0,0.8792432423591614,0.8783203641414644,-0.0009228782176969,0.063108432163544,0.2512139171374549,3660.0,3102.0,3238.0,3518.0,0.0961202185792349,0.1153005464480874,3.918000632037807,2.627510226845658,1.2904904051921493,1.2904904051921493,0.0,20.448779361969773,0.4014217199379697,-0.0059632431251234,0.0050403649074264,1.0,1.0,0.0,86.8608850176679,0.0,-20.14006825596425,-65.4303263565115,1414.79098299209,0.0578435567311553,1.2904904051921449,4.440892098500626e-15,0.5048674573083525,0.0,0.0,0.0,20.14006825596425,65.4303263565115,85.57039461247575,85.57039461247575,strong,1,2500,72500
125.0,0.0046105395574086,60000.0,0.86364159450531,0.8632162687778474,-0.0004253257274625,0.0683625182666763,0.261462269298414,3882.0,3202.0,3366.0,3714.0,0.0956723338485316,0.132921174652241,3.704797367594354,2.5091433416087128,1.1956540259856414,1.1956540259856414,0.0,17.489906110852974,0.4037926106846469,-0.0055126101837816,0.0050872844563191,1.0,1.0,0.0,86.09565591497812,0.0,-13.712407058107146,-71.18759483088533,1463.7243852871234,0.0555520341885622,1.1956540259856467,5.3290705182007506e-15,0.5469001461334111,0.0,0.0,0.0,13.712407058107146,71.18759483088533,84.90000188899248,84.90000188899248,strong,1,2500,72500
130.0,0.0046004172234895,60000.0,0.8456847759723666,0.8505983493804933,0.0049135734081267,0.0453579869369374,0.2129741461702276,3970.0,3381.0,3492.0,3724.0,0.0938035264483627,0.1204030226700252,3.5200707888313216,1.9707034110356665,1.5493673777956554,1.5493673777956554,0.0,34.15864509043986,0.3589117562116114,-0.007127736370324,0.0120413097784507,0.0,1.0,0.0,105.44681619488983,0.0,-28.20646668820882,-75.69098212888535,1464.5915688063983,0.0671619351489953,1.5493673777956616,6.217248937900877e-15,0.3628638954954999,0.0,0.0,0.0,28.20646668820882,75.69098212888535,103.89744881709416,103.89744881709416,strong,1,2500,72500
135.0,0.0045905341030286,60000.0,0.8318342800140381,0.829699211025238,-0.0021350689888001,0.0801596300382428,0.2831247605530869,3775.0,3142.0,3323.0,3693.0,0.0978278145695364,0.1197350993377484,4.459378659234116,2.7923100894499395,1.6670685697841767,1.6670685697841765,4.440892098500626e-16,20.796859578678777,0.3850565276890369,-0.0076527351216814,0.0055176661328813,1.0,1.0,0.0,95.65565285942284,0.0,-25.73323962739232,-68.25534466224634,1582.358613980423,0.0570052679227622,1.6670685697841776,8.881784197001252e-16,0.6412770403059423,0.0,0.0,0.0,25.73323962739232,68.25534466224634,93.98858428963868,93.98858428963868,strong,1,2500,72500
140.0,0.0045808796302822,60000.0,0.8186793847560883,0.8208176649093627,0.0021382801532744,0.1072337283052569,0.327465613928023,4522.0,3771.0,3882.0,4114.0,0.0909774436090225,0.1415302963290579,5.024411683094801,4.191223859320843,0.8331878237739581,0.8331878237739581,0.0,7.769829856163941,0.4547948798572193,-0.0038167331301253,0.0059550132833997,0.0,1.0,0.0,116.16093617267325,0.0,-41.30574597575924,-74.02200237314005,1689.7727860630855,0.0643218157690001,0.8331878237739545,3.552713678800501e-15,0.8578698264420559,0.0246820026680978,0.0,0.0,41.30574597575924,74.02200237314005,115.32774834889928,115.3030663462312,strong,1,2500,72500
145.0,0.0045714439142384,60000.0,0.8010511116504668,0.8065920551776886,0.0055409435272217,0.1076181825474357,0.3280521034034621,4677.0,3951.0,4087.0,4361.0,0.093243532178747,0.1261492409664314,6.354785469153353,5.022943300560865,1.3318421685924884,1.3318421685924886,2.220446049250313e-16,12.375624054099232,0.4414715275979486,-0.0060884417763382,0.01162938530356,0.0,1.0,0.0,146.27682361271582,0.0,-58.903303501962,-86.04167794216133,1734.8281622884406,0.07776111631677,1.3318421685924875,8.881784197001252e-16,0.8609454603794863,0.0,0.0,0.0,58.903303501962,86.04167794216133,144.94498144412333,144.94498144412333,strong,1,2500,72500
150.0,0.0045622176827774,60000.0,0.7885412374496461,0.7904080446243287,0.0018668071746825,0.0729498751098447,0.2700923455224985,4530.0,3708.0,3890.0,4268.0,0.0942163355408388,0.141280353200883,4.999450486806119,2.6326863565750926,2.366764130231026,2.3667641302310263,4.440892098500626e-16,32.44370366182609,0.3449474780916994,-0.0107976931659032,0.0126645003405858,0.0,1.0,0.0,118.96977669224724,0.0,-35.99234570220506,-80.61066685981118,1538.6816720515935,0.0717700797609786,2.3667641302310187,7.105427357601002e-15,0.5835990008787579,0.0,0.0,0.0,35.99234570220506,80.61066685981118,116.60301256201625,116.60301256201625,strong,1,2500,72500
1.0,0.0049950273089797,60000.0,2.3051766083717347,2.3051766208171847,1.2445450003895075e-08,0.6123968296466797,0.782557876228129,10.0,10.0,10.0,10.0,0.1,0.0,0.0197829063981771,0.0197830670513212,-1.6065314412117004e-07,-1.6065314412117004e-07,0.0,-2.623350356236468e-07,0.5000020301932458,8.024668421587031e-10,1.1642983161736372e-08,0.0,0.0,0.0,4.0876492112874985,0.0,0.4109677225351333,-4.498617094475776,2488.087437926447,0.0016401934327905,-1.6065314412117004e-07,0.0,4.899174637173438,4.899174797826582,0.8115254258859395,0.0,0.0,4.498617094475776,5.310142520361715,0.4109677225351333,strong,1,2600,72600
5.0,0.0049756643332495,60000.0,2.2978491334438327,2.290878369712829,-0.0069707637310032,0.5354499175986225,0.7317444346208739,615.0,562.0,573.0,595.0,0.0967479674796747,0.0682926829268292,3.0821356710935106,0.3377732080352018,2.7443624630583088,2.7443624630583088,0.0,5.125339220082773,0.0987667274109525,-0.013655026424948,0.0066842626939448,1.0,1.0,0.0,36.39655117352959,0.0,-2.3004096435615797,-31.3517790669097,2371.345904571872,0.0151164635929725,2.7443624630583088,0.0,4.28359934078898,1.539236877730671,0.0,0.0,2.3004096435615797,31.3517790669097,33.65218871047128,32.112951832740606,strong,1,2600,72600
10.0,0.0049525712910726,60000.0,2.2180922785758974,2.1923238943576817,-0.0257683842182157,0.3212391557805603,0.5667796359967076,3217.0,2689.0,3083.0,3879.0,0.120578178427106,0.0416537146409699,11.550002555771409,2.7402117968360926,8.809790758935314,8.809790758935314,0.0,27.42439892649113,0.1917544222376267,-0.0436311167930598,0.0178627325748441,1.0,1.0,0.0,92.75427583794226,0.0,-4.412229446287711,-79.53225563271923,1567.3764160733583,0.0558716710014888,8.809790758935321,7.105427357601002e-15,2.5699132462444823,0.0,0.0,0.0,4.412229446287711,79.53225563271923,83.94448507900694,83.94448507900694,strong,1,2600,72600
15.0,0.004930605096731,60000.0,2.087455838966369,2.055695813894272,-0.0317600250720975,0.3535664101912705,0.5946145055338548,2861.0,2441.0,2569.0,2849.0,0.0995805662355819,0.1020622160083887,10.466259827539904,2.931742613399692,7.534517214140212,7.534517214140212,0.0,21.31004811815757,0.2188193819431854,-0.0371497289774474,0.0053897039053499,1.0,1.0,0.0,89.49556328152539,0.0,-16.258654443648993,-65.70239162373619,1527.309889366718,0.0553533284631965,7.534517214140209,3.552713678800501e-15,2.8285312815301644,0.0,0.0,0.0,16.258654443648993,65.70239162373619,81.96104606738518,81.96104606738518,strong,1,2600,72600
20.0,0.0049096652228095,60000.0,1.892619769239426,1.8598643029212956,-0.0327554663181306,0.3252782757169766,0.5703317242771759,3052.0,2603.0,2750.0,3078.0,0.1008519003931848,0.0989515072083879,11.589691590711055,2.95495409258889,8.634737498122165,8.634737498122165,0.0,26.54569377278431,0.2031643916896337,-0.04239367040262,0.0096382040844894,1.0,1.0,0.0,73.4317715204088,0.0,-4.199804982592468,-60.59722903969417,1291.4577464914146,0.0538005241826267,8.634737498122163,1.7763568394002505e-15,2.602226205735813,0.0,0.0,0.0,4.199804982592468,60.59722903969417,64.79703402228664,64.79703402228664,strong,1,2600,72600
25.0,0.0048896638427146,60000.0,1.744273346328736,1.7091677983284,-0.0351055480003359,0.3565232883904183,0.5970957112477181,4232.0,3509.0,3758.0,4278.0,0.1010869565217391,0.1120037807183365,15.058399884427349,3.757526178941745,11.300873705485602,11.300873705485602,0.0,31.69743484781937,0.199699242348582,-0.0552574735487975,0.0201519255484616,1.0,1.0,0.0,105.8577021828387,0.0,-10.80272060023708,-83.75410787711601,1352.0632000611977,0.0726086730904963,11.3008737054856,1.7763568394002505e-15,2.852186307123347,0.0,0.0,0.0,10.80272060023708,83.75410787711601,94.5568284773531,94.5568284773531,strong,1,2600,72600
30.0,0.0048705237912742,60000.0,1.6189766013145448,1.6044236917495729,-0.0145529095649721,0.2484364020701931,0.4984339495562007,2643.0,2286.0,2405.0,2659.0,0.1006053726825577,0.0900491865304577,7.913807191516298,4.118909249932123,3.794897941584175,3.794897941584175,0.0,15.275128402930118,0.3423091759848963,-0.0184831407099434,0.0039302311449713,1.0,1.0,0.0,69.08485940191895,0.0,-6.55049649916873,-58.73946496116604,1282.1743214073604,0.0511262830869674,3.794897941584175,0.0,1.9874912165615453,0.0,0.0,0.0,6.55049649916873,58.73946496116604,65.28996146033478,65.28996146033478,strong,1,2600,72600
35.0,0.0048521769173698,60000.0,1.510435653877258,1.4938417471885683,-0.0165939066886895,0.1892790225172211,0.4350620904160935,3191.0,2779.0,2881.0,3105.0,0.0973049200877467,0.0971482293951739,8.518793505403275,3.4147811678347217,5.1040123375685535,5.1040123375685535,0.0,26.965546787437454,0.2861490593839115,-0.0247655708503208,0.0081716641616313,1.0,1.0,1.31708899342442e-09,79.88929900253424,0.0,-7.036333763753646,-67.74895290121204,1233.905738113849,0.0608080383511581,5.104012337568562,8.881784197001252e-15,1.514232180137769,0.0,0.0,0.0,7.036333763753646,67.74895290121204,74.78528666496568,74.78528666496568,strong,1,2600,72600
40.0,0.0048345627417287,60000.0,1.425773882198334,1.4125585812568666,-0.0132153009414672,0.1836731041041633,0.4285710024070263,3469.0,2977.0,3113.0,3393.0,0.0978091669068896,0.1026232343614874,7.635601889441189,2.5750296824748915,5.060572206966297,5.060572206966297,0.0,27.55205903253196,0.2521910289621461,-0.0244656538436272,0.0112503529021599,1.0,1.0,0.0,93.690812427958,0.0,-16.870164774427394,-71.76007544656431,1319.7257057343518,0.0662867677178221,5.060572206966299,1.7763568394002505e-15,1.469384832833307,0.0,0.0,0.0,16.870164774427394,71.76007544656431,88.63024022099171,88.63024022099171,strong,1,2600,72600
45.0,0.0048176273546297,60000.0,1.358859297275543,1.3439353263854985,-0.0149239708900448,0.1825629836509331,0.4272738976943632,3093.0,2708.0,2785.0,2949.0,0.0953443258971872,0.0995796960879404,7.144795204605373,2.935788675708812,4.209006528896561,4.209006528896561,0.0,23.05509279440968,0.2912320070508963,-0.0202774249894273,0.0053534540993824,1.0,1.0,0.0,84.08549538638908,0.0,-10.210506710165646,-69.66598214732687,1297.117361896153,0.0608784545608483,4.209006528896566,5.3290705182007506e-15,1.4605038692074652,0.0,0.0,0.0,10.210506710165646,69.66598214732687,79.87648885749252,79.87648885749252,strong,1,2600,72600
50.0,0.004801322503961,60000.0,1.2964751289367675,1.2929838322639466,-0.0034912966728208,0.1567520658757528,0.3959192668660529,3274.0,2740.0,2850.0,3080.0,0.0940745265729993,0.129505192425168,6.360334170327365,3.7934435350272935,2.566890635300071,2.5668906353000707,4.440892098500626e-16,16.37548201332592,0.3735992302674498,-0.0123244697724732,0.0088331730996523,1.0,1.0,0.0,98.94935960270232,0.0,-15.808276451585698,-80.57419251581655,1376.6899842250996,0.0670552462677148,2.5668906353000693,1.7763568394002505e-15,1.2540165270060228,0.0,0.0,0.0,15.808276451585698,80.57419251581655,96.38246896740225,96.38246896740225,strong,1,2600,72600
55.0,0.0047856048355997,60000.0,1.2507226395606994,1.2356597889900207,-0.0150628505706786,0.1784415824767891,0.4224234634543743,3268.0,2754.0,2882.0,3152.0,0.0964504283965728,0.1181150550795593,7.532616187009253,3.00918551165892,4.523430675350333,4.523430675350333,0.0,25.349644475041124,0.285452676655746,-0.0216473517134565,0.0065845011427779,1.0,1.0,0.0,96.00976413297758,0.0,-20.037304821824364,-71.44902863580288,1326.7498746630963,0.0674813661527678,4.52343067535034,7.105427357601002e-15,1.4275326598143132,0.0,0.0,0.0,20.037304821824364,71.44902863580288,91.48633345762724,91.48633345762724,strong,1,2600,72600
60.0,0.0047704352566433,60000.0,1.198703153896332,1.1907574121475215,-0.0079457417488102,0.1240713287468699,0.3522376026872628,2941.0,2468.0,2593.0,2853.0,0.0970078204692281,0.1183270996259775,5.8048454636185305,2.8032045720115253,3.001640891607005,3.001640891607005,0.0,24.192864878000503,0.3256491958583682,-0.0143191335371044,0.0063733917882942,1.0,1.0,0.0,84.71592288464308,0.0,-13.948033844069869,-67.76624814896621,1198.7849663307543,0.0660037897881238,3.0016408916069963,8.881784197001252e-15,0.9925706299749598,0.0,0.0,0.0,13.948033844069869,67.76624814896621,81.71428199303608,81.71428199303608,strong,1,2600,72600
65.0,0.0047557783984597,60000.0,1.1599719397068025,1.1557269634723664,-0.004244976234436,0.1380379902564574,0.3715346420678123,3597.0,3001.0,3145.0,3457.0,0.0961078676675007,0.1256602724492632,7.06065147381995,2.715639643193933,4.345011830626017,4.345011830626017,0.0,31.476927638206888,0.2777781073302787,-0.020663913405143,0.016418937170707,1.0,1.0,0.0,97.73689813708188,0.0,-15.451830255098685,-77.94005605135717,1314.9327491521626,0.0691859546388839,4.345011830626021,3.552713678800501e-15,1.1043039220516593,0.0,0.0,0.0,15.451830255098685,77.94005605135717,93.39188630645586,93.39188630645586,strong,1,2600,72600
70.0,0.0047416021613943,60000.0,1.124796327638626,1.117743482542038,-0.0070528450965881,0.1052712283948592,0.3244552794991309,3108.0,2646.0,2728.0,2898.0,0.0932432432432432,0.1222651222651223,4.861254278611153,2.5891269950164784,2.272127283594674,2.2721272835946738,4.440892098500626e-16,21.583554388405247,0.3475160397738703,-0.0107735236388555,0.0037206785422674,1.0,1.0,0.0,77.71713845460908,0.0,-10.768212453622256,-64.67679871739216,1249.3064446645644,0.058565001740161,2.27212728359467,3.552713678800501e-15,0.8421698271588736,0.0,0.0,0.0,10.768212453622256,64.67679871739216,75.44501117101441,75.44501117101441,strong,1,2600,72600
75.0,0.0047278773267132,60000.0,1.0936503522396088,1.0949118179798127,0.0012614657402039,0.1141219530673275,0.3378194089559206,3724.0,3143.0,3294.0,3616.0,0.0970998925886143,0.1154672395273899,5.585296178611444,3.6157244398487136,1.9695717387627296,1.9695717387627296,0.0,17.258482577850366,0.3929699312481081,-0.0093118935670315,0.0105733593072354,0.0,1.0,0.0,103.95038701157318,0.0,-28.069567454034768,-73.91124781877568,1390.6554988591597,0.0695503664171731,1.9695717387627385,8.437694987151191e-15,0.9129756245386206,0.0,0.0,0.0,28.069567454034768,73.91124781877568,101.98081527281045,101.98081527281045,strong,1,2600,72600
80.0,0.0047145772242381,60000.0,1.063614264726639,1.0512811155796051,-0.0123331491470335,0.2349412710385815,0.4847074076580442,3371.0,2888.0,2985.0,3187.0,0.0945416790269949,0.1145060812815188,7.638103860141808,3.359553734255744,4.278550125886063,4.278550125886063,0.0,18.211147436856464,0.3054790263671397,-0.0201715549762636,0.0078384058292301,1.0,1.0,9.313225746154783e-10,87.10972889559343,0.0,-14.998732994870808,-67.83244577483657,1370.4917023252983,0.0597623788161555,4.278550125886056,7.105427357601002e-15,1.879530168308652,0.0,0.0,0.0,14.998732994870808,67.83244577483657,82.83117876970738,82.83117876970738,strong,1,2600,72600
85.0,0.0047016774463746,60000.0,1.0267750630378725,1.0226403663635255,-0.0041346966743469,0.093947140082877,0.3065079771928898,2989.0,2571.0,2667.0,2865.0,0.0958514553362328,0.1077283372365339,4.064881444811759,2.8840225865499862,1.1808588582617725,1.1808588582617727,2.220446049250313e-16,12.569396548102029,0.4150327265326785,-0.005552017461241,0.0014173207868941,1.0,1.0,0.0,68.30080573767191,0.0,-6.060368352878868,-61.05957852653127,1217.8857777523808,0.0531033417813599,1.1808588582617716,8.881784197001252e-16,0.7515771206630165,0.0,0.0,0.0,6.060368352878868,61.05957852653127,67.11994687941014,67.11994687941014,strong,1,2600,72600
90.0,0.0046891556009951,60000.0,0.9951310517311096,0.9902626397132872,-0.0048684120178222,0.0809566172531811,0.2845287634900577,3054.0,2586.0,2664.0,2832.0,0.0927308447937131,0.1277013752455795,4.181901409491264,2.6488636557587952,1.5330377537324686,1.5330377537324686,0.0,18.93653422966148,0.3877843302259475,-0.0071886525694515,0.0023202405516293,1.0,1.0,9.313225746154783e-10,76.60895340362913,0.0,-10.919098370439317,-64.15681727945734,1241.1495128178285,0.058135808167712,1.5330377537324722,3.552713678800501e-15,0.6476529380254495,0.0,0.0,0.0,10.919098370439317,64.15681727945734,75.07591564989666,75.07591564989666,strong,1,2600,72600
95.0,0.0046769910970246,60000.0,0.9679209097385406,0.9674905552387238,-0.0004303544998167,0.1167821287306716,0.341734002889194,4376.0,3577.0,3768.0,4166.0,0.0952010968921389,0.1389396709323583,7.794917465973173,2.9216266039512524,4.87329086202192,4.87329086202192,0.0,41.72976563272732,0.2726276852768876,-0.0227923379748879,0.0223619834750711,1.0,1.0,0.0,135.65128849368193,0.0,-41.8771226248432,-88.90087500681682,1550.050466081725,0.0804717015483261,4.873290862021918,2.664535259100376e-15,0.9342570298453736,0.0,0.0,0.0,41.8771226248432,88.90087500681682,130.77799763166,130.77799763166,strong,1,2600,72600
100.0,0.004665164957684,60000.0,0.9432726953506472,0.9367490396499636,-0.0065236557006835,0.0709355667623828,0.2663373176300739,4553.0,3548.0,3735.0,4123.0,0.0905556775752251,0.1796617614759499,5.902851083413729,3.309464666680247,2.593386416733482,2.593386416733482,0.0,36.55974760053309,0.3592435123216968,-0.0120985754330788,0.0055749197323952,1.0,1.0,9.313225746154783e-10,107.83165117551108,0.0,-27.63418155180261,-77.60408320697498,1427.1771911305996,0.0702482280255212,2.5933864167334804,1.7763568394002505e-15,0.567484534099063,0.0,0.0,0.0,27.63418155180261,77.60408320697498,105.2382647587776,105.2382647587776,strong,1,2600,72600
105.0,0.0046536596572292,60000.0,0.92776614112854,0.9212506571769716,-0.0065154839515685,0.1304304820320898,0.3611516053295206,4433.0,3684.0,3857.0,4219.0,0.0951725693661177,0.1299345815474848,7.295903154109203,4.011664402940117,3.284238751169087,3.284238751169087,0.0,25.179993970742707,0.3547769564674571,-0.0152837293810245,0.008768245429456,1.0,1.0,0.0,123.15951599623077,0.0,-34.520065757512384,-85.3552114875493,1586.5057475308097,0.0720372102209953,3.2842387511690845,2.664535259100376e-15,1.0434438562567188,0.0,0.0,0.0,34.520065757512384,85.3552114875493,119.87527724506168,119.87527724506168,strong,1,2600,72600
110.0,0.0046424589777348,60000.0,0.9062179607868196,0.9005323387145997,-0.0056856220722198,0.1299657341413723,0.3605076062184713,4098.0,3277.0,3602.0,4312.0,0.1052220595412396,0.1210346510492923,8.401056317401856,3.18563201444218,5.2154243029596765,5.2154243029596765,0.0,40.12922588723666,0.2749389578113544,-0.0242123933779714,0.0185267713057515,1.0,1.0,0.0,97.34513829491334,0.0,-22.761410937499026,-69.36830305445466,1550.6972568967058,0.059067132361965,5.215424302959661,1.5099033134902132e-14,1.0397258731309789,0.0,0.0,0.0,22.761410937499026,69.36830305445466,92.12971399195368,92.12971399195368,strong,1,2600,72600
115.0,0.0046315478830482,60000.0,0.8827631358146667,0.8812045758247375,-0.0015585599899291,0.0587945772131058,0.2424759312037091,2636.0,2336.0,2408.0,2562.0,0.0971927162367223,0.08649468892261,2.5318025624304967,1.6015022445884028,0.930300317842094,0.930300317842094,0.0,15.822893231634987,0.38746289455083,-0.0043087304677006,0.0027501704777715,1.0,1.0,9.313225746154783e-10,53.42099261950352,0.0,-7.25388147715239,-45.23681082450904,1314.6839251074516,0.0390474384875833,0.9303003178420964,2.664535259100376e-15,0.4703566177048471,0.0,0.0,0.0,7.25388147715239,45.23681082450904,52.49069230166143,52.49069230166143,strong,1,2600,72600
120.0,0.0046209124075087,60000.0,0.8676949487686157,0.8624315755844116,-0.0052633731842041,0.1382836050322243,0.3718650360442943,3177.0,2736.0,2823.0,3005.0,0.0945860875039345,0.1114258734655335,6.207018000778282,2.8810861927204705,3.3259318080578115,3.325931808057812,4.440892098500626e-16,24.051526623729316,0.3170172933076051,-0.0153688395583824,0.0101054663741783,1.0,1.0,0.0,68.7799884044216,0.0,-6.110302885856072,-59.34375371050772,1243.0697507299649,0.0524297763323149,3.3259318080578097,1.7763568394002505e-15,1.1062688402577945,0.0,0.0,0.0,6.110302885856072,59.34375371050772,65.45405659636378,65.45405659636378,strong,1,2600,72600
125.0,0.0046105395574086,60000.0,0.852944000387192,0.8460101288318633,-0.0069338715553286,0.1172457598254734,0.342411681788857,3219.0,2713.0,2821.0,3045.0,0.0945945945945946,0.1236408822615718,4.9986866399678345,2.773875397558575,2.22481124240926,2.22481124240926,0.0,18.97562219496048,0.3568804448476748,-0.0102575802408953,0.0033237086855666,1.0,1.0,0.0,83.55761572427582,0.0,-14.931977744843609,-66.40082673702295,1521.240112169853,0.0520673816219337,2.22481124240926,0.0,0.9379660786037876,0.0,0.0,0.0,14.931977744843609,66.40082673702295,81.33280448186656,81.33280448186656,strong,1,2600,72600
130.0,0.0046004172234895,60000.0,0.8402143625736237,0.8377864247322082,-0.0024279378414154,0.166108967650257,0.4075646791004552,4034.0,3330.0,3526.0,3950.0,0.0979176995537927,0.1259295984134854,7.237990441720146,4.917561235506696,2.3204292062134497,2.3204292062134497,0.0,13.96931929105189,0.4045526987244551,-0.0106749424861526,0.0082470046447371,1.0,1.0,2.082500616396032e-09,104.57068032905228,0.0,-29.24003715529761,-73.01021396754119,1498.43957933326,0.065233943263146,2.3204292062134613,1.1546319456101628e-14,1.328871741202056,0.0,0.0,0.0,29.24003715529761,73.01021396754119,102.2502511228388,102.2502511228388,strong,1,2600,72600
135.0,0.0045905341030286,60000.0,0.8128974101543428,0.8106604275226593,-0.0022369826316834,0.0762369580716879,0.2761104092056073,4484.0,3793.0,3934.0,4220.0,0.0941123996431757,0.1226583407671721,4.9817889565793125,3.292023567565942,1.6897653890133704,1.6897653890133704,0.0,22.164648639632667,0.3978847185573657,-0.0077569256443833,0.0055199430126998,1.0,1.0,9.313225746154783e-10,116.24887716083322,0.0,-36.46731966167317,-78.09179211014668,1722.8808650558517,0.0632086331335817,1.6897653890133597,1.0658141036401504e-14,0.6098956645735034,0.0,0.0,0.0,36.46731966167317,78.09179211014668,114.55911177181986,114.55911177181986,strong,1,2600,72600
140.0,0.0045808796302822,60000.0,0.8079010258197785,0.7987848867416383,-0.0091161390781402,0.2438060708513188,0.4937672233465065,4447.0,3673.0,3955.0,4535.0,0.1019788621542613,0.1106363840791544,13.154814154961674,4.053932505671625,9.100881649290049,9.100881649290049,0.0,37.328363553506726,0.2355739546648911,-0.0416900433648421,0.0325739042867019,1.0,1.0,0.0,126.30931443563895,0.0,-27.44030060807017,-89.76813217827875,1557.6155589830432,0.0750088774324043,9.10088164929003,1.7763568394002505e-14,1.950448566810551,0.0,0.0,0.0,27.44030060807017,89.76813217827875,117.20843278634892,117.20843278634892,strong,1,2600,72600
145.0,0.0045714439142384,60000.0,0.781895175266266,0.7789481601238252,-0.0029470151424407,0.0805914362833472,0.283886308728243,3537.0,3010.0,3099.0,3281.0,0.0927622278767316,0.1238337574215436,3.738705502521325,2.380702652163876,1.3580028503574484,1.3580028503574484,0.0,16.85046095447308,0.3890413242563563,-0.0062080338657849,0.0032610187233442,1.0,1.0,1.31708899342442e-09,87.52122671663528,0.0,-22.794770371125423,-63.36845349515241,1478.5568938930828,0.0558856072151501,1.358002850357451,2.664535259100376e-15,0.6447314902667783,0.0,0.0,0.0,22.794770371125423,63.36845349515241,86.16322386627783,86.16322386627783,strong,1,2600,72600
150.0,0.0045622176827774,60000.0,0.77032331700325,0.7717238440513611,0.0014005270481111,0.0682898937318491,0.2613233509119481,4810.0,4003.0,4194.0,4594.0,0.0955093555093555,0.128066528066528,5.905073522738398,2.4784949111827856,3.4265786115556125,3.4265786115556125,0.0,50.17695041393098,0.2956372254509692,-0.0156327975330658,0.0170333245811769,0.0,1.0,0.0,134.31784068379784,0.0,-46.52307175788337,-84.36819031435886,1785.6888125215164,0.0699569662738219,3.4265786115556125,0.0,0.5463191498547935,0.0,0.0,0.0,46.52307175788337,84.36819031435886,130.89126207224223,130.89126207224223,strong,1,2600,72600
1.0,0.0049950273089797,60000.0,2.3051766083717347,2.305176620817185,1.2445450447984284e-08,0.6123968233551828,0.7825578722083005,10.0,10.0,10.0,10.0,0.1,0.0,0.0197829336393624,0.0197828970849514,3.655441105365753e-08,3.655441105365753e-08,0.0,5.969072611021108e-08,0.4999995380558125,-1.8259028147669037e-10,1.2628040729460976e-08,0.0,1.0,0.0,4.904072806239128,0.0,-0.4051477164030075,-4.4989250532817096,2797.2856045500453,0.0017500859580875,3.655441105365753e-08,0.0,4.899174586841462,4.899174550287051,0.0,0.0,0.4051477164030075,4.4989250532817096,4.904072769684717,0.0048982193976661,strong,1,2700,72700
5.0,0.0049756643332495,60000.0,2.298705878162384,2.294480518865585,-0.0042253592967989,0.5433153683949361,0.7370992934435198,741.0,676.0,691.0,739.0,0.0997300944669365,0.0674763832658569,2.4876984806651308,0.1927992216590155,2.2948992590061152,2.2948992590061152,0.0,4.223880627168184,0.071926650596211,-0.0114186483914375,0.0071932890946386,1.0,1.0,0.0,51.81297569477465,0.0,-8.678005065652542,-40.84007137011599,2555.160416486213,0.0198747619941866,2.2948992590061152,0.0,4.346522947159489,2.0516236881533736,0.0,0.0,8.678005065652542,40.84007137011599,49.518076435768535,47.466452747615165,strong,1,2700,72700
10.0,0.0049525712910726,60000.0,2.2270895541191105,2.1968073574543,-0.0302821966648103,0.4034573635455172,0.6351829370705082,2461.0,2254.0,2331.0,2501.0,0.1016253555465258,0.0528240552620885,9.8033769688461,2.8002308257967314,7.003146143049367,7.003146143049367,0.0,17.357834497075146,0.2221769251647906,-0.0346835805352521,0.0044013838704418,1.0,1.0,0.0,71.91572054522112,0.0,1.099642563945963,-66.0122169661177,1541.3644836319645,0.0445773278312182,7.003146143049378,1.0658141036401504e-14,3.2276589083641376,0.0,0.0,0.0,0.0,66.0122169661177,66.0122169661177,66.0122169661177,strong,1,2700,72700
15.0,0.004930605096731,60000.0,2.080658747005463,2.04844408197403,-0.0322146650314327,0.3776973561308738,0.6145708715281533,3310.0,2696.0,2994.0,3614.0,0.1091842900302114,0.0954682779456193,14.795906800131004,3.034419224656716,11.76148757547429,11.76148757547429,0.0,31.139978568975952,0.1701830477153511,-0.0579912505847722,0.0257765855533394,1.0,1.0,0.0,97.66895799693884,0.0,-2.942358841217356,-82.9651115802472,1388.4825439008637,0.0657193818209088,11.761487575474291,1.7763568394002505e-15,3.021578849046991,0.0,0.0,0.0,2.942358841217356,82.9651115802472,85.90747042146455,85.90747042146455,strong,1,2700,72700
20.0,0.0049096652228095,60000.0,1.8930653475761416,1.874264750957489,-0.0188005966186526,0.327365475269134,0.5721586102376981,3884.0,3113.0,3394.0,3998.0,0.1029351184346035,0.1261585993820803,12.534440263975192,3.129304061078709,9.405136202896482,9.405136202896482,0.0,28.729774253574917,0.1997800778753416,-0.046176070131148,0.0273754735124954,1.0,1.0,0.0,97.55762290937128,0.0,-12.93570478536276,-75.21678192111203,1465.0832831864957,0.0624312486181557,9.405136202896486,3.552713678800501e-15,2.6189238021530725,0.0,0.0,0.0,12.93570478536276,75.21678192111203,88.15248670647479,88.15248670647479,strong,1,2700,72700
25.0,0.0048896638427146,60000.0,1.7330283962249755,1.694913254928589,-0.0381151412963867,0.2953896326793006,0.5434975921559364,3916.0,3313.0,3552.0,4074.0,0.1040347293156282,0.0929519918283963,13.072824677968974,3.3355947420625007,9.737229935906472,9.737229935906472,0.0,32.964020597425694,0.2032855607036952,-0.0476117811458005,0.0094966398494137,1.0,1.0,1.31708899342442e-09,98.6898194256355,0.0,-14.473741908856027,-74.47884758087301,1402.6702518336606,0.065733611353376,9.73722993590647,3.552713678800501e-15,2.3631170614344046,0.0,0.0,0.0,14.473741908856027,74.47884758087301,88.95258948972904,88.95258948972904,strong,1,2700,72700
30.0,0.0048705237912742,60000.0,1.6050409742355347,1.5805235731124876,-0.0245174011230471,0.2558571395044048,0.5058232295025653,3161.0,2741.0,2843.0,3067.0,0.0970262575134451,0.1006010756089844,9.675698968826453,3.64490202060497,6.030796948221482,6.030796948221482,0.0,23.570954322021784,0.2736289468843664,-0.029373140016657,0.0048557388936098,1.0,1.0,0.0,80.517552512174,0.0,-12.353124884350107,-62.13363067960241,1368.0646439848397,0.0555836960490629,6.030796948221486,3.552713678800501e-15,2.046857116035239,0.0,0.0,0.0,12.353124884350107,62.13363067960241,74.48675556395253,74.48675556395253,strong,1,2700,72700
35.0,0.0048521769173698,60000.0,1.5079470130920412,1.5046361295700073,-0.0033108835220339,0.2094282912396741,0.4576333589672787,3774.0,3072.0,3460.0,4260.0,0.1128775834658187,0.0832008479067302,11.106258643865502,3.4088554825288977,7.697403161336604,7.697403161336604,0.0,36.754361675651225,0.2348486861932561,-0.0373491619431268,0.0340382784210929,1.0,1.0,9.313225746154783e-10,89.4756407609384,0.0,-14.445637262662784,-67.33260033693902,1351.0904966076057,0.0621114424669053,7.697403161336595,8.881784197001252e-15,1.6754263299173937,0.0,0.0,0.0,14.445637262662784,67.33260033693902,81.77823759960181,81.77823759960181,strong,1,2700,72700
40.0,0.0048345627417287,60000.0,1.4211700162887575,1.4121374937057496,-0.0090325225830079,0.1894317457519569,0.4352375739202176,3863.0,3346.0,3481.0,3767.0,0.097514884804556,0.0988868754853741,9.40607625365118,4.09305549866587,5.313020754985309,5.313020754985309,0.0,28.047150882208573,0.3032087969630581,-0.0256861321880835,0.0166536096050755,1.0,1.0,0.0,101.40793407335876,0.0,-14.248610058741178,-81.84630325963228,1337.901401009526,0.0704559691246072,5.313020754985317,7.993605777301127e-15,1.5154539660156554,0.0,0.0,0.0,14.248610058741178,81.84630325963228,96.09491331837346,96.09491331837346,strong,1,2700,72700
45.0,0.0048176273546297,60000.0,1.3484297926902773,1.34013560667038,-0.0082941860198972,0.1348454328085417,0.3672130618708186,3118.0,2613.0,2738.0,2994.0,0.096023091725465,0.1218729955099422,6.057855769288455,3.5653699577407743,2.492485811547681,2.492485811547681,0.0,18.484020998223947,0.3704963448718181,-0.0120078678267386,0.0037136818068413,1.0,1.0,0.0,94.41713826425256,0.0,-16.17722013104867,-75.74743232165622,1270.8464381042177,0.0691567107615931,2.492485811547681,0.0,1.0787634624683335,0.0,0.0,0.0,16.17722013104867,75.74743232165622,91.92465245270488,91.92465245270488,strong,1,2700,72700
50.0,0.004801322503961,60000.0,1.2964683745384218,1.2922716751098635,-0.0041966994285582,0.1493540319510276,0.3864634936847562,3374.0,2924.0,3070.0,3366.0,0.0997628927089508,0.0901007705986959,6.205319989324309,3.413647271296604,2.791672718027705,2.791672718027705,0.0,18.69164616153837,0.354887087023545,-0.0134037210447606,0.0092070216162023,1.0,1.0,0.0,86.45265901926905,0.0,-17.25624676651205,-66.4047395347293,1326.772770518487,0.061174004665021,2.791672718027698,7.105427357601002e-15,1.194832255608221,0.0,0.0,0.0,17.25624676651205,66.4047395347293,83.66098630124135,83.66098630124135,strong,1,2700,72700
55.0,0.0047856048355997,60000.0,1.243736428833008,1.239056763648987,-0.0046796651840206,0.1216105007015298,0.3487269715716435,3097.0,2540.0,2665.0,2929.0,0.0945753955440749,0.1394898288666451,5.723054393330884,2.877575063725377,2.8454793296055065,2.8454793296055065,0.0,23.398302886600234,0.3345772629891074,-0.0136173396393591,0.0089376744553384,1.0,1.0,0.0,90.24715359002585,0.0,-16.195964925345834,-71.20570933507452,1215.8900581000123,0.0690946960107301,2.845479329605496,1.0658141036401504e-14,0.9728840056122392,0.0,0.0,0.0,16.195964925345834,71.20570933507452,87.40167426042035,87.40167426042035,strong,1,2700,72700
60.0,0.0047704352566433,60000.0,1.1962868025779725,1.189243433094025,-0.0070433694839475,0.1203397610055535,0.346900217649908,3604.0,3078.0,3214.0,3496.0,0.0970033296337402,0.1082130965593785,5.858529752584952,2.5854871165017883,3.2730426360831637,3.2730426360831637,0.0,27.19834748493572,0.3061916095841979,-0.015613837987668,0.0085704685037204,1.0,1.0,0.0,95.41551119225916,0.0,-22.220044424713706,-69.92242413146228,1451.167406468694,0.0616944039033906,3.273042636083161,1.7763568394002505e-15,0.9627180880444284,0.0,0.0,0.0,22.220044424713706,69.92242413146228,92.14246855617598,92.14246855617598,strong,1,2700,72700
65.0,0.0047557783984597,60000.0,1.15198881316185,1.1480876685619354,-0.0039011445999144,0.1069946580501087,0.3271003791653393,3731.0,3176.0,3371.0,3785.0,0.1014473331546502,0.0964888769766818,5.965375451792667,2.644811778673441,3.320563673119226,3.320563673119226,0.0,31.034854764095865,0.3071723886926749,-0.0157918649873304,0.011890720387416,1.0,1.0,0.0,88.53002573625417,0.0,-13.343724910380388,-71.86573715275456,1366.9833074490157,0.0608239194501321,3.3205636731192243,1.7763568394002505e-15,0.8559572644008702,0.0,0.0,0.0,13.343724910380388,71.86573715275456,85.20946206313495,85.20946206313495,strong,1,2700,72700
70.0,0.0047416021613943,60000.0,1.1179631964683534,1.1151721693992616,-0.0027910270690918,0.1094758169647352,0.3308712996993472,2884.0,2353.0,2418.0,2550.0,0.0884188626907073,0.1615811373092927,6.048137593282558,2.6837465485098164,3.364391044772741,3.364391044772741,0.0,30.7318194835348,0.3073502241818487,-0.0159526038496701,0.0131615767805783,1.0,1.0,9.313225746154783e-10,81.29917482467135,0.0,-6.950423113761644,-70.98436066613698,1145.5032312893672,0.0662691680579522,3.3643910447727308,1.0658141036401504e-14,0.8758065357178823,0.0,0.0,0.0,6.950423113761644,70.98436066613698,77.93478377989862,77.93478377989862,strong,1,2700,72700
75.0,0.0047278773267132,60000.0,1.0797213232517242,1.0761703780651093,-0.0035509451866149,0.0762274420485079,0.2760931763888922,3003.0,2382.0,2493.0,2725.0,0.0907425907425907,0.1698301698301698,3.621883640511801,2.245725334329324,1.3761583061824765,1.3761583061824765,0.0,18.05331871567652,0.3827326162936975,-0.0065063076537682,0.0029553624671533,1.0,1.0,9.313225746154783e-10,76.13889397791354,0.0,-12.532512321045942,-62.23022335068512,1244.411972777957,0.0576569187107195,1.3761583061824751,1.3322676295501878e-15,0.6098195363880639,0.0,0.0,0.0,12.532512321045942,62.23022335068512,74.76273567173106,74.76273567173106,strong,1,2700,72700
80.0,0.0047145772242381,60000.0,1.0588281468391418,1.051607406282425,-0.0072207405567168,0.1123953661543833,0.3352541814122284,3477.0,2924.0,3037.0,3271.0,0.0940753523152142,0.1265458728789186,5.756464934965275,3.1941445618834123,2.562320373081863,2.562320373081863,0.0,22.797384454109316,0.3568633580772348,-0.0120802572721331,0.0048595167154162,1.0,1.0,9.313225746154783e-10,100.49057399402956,0.0,-21.695225630588084,-76.2330279903596,1335.8139135085685,0.0699646731374901,2.56232037308186,2.664535259100376e-15,0.8991629292350667,0.0,0.0,0.0,21.695225630588084,76.2330279903596,97.92825362094769,97.92825362094769,strong,1,2700,72700
85.0,0.0047016774463746,60000.0,1.0240995109081268,1.0193996235847471,-0.0046998873233794,0.074131557986004,0.2722711111851642,3122.0,2617.0,2698.0,2878.0,0.0921844971172325,0.1358103779628443,3.8226717171157114,2.176635585220069,1.6460361318956416,1.6460361318956416,0.0,22.20425654896409,0.3628144843276513,-0.0077391309572514,0.003039243633872,1.0,1.0,9.313225746154783e-10,79.94917368196184,0.0,-10.903454703919124,-67.39968284614707,1237.997338178243,0.0606619259298453,1.6460361318956416,0.0,0.5930524638880325,0.0,0.0,0.0,10.903454703919124,67.39968284614707,78.3031375500662,78.3031375500662,strong,1,2700,72700
90.0,0.0046891556009951,60000.0,1.00160524764061,0.9980284474849702,-0.0035768001556396,0.153297885304715,0.3915327384839166,2890.0,2478.0,2582.0,2802.0,0.096955017301038,0.1065743944636677,5.270760700424511,3.4431008980755493,1.8276598023489607,1.8276598023489607,0.0,11.922276675350505,0.3951291696746962,-0.0085701811988982,0.0049933810432586,1.0,1.0,0.0,69.15010159878875,0.0,-6.344922177057015,-60.977519619382775,1382.0139392924966,0.0476514712673818,1.8276598023489607,0.0,1.2263830824377204,0.0,0.0,0.0,6.344922177057015,60.977519619382775,67.32244179643979,67.32244179643979,strong,1,2700,72700
95.0,0.0046769910970246,60000.0,0.9692387135505676,0.9648367806911468,-0.0044019328594206,0.1057899112290146,0.3252536106317878,3792.0,3287.0,3396.0,3628.0,0.095675105485232,0.1044303797468354,4.528894140855765,2.894405209455228,1.6344889314005364,1.6344889314005364,0.0,15.450328981392037,0.3899081894540558,-0.0076444901803455,0.0032425573209248,1.0,1.0,0.0,99.7768267223728,0.0,-24.72160297455048,-73.42073481642177,1603.887051288043,0.0585660281997026,1.63448893140054,3.552713678800501e-15,0.8463192898321175,0.0,0.0,0.0,24.72160297455048,73.42073481642177,98.14233779097223,98.14233779097223,strong,1,2700,72700
100.0,0.004665164957684,60000.0,0.9454417749881744,0.9557576498508455,0.010315874862671,0.0691692783263027,0.2630005291369254,4450.0,3718.0,3842.0,4096.0,0.0920449438202247,0.136629213483146,5.420701133199062,2.778160081453529,2.642541051745533,2.642541051745533,0.0,38.20397025511053,0.3388470677474746,-0.0123278899138447,0.0226437647765158,0.0,1.0,9.313225746154783e-10,137.57324699297897,0.0,-48.9593202695396,-85.97138567169384,1548.550243453235,0.081591442010319,2.642541051745525,8.437694987151191e-15,0.5533542266104222,0.0,0.0,0.0,48.9593202695396,85.97138567169384,134.93070594123344,134.93070594123344,strong,1,2700,72700
105.0,0.0046536596572292,60000.0,0.925914940404892,0.9242510091781616,-0.0016639312267302,0.0762735924629673,0.2761767413504752,3532.0,3044.0,3170.0,3428.0,0.0970554926387316,0.1024915062287655,5.203146076646126,2.0184963406377863,3.18464973600834,3.18464973600834,0.0,41.752979414920894,0.2795065476804583,-0.0148202759988677,0.0131563447721375,1.0,1.0,0.0,93.1834752947907,0.0,-18.74660746561858,-71.25221809316378,1498.5601809518448,0.0585417601189121,3.184649736008339,8.881784197001252e-16,0.6101887397037385,0.0,0.0,0.0,18.74660746561858,71.25221809316378,89.99882555878236,89.99882555878236,strong,1,2700,72700
110.0,0.0046424589777348,60000.0,0.9013848213672636,0.8971407370567324,-0.0042440843105313,0.0653223059494597,0.2555822880198464,3938.0,3295.0,3424.0,3688.0,0.0936515997968512,0.1305231081767395,3.9105540414978304,2.119772535451084,1.790781506046747,1.790781506046747,0.0,27.414548216229303,0.3515186961107499,-0.0083136296799081,0.0040695453693768,1.0,1.0,9.313225746154783e-10,110.54486300068676,0.0,-33.60471201602195,-75.14936947861806,1533.6370549876003,0.0672339610302625,1.7907815060467414,5.3290705182007506e-15,0.522578447595678,0.0,0.0,0.0,33.60471201602195,75.14936947861806,108.75408149464,108.75408149464,strong,1,2700,72700
115.0,0.0046315478830482,60000.0,0.8858439623355867,0.8783948263645174,-0.0074491359710693,0.0714238827816361,0.2672524701132547,3600.0,3031.0,3156.0,3414.0,0.0948333333333333,0.1233333333333333,4.8960208163706405,1.9822025102304155,2.913818306140225,2.913818306140225,0.0,40.79613418733658,0.28818525018872,-0.0134954890073909,0.0060463530363216,1.0,1.0,0.0,95.27836653738632,0.0,-20.35250061471197,-72.01204761653413,1403.2423005686724,0.0635816166095245,2.9138183061402145,1.0658141036401504e-14,0.5713910622530888,0.0,0.0,0.0,20.35250061471197,72.01204761653413,92.3645482312461,92.3645482312461,strong,1,2700,72700
120.0,0.0046209124075087,60000.0,0.8663019919395446,0.8624073456764222,-0.0038946462631224,0.0665054530110963,0.2578865118828364,3670.0,3181.0,3292.0,3520.0,0.0959128065395095,0.1029972752043596,3.551601093864356,2.212081314040003,1.3395197798243532,1.3395197798243532,0.0,20.141502977219872,0.3837965310174512,-0.0061898035706937,0.0022951573075713,1.0,1.0,0.0,73.33476369065465,0.0,-14.066599533834278,-57.928644376996026,1489.8519646846148,0.0469136299326675,1.33951977982435,3.1086244689504387e-15,0.5320436240887707,0.0,0.0,0.0,14.066599533834278,57.928644376996026,71.99524391083031,71.99524391083031,strong,1,2700,72700
125.0,0.0046105395574086,60000.0,0.8530371406555176,0.8798686761856079,0.0268315355300903,0.0986169420713871,0.3140333454768572,5441.0,4503.0,4779.0,5343.0,0.0981988605035839,0.1216688108803528,7.265673890416235,2.9722243055093074,4.293449584906927,4.293449584906927,0.0,43.53663269947033,0.2903158684164477,-0.019795119148953,0.0466266546790434,0.0,1.0,0.0,169.1090405608702,0.0,-66.51390508102912,-98.30168589493417,1570.4721572678318,0.0972125019354931,4.293449584906909,1.7763568394002505e-14,0.7889355365710975,0.0,0.0,0.0,66.51390508102912,98.30168589493417,164.8155909759633,164.8155909759633,strong,1,2700,72700
130.0,0.0046004172234895,60000.0,0.8328874936580659,0.8378146753787996,0.0049271817207336,0.0534771150822107,0.2312511947692611,4660.0,3691.0,3888.0,4314.0,0.0925751072961373,0.1656652360515021,4.594449234202099,2.646899946677998,1.9475492875241005,1.947549287524101,4.440892098500626e-16,36.418368577476905,0.3655257992069787,-0.0089595392859207,0.0138867210066544,0.0,1.0,9.313225746154783e-10,115.91277842002457,0.0,-34.11951377616424,-79.84571535633621,1639.6426558087887,0.0660262707517083,1.9475492875240972,3.1086244689504387e-15,0.427816920657686,0.0,0.0,0.0,34.11951377616424,79.84571535633621,113.96522913250044,113.96522913250044,strong,1,2700,72700
135.0,0.0045905341030286,60000.0,0.8221940461158752,0.819904751586914,-0.0022892945289612,0.1202360795158527,0.3467507455159292,4831.0,3977.0,4191.0,4645.0,0.0961498654522873,0.132477747878286,8.305001870944846,3.53577404428432,4.769227826660526,4.769227826660526,0.0,39.66553006272729,0.2986099956284739,-0.0218933029833983,0.0196040084544371,1.0,1.0,0.0,130.87183067633305,0.0,-44.591707221448814,-81.5108956282237,1680.2981346738125,0.0722581718889271,4.76922782666054,1.4210854715202004e-14,0.9618886361268218,0.0,0.0,0.0,44.591707221448814,81.5108956282237,126.10260284967252,126.10260284967252,strong,1,2700,72700
140.0,0.0045808796302822,60000.0,0.8056210429668427,0.8052940067768096,-0.000327036190033,0.0718775177689266,0.2680998279912291,3994.0,3396.0,3576.0,3944.0,0.0987481221832749,0.1046569854782173,4.79127745681896,2.012577286832463,2.778700169986497,2.778700169986497,0.0,38.65882206616428,0.2957995669602395,-0.0127288910073529,0.0124018548173198,1.0,1.0,0.0,102.60713262374338,0.0,-27.88493643794891,-71.94349601580798,1628.4994743864445,0.0592725671591983,2.778700169986493,4.440892098500626e-15,0.5750201421514134,0.0,0.0,0.0,27.88493643794891,71.94349601580798,99.82843245375688,99.82843245375688,strong,1,2700,72700
145.0,0.0045714439142384,60000.0,0.7961409782409667,0.7887000291347505,-0.0074409491062162,0.0920603212688999,0.3034144381352014,4730.0,3666.0,3904.0,4392.0,0.0928541226215644,0.174630021141649,5.827636851814923,2.678514684667008,3.1491221671479157,3.1491221671479157,0.0,34.207160302532635,0.3148914844955628,-0.0143960353662016,0.0069550862599853,1.0,1.0,0.0,120.663120544923,0.0,-30.627508407953428,-86.88648996982165,1574.8954705766027,0.0711642294030727,3.1491221671479224,7.105427357601002e-15,0.7364825701511997,0.0,0.0,0.0,30.627508407953428,86.88648996982165,117.51399837777508,117.51399837777508,strong,1,2700,72700
150.0,0.0045622176827774,60000.0,0.7803982890129091,0.7778238182544708,-0.0025744707584383,0.0863256345031902,0.2938122436236963,3521.0,3120.0,3213.0,3399.0,0.0965350752627094,0.0874751491053678,3.715275685778651,2.422782593215757,1.2924930925628937,1.2924930925628937,0.0,14.972297626322431,0.3947148239870865,-0.005896634841758,0.0033221640833197,1.0,1.0,0.0,78.11817531648558,0.0,-12.299987565396805,-64.52569465852588,1607.0140262159566,0.0463572978104897,1.2924930925628928,8.881784197001252e-16,0.6906050760255222,0.0,0.0,0.0,12.299987565396805,64.52569465852588,76.82568222392268,76.82568222392268,strong,1,2700,72700
1.0,0.0049950273089797,60000.0,2.305176560688019,2.305184558916092,7.998228073180513e-06,0.6123968224967378,0.7825578716598139,9.0,9.0,9.0,9.0,0.1,0.0,0.0184157551266253,0.0197829962708055,-0.0013672411441802,-0.0013672411441802,0.0,-0.0022326065288942,0.5178964114553788,6.8294068531413e-06,1.1688212200392134e-06,0.0,0.0,0.0,4.162675701081753,0.0,-0.1181934997439384,-4.045849442481995,2609.572845380569,0.0015926154989694,-0.0013672411441802,0.0,4.899174579973902,4.9005418211180825,0.7364988788921494,0.0,0.1181934997439384,4.045849442481995,4.9005418211180825,0.0,strong,1,2800,72800
5.0,0.0049756643332495,60000.0,2.2998528488159184,2.294723236560821,-0.005129612255097,0.5925844362940297,0.7697950612299547,684.0,627.0,642.0,686.0,0.1002923976608187,0.0614035087719297,4.230190859180681,0.1526635724281959,4.077527286752485,4.077527286752485,0.0,6.880922003711365,0.034831997003413,-0.020288407088546,0.015158794833449,1.0,1.0,0.0,51.41674601007253,0.0,-5.264150061644614,-42.07506866167543,2431.642685451768,0.0207070138388923,4.077527286752485,0.0,4.7406754903522375,0.6631482035997527,0.0,0.0,5.264150061644614,42.07506866167543,47.339218723320045,46.67607051972029,strong,1,2800,72800
10.0,0.0049525712910726,60000.0,2.218658158445358,2.191177383422852,-0.0274807750225063,0.313092427049792,0.5595466263411764,3299.0,2604.0,3021.0,3883.0,0.1177023340406183,0.084267959987875,11.102452859191574,2.6183464348559724,8.484106424335602,8.484106424335602,0.0,27.09776951259939,0.1908304595630869,-0.0420181419075691,0.0145373668850628,1.0,1.0,0.0,89.93012379476568,0.0,-4.470073434000369,-76.9759439364297,1495.629831240126,0.0567182108183267,8.484106424335607,5.3290705182007506e-15,2.504739416398336,0.0,0.0,0.0,4.470073434000369,76.9759439364297,81.44601737043007,81.44601737043007,strong,1,2800,72800
15.0,0.004930605096731,60000.0,2.0962033377170566,2.062405084705353,-0.0337982530117035,0.4061317045160145,0.6372846338301391,3176.0,2627.0,2812.0,3218.0,0.1013224181360201,0.1146095717884131,11.700522694515945,2.9762718559899497,8.724250838525993,8.724250838525993,0.0,21.48133411284068,0.2027875940995141,-0.0430158356495962,0.0092175826378926,1.0,1.0,0.0,80.93058734026272,0.0,-4.893504466832383,-67.31283203490435,1439.1596385278945,0.0532406471425348,8.72425083852599,3.552713678800501e-15,3.249053636128116,0.0,0.0,0.0,4.893504466832383,67.31283203490435,72.20633650173673,72.20633650173673,strong,1,2800,72800
20.0,0.0049096652228095,60000.0,1.910307997083664,1.8804091662406923,-0.0298988308429715,0.3879435453756091,0.6228511422287103,2900.0,2493.0,2628.0,2932.0,0.101103448275862,0.0937931034482758,10.92332712620478,4.131883423589201,6.791443702615579,6.791443702615579,0.0,17.50626807320654,0.2744487305523431,-0.0333437149594007,0.0034448841164292,1.0,1.0,0.0,71.69674637334538,0.0,-7.671395002389545,-57.23390766834025,1412.5859272093248,0.048303970429223,6.791443702615581,1.7763568394002505e-15,3.103548363004873,0.0,0.0,0.0,7.671395002389545,57.23390766834025,64.9053026707298,64.9053026707298,strong,1,2800,72800
25.0,0.0048896638427146,60000.0,1.7615017426490782,1.734104551029206,-0.0273971916198723,0.3304789110825752,0.5748729521229671,3226.0,2860.0,3002.0,3318.0,0.1028518288902665,0.0694358338499689,10.598958009502924,3.410337792588159,7.188620216914764,7.188620216914764,0.0,21.75212994186663,0.2434339199318725,-0.0351499363536556,0.0077527447337833,1.0,1.0,9.313225746154783e-10,79.99517594551435,0.0,-10.762216812137922,-62.04433891646166,1320.5967577123693,0.0571152624994728,7.188620216914764,0.0,2.6438312886606017,0.0,0.0,0.0,10.762216812137922,62.04433891646166,72.80655572859959,72.80655572859959,strong,1,2800,72800
30.0,0.0048705237912742,60000.0,1.61948462266922,1.611669189453125,-0.0078154332160949,0.2321203810881625,0.4817887307608621,3442.0,2956.0,3080.0,3348.0,0.0972690296339337,0.1051714119697849,10.112831511485927,2.7047695967256797,7.40806191476025,7.408061914760251,8.881784197001252e-16,31.91474130807396,0.2110199540374888,-0.0360811418030726,0.0282657085869777,1.0,1.0,0.0,93.02606504752475,0.0,-15.560197266055184,-70.05780586670932,1225.3378317849592,0.0705617510241521,7.408061914760253,3.552713678800501e-15,1.8569630487053,0.0,0.0,0.0,15.560197266055184,70.05780586670932,85.6180031327645,85.6180031327645,strong,1,2800,72800
35.0,0.0048521769173698,60000.0,1.5138870941162113,1.4978311848640442,-0.016055909252167,0.1690955910016789,0.411212342958816,2865.0,2565.0,2659.0,2873.0,0.1002792321116928,0.0719022687609075,7.209854548914709,2.3572386734593778,4.852615875455332,4.852615875455332,0.0,28.69747133387499,0.2463902690889036,-0.0235457507397466,0.0074898414875796,1.0,1.0,9.313225746154783e-10,72.40520770952571,0.0,-4.646894400255405,-62.90569743381498,1137.4963531125377,0.0598438832166893,4.852615875455328,3.552713678800501e-15,1.3527647280134316,0.0,0.0,0.0,4.646894400255405,62.90569743381498,67.55259183407038,67.55259183407038,strong,1,2800,72800
40.0,0.0048345627417287,60000.0,1.4278690999984742,1.4108813643455504,-0.0169877356529237,0.1558770920223506,0.3948127303195157,3330.0,2777.0,2890.0,3126.0,0.0938738738738738,0.1321321321321321,7.328727377194564,2.60819914144399,4.720528235750575,4.720528235750575,0.0,30.28365601709913,0.2624754381097442,-0.0228216899298382,0.0058339542769144,1.0,1.0,0.0,95.11625496059423,0.0,-15.5251821720085,-74.87054455283516,1320.791582530237,0.0671768687495595,4.720528235750578,3.552713678800501e-15,1.2470167361788054,0.0,0.0,0.0,15.5251821720085,74.87054455283516,90.39572672484366,90.39572672484366,strong,1,2800,72800
45.0,0.0048176273546297,60000.0,1.361652646350861,1.347029602622986,-0.0146230437278749,0.1815446748460298,0.4260805966551748,2960.0,2467.0,2598.0,2864.0,0.0967567567567567,0.1222972972972973,9.052902773260298,2.733495086591858,6.319407686668439,6.319407686668439,0.0,34.80910520800461,0.2319194650558101,-0.0304445513363514,0.0158215076084764,1.0,1.0,0.0,77.09213103662478,0.0,-8.157360963787141,-62.6153623861692,1152.5372656053014,0.0626954196501487,6.319407686668441,1.7763568394002505e-15,1.4523573987682383,0.0,0.0,0.0,8.157360963787141,62.6153623861692,70.77272334995634,70.77272334995634,strong,1,2800,72800
50.0,0.004801322503961,60000.0,1.3030218098640445,1.2931565838813783,-0.0098652259826659,0.1497130042221449,0.3869276472703197,3254.0,2759.0,2944.0,3330.0,0.1023355869698832,0.0952673632452366,7.221083826895375,3.3825764761120283,3.838507350783347,3.838507350783347,0.0,25.63910443669776,0.3190008336227693,-0.0184299117249361,0.0085646857422702,1.0,1.0,0.0,84.37169237702619,0.0,-10.67767910571638,-69.85550592052647,1318.5048852527757,0.060141921051654,3.838507350783346,1.7763568394002505e-15,1.1977040337771596,0.0,0.0,0.0,10.67767910571638,69.85550592052647,80.53318502624285,80.53318502624285,strong,1,2800,72800
55.0,0.0047856048355997,60000.0,1.2450929940223694,1.2370576327323912,-0.0080353612899781,0.1221504432143494,0.349500276415269,2511.0,2216.0,2279.0,2411.0,0.0960175228992433,0.0923934687375547,5.1085109215343145,2.854618030661854,2.2538928908724607,2.2538928908724607,0.0,18.45177824625108,0.3584794429172935,-0.010786240717483,0.0027508794275048,1.0,1.0,0.0,62.72845844636322,0.0,-3.5054454896646803,-56.96912006582608,1172.378244048548,0.0507878860341798,2.253892890872464,3.552713678800501e-15,0.9772035457147956,0.0,0.0,0.0,3.5054454896646803,56.96912006582608,60.47456555549076,60.47456555549076,strong,1,2800,72800
60.0,0.0047704352566433,60000.0,1.1988023337364198,1.1970523180007937,-0.0017500157356262,0.1199433889077871,0.3463284408011955,3097.0,2509.0,2667.0,2995.0,0.0967064901517597,0.1388440426218922,4.678357461926831,2.849022701326973,1.829334760599858,1.829334760599858,0.0,15.2516514437178,0.378487951921834,-0.0087267230381688,0.0069767073025425,1.0,1.0,0.0,77.98349954624427,0.0,-14.497730557315435,-61.65643422832898,1416.3332057159505,0.0521867280688407,1.829334760599856,1.7763568394002505e-15,0.9595471112622974,0.0,0.0,0.0,14.497730557315435,61.65643422832898,76.15416478564441,76.15416478564441,strong,1,2800,72800
65.0,0.0047557783984597,60000.0,1.1772969692230226,1.1595561415672304,-0.0177408276557922,0.2682082379576698,0.5178882485224683,4388.0,3626.0,3794.0,4146.0,0.0944849589790337,0.1353691886964448,11.74219227218418,5.012406619876728,6.729785652307452,6.729785652307451,8.881784197001252e-16,25.09164410292865,0.29916601717346,-0.0320053692315078,0.0142645415757156,1.0,1.0,0.0,123.99649650469657,0.0,-33.5904305177919,-83.6762803345972,1406.64423559871,0.0810095366626632,6.729785652307456,3.552713678800501e-15,2.145665903661359,0.0,0.0,0.0,33.5904305177919,83.6762803345972,117.2667108523891,117.2667108523891,strong,1,2800,72800
70.0,0.0047416021613943,60000.0,1.121433113670349,1.1229037175655363,0.0014706038951874,0.0986848102635381,0.3141413857859835,4130.0,3473.0,3576.0,3782.0,0.0915738498789346,0.134140435835351,5.257568095287684,3.4408867256903903,1.816681369597294,1.816681369597294,0.0,18.408926001335363,0.3955744780546539,-0.0086139803086473,0.0100845842038348,0.0,1.0,9.313225746154783e-10,106.66572653208276,0.0,-23.480635100436302,-81.36841006204918,1513.618295378592,0.0658314993480588,1.8166813695972903,3.552713678800501e-15,0.7894784821083051,0.0,0.0,0.0,23.480635100436302,81.36841006204918,104.84904516248548,104.84904516248548,strong,1,2800,72800
75.0,0.0047278773267132,60000.0,1.0849464021205903,1.0792530598640442,-0.0056933422565461,0.1154430660882434,0.339769136456276,4359.0,3449.0,3635.0,4025.0,0.0923376921312227,0.1660931406285845,7.011446488804745,3.933872487156386,3.0775740016483595,3.0775740016483595,0.0,26.65880339054659,0.3594114064465576,-0.0145503923436755,0.0088570500871293,1.0,1.0,1.6130979885176087e-09,124.70176619448466,0.0,-24.36812253826065,-97.25606965457564,1367.059673788217,0.0835936382669407,3.0775740016483724,1.2878587085651816e-14,0.9235445287059478,0.0,0.0,0.0,24.36812253826065,97.25606965457564,121.62419219283628,121.62419219283628,strong,1,2800,72800
80.0,0.0047145772242381,60000.0,1.0535139751434326,1.0498595178604126,-0.0036544572830199,0.0889649800041199,0.2982699783822031,3449.0,2720.0,2901.0,3267.0,0.094723108147289,0.1588866338069006,4.5878864405544775,2.577272230955927,2.0106142095985504,2.0106142095985504,0.0,22.600063637460945,0.3596950673546831,-0.0094791959593028,0.0058247386762829,1.0,1.0,9.313225746154783e-10,80.64701957104262,0.0,-10.127143267074189,-68.50926209436989,1333.1806159714142,0.0570416205933759,2.0106142095985438,7.105427357601002e-15,0.7117198400329593,0.0,0.0,0.0,10.127143267074189,68.50926209436989,78.63640536144408,78.63640536144408,strong,1,2800,72800
85.0,0.0047016774463746,60000.0,1.0251493024349214,1.023159805583954,-0.0019894968509674,0.1281555684669522,0.3579882239221735,3765.0,3025.0,3123.0,3329.0,0.0884196547144754,0.1705179282868526,6.188696872438852,3.995350012957004,2.1933468594818484,2.1933468594818484,0.0,17.1147214726565,0.3923145737561777,-0.0103124094613024,0.0083229126103349,1.0,1.0,0.0,119.72937407597784,0.0,-33.49540082769636,-84.04062638879962,1453.9881850801155,0.0760805986940774,2.1933468594818493,8.881784197001252e-16,1.0252445477356182,0.0,0.0,0.0,33.49540082769636,84.04062638879962,117.53602721649598,117.53602721649598,strong,1,2800,72800
90.0,0.0046891556009951,60000.0,1.0018816162109376,0.9923929196357726,-0.009488696575165,0.1538971060959359,0.3922972165284071,3072.0,2679.0,2764.0,2942.0,0.0957682291666666,0.1002604166666666,7.396521177127947,2.6389255635841167,4.75759561354383,4.75759561354383,0.0,30.91413304794733,0.2629604472791882,-0.0223091061185188,0.0128204095433538,1.0,1.0,0.0,85.89590486284578,0.0,-12.206698618248993,-68.93161063105296,1388.348426074681,0.0582643616531469,4.757595613543828,2.664535259100376e-15,1.2311768487674877,0.0,0.0,0.0,12.206698618248993,68.93161063105296,81.13830924930195,81.13830924930195,strong,1,2800,72800
95.0,0.0046769910970246,60000.0,0.9670193199634554,0.9620535805225372,-0.004965739440918,0.084752176193112,0.2911222701771748,3439.0,2945.0,3049.0,3269.0,0.0950567025298051,0.1134050596103518,4.68307290853398,1.995770809135548,2.687302099398432,2.687302099398432,0.0,31.707765158445987,0.2988198097607139,-0.012568487993902,0.0076027485529839,1.0,1.0,0.0,86.16221319913166,0.0,-13.965081589725742,-69.50982951000748,1408.0759467606504,0.0576629720134109,2.687302099398437,4.884981308350689e-15,0.678017409544896,0.0,0.0,0.0,13.965081589725742,69.50982951000748,83.47491109973322,83.47491109973322,strong,1,2800,72800
100.0,0.004665164957684,60000.0,0.945162175655365,0.9429108866691592,-0.0022512889862058,0.1118111427008336,0.3343817320082448,4007.0,3349.0,3489.0,3779.0,0.094309957574245,0.1292737709009234,5.506060426816406,3.805331580343299,1.7007288464731063,1.7007288464731063,0.0,15.2107277091662,0.4086748337324116,-0.0079341806170887,0.0056828916308828,1.0,1.0,0.0,108.90528912146692,0.0,-30.78645965681517,-76.41810061817864,1476.709286817536,0.0686833299681122,1.7007288464731118,5.3290705182007506e-15,0.8944891416066693,0.0,0.0,0.0,30.78645965681517,76.41810061817864,107.2045602749938,107.2045602749938,strong,1,2800,72800
105.0,0.0046536596572292,60000.0,0.9557547196865084,0.9200994867801668,-0.0356552329063415,0.6698920112363905,0.8184693098927965,3035.0,2554.0,2709.0,3029.0,0.0998023064250411,0.1074135090609554,17.59809735834391,4.153567765997622,13.444529592346289,13.444529592346289,0.0,20.06969685685952,0.1909540139687746,-0.0625662649743266,0.0269110320679851,1.0,1.0,0.0,82.87938578112517,0.0,0.5078393006406259,-69.94269548941949,1373.9208420562318,0.0568913871630573,13.4445295923463,1.0658141036401504e-14,5.359136089891124,0.0,0.0,0.0,0.0,69.94269548941949,69.94269548941949,69.94269548941949,strong,1,2800,72800
110.0,0.0046424589777348,60000.0,0.9005239516258239,0.8993882022857667,-0.0011357493400572,0.0612782943209734,0.247544529975868,3242.0,2674.0,2750.0,2906.0,0.0896360271437384,0.1517581739666872,3.339587597431514,1.979100292817085,1.3604873046144288,1.3604873046144288,0.0,22.201781555606736,0.3721031076942138,-0.0063160065014014,0.0051802571613442,1.0,1.0,9.313225746154783e-10,72.72469278788776,0.0,-9.858616291022829,-61.50558919225051,1334.805556249603,0.0516682983101919,1.3604873046144237,5.3290705182007506e-15,0.4902263545677874,0.0,0.0,0.0,9.858616291022829,61.50558919225051,71.36420548327334,71.36420548327334,strong,1,2800,72800
115.0,0.0046315478830482,60000.0,0.8814759823322297,0.8844690217018126,0.0029930393695829,0.087573575789475,0.2959283288052616,3356.0,2900.0,3044.0,3342.0,0.0995828367103695,0.0929678188319428,5.411808935425807,2.2561907870423825,3.155618148383424,3.155618148383424,0.0,36.03390771628946,0.2942345942490665,-0.0146153965548538,0.0176084359244368,0.0,1.0,0.0,78.82346783706453,0.0,-13.61403663749843,-62.053813051182665,1367.052061074546,0.0545160812676588,3.155618148383432,7.993605777301127e-15,0.7005886063158002,0.0,0.0,0.0,13.61403663749843,62.053813051182665,75.66784968868109,75.66784968868109,strong,1,2800,72800
120.0,0.0046209124075087,60000.0,0.8619356710910798,0.854430897808075,-0.0075047732830048,0.0937839136562913,0.3062415936091818,3794.0,3197.0,3350.0,3676.0,0.0968898260411175,0.1170268845545597,5.351092798751012,2.547081478673469,2.8040113200775427,2.8040113200775427,0.0,29.8986383779415,0.3224899057942854,-0.0129570906997414,0.0054523174167365,1.0,1.0,0.0,95.68137609923724,0.0,-26.667870639794277,-66.20949413936543,1580.8229863355427,0.0570719517605546,2.804011320077535,7.549516567451064e-15,0.7502713092503304,0.0,0.0,0.0,26.667870639794277,66.20949413936543,92.8773647791597,92.8773647791597,strong,1,2800,72800
125.0,0.0046105395574086,60000.0,0.8501443480014801,0.8510596956253051,0.000915347623825,0.1938665540673442,0.4403027981597939,4994.0,3958.0,4144.0,4524.0,0.0905887064477372,0.1702042450941129,9.074205627968649,6.0363611382961935,3.0378444896724552,3.0378444896724552,0.0,15.669770911681786,0.3994794657055946,-0.0140061021888907,0.0149214498127157,0.0,1.0,0.0,133.3222657002625,0.0,-37.997479358359215,-92.28694185223084,1636.6432230211694,0.0753247826298412,3.037844489672452,3.552713678800501e-15,1.550932432538754,0.0,0.0,0.0,37.997479358359215,92.28694185223084,130.28442121059004,130.28442121059004,strong,1,2800,72800
130.0,0.0046004172234895,60000.0,0.8277654897212983,0.8358300756454469,0.0080645859241486,0.1126222186772761,0.3355923400157937,4317.0,3681.0,3869.0,4255.0,0.0985638174658327,0.1037757702107945,8.04225487293737,2.66249953311926,5.379755339818111,5.37975533981811,8.881784197001252e-16,47.768152705586765,0.2487212160246149,-0.0247491191234593,0.0328137050476079,0.0,1.0,0.0,138.0354993432411,0.0,-55.662232929926176,-76.99351107349682,1637.3396807882546,0.0777500445472135,5.379755339818104,7.105427357601002e-15,0.9009777494182089,0.0,0.0,0.0,55.662232929926176,76.99351107349682,132.655744003423,132.655744003423,strong,1,2800,72800
135.0,0.0045905341030286,60000.0,0.8082985443115235,0.8076256486415861,-0.0006728956699373,0.0468213682150072,0.2163824581961468,4450.0,3633.0,3748.0,3982.0,0.0894831460674157,0.1577528089887641,3.2353937025701605,2.14098311532309,1.0944105872470704,1.0944105872470704,0.0,23.37416929427297,0.3982204350330565,-0.0050239291234732,0.0043510334535359,1.0,1.0,0.0,126.42897981655553,0.0,-39.08656834972862,-86.24800087957982,1581.9548311022936,0.0740050210078706,1.0944105872470686,1.7763568394002505e-15,0.3745709457200578,0.0,0.0,0.0,39.08656834972862,86.24800087957982,125.33456922930844,125.33456922930844,strong,1,2800,72800
140.0,0.0045808796302822,60000.0,0.7973996793270111,0.7922245007038118,-0.0051751786231992,0.0867110615501485,0.294467420184557,4790.0,3966.0,4126.0,4450.0,0.092901878914405,0.1386221294363256,6.593716856604543,3.4043931252620467,3.189323731342496,3.189323731342496,0.0,36.78104816532527,0.3405036683369696,-0.0146099081152825,0.0094347294920832,1.0,1.0,0.0,129.55358233797597,0.0,-33.17392993705835,-93.19032866957514,1684.3030649271805,0.0714243777386214,3.189323731342484,1.2434497875801752e-14,0.693688492401188,0.0,0.0,0.0,33.17392993705835,93.19032866957514,126.36425860663348,126.36425860663348,strong,1,2800,72800
145.0,0.0045714439142384,60000.0,0.7865039588928222,0.7788804378986359,-0.0076235209941862,0.1285597398509329,0.3585522832878532,3843.0,3200.0,3315.0,3555.0,0.0925058548009367,0.1373926619828259,5.553880537332089,3.016847898856968,2.5370326384751216,2.5370326384751216,0.0,19.734270164336444,0.3519943399581562,-0.0115979024153813,0.003974381421195,1.0,1.0,9.313225746154783e-10,102.28134424425662,0.0,-20.719429650265734,-79.02488195551575,1410.136602287887,0.0676276980703513,2.537032638475125,3.552713678800501e-15,1.0284779188074638,0.0,0.0,0.0,20.719429650265734,79.02488195551575,99.74431160578148,99.74431160578148,strong,1,2800,72800
150.0,0.0045622176827774,60000.0,0.7686598237514497,0.771300755405426,0.0026409316539762,0.0486245580102614,0.2205097685143708,4951.0,4042.0,4233.0,4621.0,0.093334679862654,0.1450212078368006,4.073361958122593,3.3796170697587984,0.6937448883637947,0.6937448883637949,2.220446049250313e-16,14.26737674854322,0.4534585508849204,-0.0031650151970297,0.005805946851006,0.0,1.0,0.0,121.08861622356926,0.0,-39.15975577824054,-81.23511555696494,1672.19401085973,0.0675234424260915,0.6937448883637813,1.3322676295501878e-14,0.3889964640820913,0.0,0.0,0.0,39.15975577824054,81.23511555696494,120.39487133520548,120.39487133520548,strong,1,2800,72800
1.0,0.0049950273089797,60000.0,2.305176632213593,2.3051766685009003,3.6287307381144274e-08,0.612396815905966,0.7825578674487695,10.0,10.0,10.0,10.0,0.1,0.0,0.0197827704250812,0.0197830181568861,-2.477318048477173e-07,-2.477318048477173e-07,0.0,-4.0452823792238123e-07,0.5000031306314587,1.2374271305171882e-09,3.5049880250627084e-08,0.0,0.0,0.0,4.405788164585829,0.0,0.0928252525627613,-4.498613664880395,2576.7990135155696,0.0017068727602389,-2.477318048477173e-07,0.0,4.899174527247728,4.8991747749795325,0.4933863626618988,0.0,0.0,4.498613664880395,4.992000027542294,0.0928252525627613,strong,1,2900,72900
5.0,0.0049756643332495,60000.0,2.297641551685333,2.2894199901103978,-0.0082215615749356,0.5406480101872895,0.7352877057229296,584.0,530.0,544.0,578.0,0.098972602739726,0.0684931506849315,2.800000749452238,0.3330711336836671,2.4669296157685707,2.4669296157685707,0.0,4.5629125961528745,0.1063081685027586,-0.0122746137018166,0.0040530521268809,1.0,1.0,0.0,37.527441194979474,0.0,-4.006307227420621,-31.054204351790283,2502.0220593515514,0.0147772040619421,2.4669296157685707,0.0,4.325184081498316,1.858254465729745,0.0,0.0,4.006307227420621,31.054204351790283,35.0605115792109,33.20225711348116,strong,1,2900,72900
10.0,0.0049525712910726,60000.0,2.2077889966011046,2.180882617139817,-0.026906379461288,0.3511785220323728,0.5926031741666364,2506.0,2024.0,2116.0,2318.0,0.0924980047885075,0.1556264964086193,10.206912861057871,3.78957721001072,6.4173356510471535,6.4173356510471535,0.0,18.273713363528486,0.2707519664407832,-0.0317823123105528,0.0048759328492648,1.0,1.0,0.0,78.54805009876145,0.0,-8.14592419588007,-63.98479025183423,1624.977618345647,0.0461091086290988,6.4173356510471535,0.0,2.8094281762589826,0.0,0.0,0.0,8.14592419588007,63.98479025183423,72.1307144477143,72.1307144477143,strong,1,2900,72900
15.0,0.004930605096731,60000.0,2.073646306705476,2.022814060497284,-0.0508322462081913,0.3950985841036825,0.6285686789076295,3116.0,2755.0,2856.0,3078.0,0.098780487804878,0.0834403080872914,15.235837314983517,2.647334639306621,12.588502675676896,12.588502675676896,0.0,31.861674989889096,0.1480349596857469,-0.0620689354529047,0.0112366892447133,1.0,1.0,0.0,86.88750428293133,0.0,2.0010728030028986,-76.30007441025734,1329.286095500247,0.061353709952109,12.588502675676892,3.552713678800501e-15,3.1607886728294603,0.0,0.0,0.0,0.0,76.30007441025734,76.30007441025734,76.30007441025734,strong,1,2900,72900
20.0,0.0049096652228095,60000.0,1.8813010144233704,1.8576455250740052,-0.023655489349365,0.3804729038787566,0.6168248567290042,3276.0,2614.0,2748.0,3056.0,0.0932844932844932,0.1611721611721611,11.940766204211204,3.757849947075785,8.18291625713542,8.182916257135421,1.7763568394002505e-15,21.50722475559791,0.2393745990641164,-0.0401753793688207,0.0165198900194557,1.0,1.0,0.0,82.58484425838105,0.0,-9.390006354398793,-65.01192164684684,1395.701430939098,0.055865258065356,8.182916257135417,1.7763568394002505e-15,3.043783231030053,0.0,0.0,0.0,9.390006354398793,65.01192164684684,74.40192800124564,74.40192800124564,strong,1,2900,72900
25.0,0.0048896638427146,60000.0,1.7253134917259216,1.7031407061576844,-0.0221727855682372,0.3060881773176813,0.5532523631379096,3316.0,2896.0,3024.0,3300.0,0.0995174909529553,0.0880579010856453,11.12662079425168,4.350247390157509,6.776373404094169,6.776373404094169,0.0,22.1386316305224,0.2810805996616152,-0.0331341880187324,0.0109614024504951,1.0,1.0,9.313225746154783e-10,81.22300567396451,0.0,-7.189428277939442,-67.25720399193091,1284.502516174423,0.0594724228072097,6.776373404094159,1.0658141036401504e-14,2.4487054185414507,0.0,0.0,0.0,7.189428277939442,67.25720399193091,74.44663226987035,74.44663226987035,strong,1,2900,72900
30.0,0.0048705237912742,60000.0,1.5924037567138671,1.5774172641754152,-0.0149864925384519,0.2126882985850255,0.4611814161314673,3275.0,2818.0,2941.0,3205.0,0.0978625954198473,0.1019847328244274,8.407973165900088,3.7099226856885616,4.698050480211527,4.698050480211527,0.0,22.0888996313702,0.3061523824866173,-0.0228819666364777,0.0078954740980258,1.0,1.0,0.0,88.79215895984089,0.0,-14.90331669387524,-69.19079178575413,1332.8859495801637,0.0624558811354464,4.698050480211521,6.217248937900877e-15,1.7015063886802049,0.0,0.0,0.0,14.90331669387524,69.19079178575413,84.09410847962937,84.09410847962937,strong,1,2900,72900
35.0,0.0048521769173698,60000.0,1.5013601220130923,1.4907430110931397,-0.0106171109199526,0.2048971116975878,0.4526556215243414,3000.0,2498.0,2626.0,2898.0,0.0966,0.1246666666666667,7.689703064773838,4.291342164189928,3.39836090058391,3.39836090058391,0.0,16.585694509933482,0.3581776115672909,-0.0164894483187053,0.0058723373987526,1.0,1.0,0.0,88.34067129530013,0.0,-15.889932634450815,-69.0523777602654,1291.365147812185,0.064028628474182,3.39836090058391,0.0,1.6391768935807025,0.0,0.0,0.0,15.889932634450815,69.0523777602654,84.94231039471622,84.94231039471622,strong,1,2900,72900
40.0,0.0048345627417287,60000.0,1.423570110702515,1.4044396496772769,-0.019130461025238,0.173253542358931,0.4162373630020868,3343.0,2657.0,2793.0,3081.0,0.0921627280885432,0.1645228836374513,7.254011419631638,2.495554467460792,4.758456952170846,4.758456952170846,0.0,27.465279424490525,0.2559657010744127,-0.0230050586890852,0.0038745976638472,1.0,1.0,0.0,88.98210898863908,0.0,-16.394290608787742,-67.8293614276805,1348.2168925470796,0.0619135616526015,4.758456952170846,0.0,1.3860283388714485,0.0,0.0,0.0,16.394290608787742,67.8293614276805,84.22365203646824,84.22365203646824,strong,1,2900,72900
45.0,0.0048176273546297,60000.0,1.353185716247559,1.343851787376404,-0.0093339288711549,0.1801016698669154,0.424383870884504,3314.0,2734.0,2900.0,3248.0,0.0980084490042245,0.1249245624622812,7.311072421488234,3.3543878606336364,3.9566845608545975,3.9566845608545975,0.0,21.969171989234503,0.314509432495518,-0.0190618317740143,0.0097279029028594,1.0,1.0,0.0,81.9988162847585,0.0,-11.451675722695654,-66.59045600120825,1255.29912048891,0.0613167896471797,3.9566845608545975,0.0,1.4408133589353231,0.0,0.0,0.0,11.451675722695654,66.59045600120825,78.0421317239039,78.0421317239039,strong,1,2900,72900
50.0,0.004801322503961,60000.0,1.2941562718391415,1.28216835641861,-0.0119879154205317,0.1595070619163259,0.3993833520770813,3645.0,2967.0,3063.0,3263.0,0.089519890260631,0.1596707818930041,7.946024242974925,3.678467654832773,4.267556588142153,4.267556588142153,0.0,26.754656106579308,0.3164411560669165,-0.0204899154835743,0.0085020000630425,1.0,1.0,0.0,102.06593515598796,0.0,-20.93626631712505,-76.86211225072077,1397.199633708301,0.0680772888243569,4.267556588142156,3.552713678800501e-15,1.2760564953306073,0.0,0.0,0.0,20.93626631712505,76.86211225072077,97.79837856784582,97.79837856784582,strong,1,2900,72900
55.0,0.0047856048355997,60000.0,1.2425328156471251,1.2326371936798095,-0.0098956219673156,0.1173883260443757,0.3426197980916686,2916.0,2424.0,2586.0,2922.0,0.1002057613168724,0.1131687242798353,6.367965649186258,2.6330867707605865,3.734878878425672,3.734878878425673,8.881784197001252e-16,31.816442096753235,0.292530989479132,-0.017873654420973,0.0079780324536574,1.0,1.0,0.0,88.28085465618642,0.0,-11.583946742790433,-72.96202903497031,1213.3712769747854,0.0678221565585041,3.734878878425676,3.552713678800501e-15,0.9391066083550064,0.0,0.0,0.0,11.583946742790433,72.96202903497031,84.54597577776075,84.54597577776075,strong,1,2900,72900
60.0,0.0047704352566433,60000.0,1.1938675224304198,1.184244733142853,-0.0096227892875668,0.1043451827638897,0.3230250497467491,2974.0,2565.0,2660.0,2858.0,0.0960995292535306,0.1055817081371889,5.202112152998375,2.468375299316424,2.7337368536819504,2.7337368536819504,0.0,26.198975182858195,0.3218016214303979,-0.0130411146691896,0.0034183253816227,1.0,1.0,0.0,74.76610080106184,0.0,-10.037891330914135,-61.99447261646575,1181.078646641727,0.0595345093040395,2.733736853681954,3.552713678800501e-15,0.834761462111118,0.0,0.0,0.0,10.037891330914135,61.99447261646575,72.03236394737988,72.03236394737988,strong,1,2900,72900
65.0,0.0047557783984597,60000.0,1.1531365418434143,1.1466993584156036,-0.0064371834278107,0.0987686542160161,0.3142748068426996,3169.0,2766.0,2849.0,3025.0,0.0954559798043546,0.1009782265698958,4.712266898492311,2.314925396152109,2.3973415023402023,2.3973415023402023,0.0,24.272290853502923,0.3294239433174989,-0.0114012249305604,0.0049640415027497,1.0,1.0,0.0,80.29175062518334,0.0,-11.37081625360588,-66.52359286923726,1262.2005814497788,0.0598079770787845,2.397341502340197,5.3290705182007506e-15,0.7901492337281294,0.0,0.0,0.0,11.37081625360588,66.52359286923726,77.89440912284314,77.89440912284314,strong,1,2900,72900
70.0,0.0047416021613943,60000.0,1.1179003407478332,1.113601131916046,-0.004299208831787,0.1592137748568545,0.3990160082714157,4212.0,3561.0,3744.0,4126.0,0.0979582146248812,0.1111111111111111,8.557552328691827,3.110768373121616,5.446783955570211,5.446783955570211,0.0,34.210506976970365,0.2665994921307016,-0.0258264825763796,0.0215272737445926,1.0,1.0,1.31708899342442e-09,122.13664871902438,0.0,-31.168665388519003,-85.52119937493516,1627.9828389845784,0.069787605690446,5.446783955570211,0.0,1.2737101988548365,0.0,0.0,0.0,31.168665388519003,85.52119937493516,116.68986476345415,116.68986476345415,strong,1,2900,72900
75.0,0.0047278773267132,60000.0,1.081771266078949,1.077272856473923,-0.004498409605026,0.1071910113493215,0.3274003838564053,3897.0,3240.0,3447.0,3875.0,0.0994354631768026,0.115473441108545,6.349856326367132,3.1152527110215686,3.234603615345563,3.234603615345563,0.0,30.17607143200106,0.3291301451167462,-0.015292809093897,0.010794399488871,1.0,1.0,0.0,103.68749994784594,0.0,-21.73935696681383,-78.71353936568654,1336.6588474177888,0.0719878938405949,3.234603615345563,0.0,0.8575280907945723,0.0,0.0,0.0,21.73935696681383,78.71353936568654,100.45289633250036,100.45289633250036,strong,1,2900,72900
80.0,0.0047145772242381,60000.0,1.0498428009033205,1.0412305314540864,-0.0086122694492341,0.0919869936389738,0.3032935766530077,3582.0,2992.0,3148.0,3468.0,0.0968174204355108,0.1211613623673925,5.235963180107765,2.4049704256332536,2.8309927544745115,2.8309927544745115,0.0,30.77601128682884,0.3147482427836146,-0.0133469339622287,0.0047346645129946,1.0,1.0,0.0,90.82586615244507,0.0,-19.14354940672638,-68.8513239912442,1413.246256832308,0.0603866428773414,2.830992754474508,3.552713678800501e-15,0.7358959491117908,0.0,0.0,0.0,19.14354940672638,68.8513239912442,87.99487339797058,87.99487339797058,strong,1,2900,72900
85.0,0.0047016774463746,60000.0,1.0193848052978518,1.015311894607544,-0.0040729106903076,0.1044137623522939,0.3231311844317937,3338.0,2886.0,3012.0,3270.0,0.0979628520071899,0.0976632714200119,4.60100161806243,2.814792077528436,1.786209540533994,1.786209540533994,0.0,17.107031681391685,0.3795672038721895,-0.0083981811112278,0.0043252704209201,1.0,1.0,1.31708899342442e-09,75.29034841136308,0.0,-8.345091608913208,-65.15904726191589,1289.7035567186367,0.055158010690306,1.7862095405339886,5.3290705182007506e-15,0.8353100988183512,0.0,0.0,0.0,8.345091608913208,65.15904726191589,73.5041388708291,73.5041388708291,strong,1,2900,72900
90.0,0.0046891556009951,60000.0,0.9889954889774324,0.9866446469783784,-0.0023508419990539,0.0886873089697118,0.2978041453198928,3343.0,2896.0,3031.0,3307.0,0.0989231229434639,0.0933293448997906,5.577415247540607,1.8345517662944333,3.742863481246173,3.742863481246173,0.0,42.20292085448687,0.2475121331314741,-0.0175508692568456,0.0152000272577916,1.0,1.0,0.0,84.99022860167315,0.0,-9.265985818939498,-71.98137930148748,1293.1876155582722,0.0616685494994864,3.742863481246175,1.7763568394002505e-15,0.709498471757695,0.0,0.0,0.0,9.265985818939498,71.98137930148748,81.24736512042698,81.24736512042698,strong,1,2900,72900
95.0,0.0046769910970246,60000.0,0.9757695907115936,0.9649713006973268,-0.010798290014267,0.1533962055119552,0.3916582764502178,3647.0,3067.0,3191.0,3449.0,0.0945708801754867,0.1250342747463668,7.6818477280487425,3.2982388176466344,4.383608910402108,4.383608910402108,0.0,28.577036151395955,0.3003836813052874,-0.0205020998467884,0.0097038098325214,1.0,1.0,0.0,103.61675701322385,0.0,-29.08597202938108,-70.14717607344065,1560.9617032822734,0.0622480462680201,4.383608910402103,5.3290705182007506e-15,1.227169644095642,0.0,0.0,0.0,29.08597202938108,70.14717607344065,99.23314810282172,99.23314810282172,strong,1,2900,72900
100.0,0.004665164957684,60000.0,0.9485493592262269,0.9388011157035828,-0.0097482435226439,0.1615902918133292,0.4019829496549937,3750.0,3334.0,3448.0,3684.0,0.09824,0.0805333333333333,7.773751762162377,4.041012670295167,3.7327390918672094,3.7327390918672094,0.0,23.10002073750389,0.342030744108083,-0.0174138436075562,0.0076656000849123,1.0,1.0,0.0,88.70051886333385,0.0,-20.11121717621154,-64.8565625952551,1504.42406257127,0.0556770762920871,3.732739091867217,7.105427357601002e-15,1.2927223345066337,0.0,0.0,0.0,20.11121717621154,64.8565625952551,84.96777977146664,84.96777977146664,strong,1,2900,72900
105.0,0.0046536596572292,60000.0,0.913533766269684,0.9111230381965638,-0.00241072807312,0.0522596568139789,0.2286037112865382,2889.0,2538.0,2617.0,2779.0,0.0961924541363793,0.0941502249913465,3.3827337109252467,1.4278068175219163,1.9549268934033304,1.9549268934033304,0.0,37.40795505722509,0.2968079801175297,-0.0090975644166635,0.0066868363435435,1.0,1.0,0.0,71.20542927645147,0.0,-6.423936278748442,-62.826566104299694,1193.1400437466743,0.0563180165514375,1.954926893403332,1.7763568394002505e-15,0.4180772545118313,0.0,0.0,0.0,6.423936278748442,62.826566104299694,69.25050238304814,69.25050238304814,strong,1,2900,72900
110.0,0.0046424589777348,60000.0,0.90398384141922,0.9026710159301758,-0.0013128254890441,0.1507117555546901,0.3882161196481801,4073.0,3354.0,3495.0,3785.0,0.092929044930027,0.1419101399459857,5.216762379293982,3.79433643190103,1.422425947392952,1.4224259473929517,4.440892098500626e-16,9.438055725366318,0.4210736683063674,-0.0066035541096373,0.0052907286205932,1.0,1.0,9.313225746154783e-10,114.67451862728922,0.0,-41.761682395598655,-71.49041028429761,1676.735752956433,0.0640135430985943,1.422425947392952,0.0,1.205694044437521,0.0,0.0,0.0,41.761682395598655,71.49041028429761,113.25209267989626,113.25209267989626,strong,1,2900,72900
115.0,0.0046315478830482,60000.0,0.8741015138149262,0.874045820236206,-5.569357872015068e-05,0.0643572707522237,0.2536873484275945,3638.0,3162.0,3274.0,3504.0,0.0963166575041231,0.1000549752611325,4.880739418716593,2.1294941792055,2.751245239511093,2.751245239511093,0.0,42.74956360569454,0.3037693608151238,-0.0127425240648041,0.0126868304860839,1.0,1.0,0.0,81.16215697984444,0.0,-11.523742795303406,-66.88716894502994,1286.3837383681905,0.0593487628136889,2.7512452395110927,4.440892098500626e-16,0.5148581660177898,0.0,0.0,0.0,11.523742795303406,66.88716894502994,78.41091174033335,78.41091174033335,strong,1,2900,72900
120.0,0.0046209124075087,60000.0,0.8580919528484345,0.8517286633491519,-0.0063632894992826,0.0988248468966064,0.3143641946796843,4292.0,3672.0,3820.0,4132.0,0.0962721342031686,0.1099720410065238,6.050825904608088,3.273201070904219,2.7776248337038685,2.7776248337038685,0.0,28.106543252325032,0.3510501502731199,-0.0128351610574667,0.006471871558184,1.0,1.0,0.0,107.29447051722671,0.0,-29.05797976434769,-75.45886591917518,1638.5726519084574,0.0614562638467887,2.777624833703854,1.4654943925052066e-14,0.7905987751728516,0.0,0.0,0.0,29.05797976434769,75.45886591917518,104.51684568352287,104.51684568352287,strong,1,2900,72900
125.0,0.0046105395574086,60000.0,0.8380116491794587,0.8337581173419953,-0.0042535318374633,0.071842672329421,0.2680348341716446,3233.0,2814.0,2919.0,3133.0,0.0969068976183111,0.0971234147850294,4.317422175772936,1.8569427265469176,2.4604794492260185,2.4604794492260185,0.0,34.24816156537097,0.3007504020128808,-0.0113441378308475,0.0070906059933842,1.0,1.0,0.0,84.83004265130148,0.0,-17.446565033187653,-64.92299816888782,1327.5150919981206,0.0600632526498973,2.460479449226014,4.440892098500626e-15,0.5747413786353683,0.0,0.0,0.0,17.446565033187653,64.92299816888782,82.36956320207547,82.36956320207547,strong,1,2900,72900
130.0,0.0046004172234895,60000.0,0.8298977436065675,0.8306221754074097,0.0007244318008421,0.1231956011708717,0.3509923092759608,3957.0,3432.0,3567.0,3849.0,0.0972706595905989,0.0985595147839272,6.2323951843148535,4.418993326544047,1.8134018577708064,1.8134018577708064,0.0,14.719696487016822,0.4148748608727362,-0.0083424051395968,0.0090668369404389,0.0,1.0,0.0,99.35844568477478,0.0,-27.41288688115128,-70.1321569458527,1535.6610565630765,0.060768966699281,1.813401857770799,7.105427357601002e-15,0.985564809366974,0.0,0.0,0.0,27.41288688115128,70.1321569458527,97.54504382700398,97.54504382700398,strong,1,2900,72900
135.0,0.0045905341030286,60000.0,0.8052408967971801,0.8019135195732117,-0.0033273772239684,0.0726728408074506,0.2695790066148524,4476.0,3663.0,3824.0,4152.0,0.0927613941018766,0.1456657730116175,5.276799800511409,3.168177218803045,2.108622581708364,2.108622581708364,0.0,29.015276660165743,0.3751552208557971,-0.0096797038717485,0.00635232664778,1.0,1.0,0.0,112.34774013137212,0.0,-31.96464176321388,-78.27447578644988,1593.7955751736376,0.0658489466409728,2.10862258170836,3.552713678800501e-15,0.5813827264596052,0.0,0.0,0.0,31.96464176321388,78.27447578644988,110.23911754966376,110.23911754966376,strong,1,2900,72900
140.0,0.0045808796302822,60000.0,0.8036682501792909,0.7952215719223021,-0.0084466782569887,0.2013794769564455,0.4487532472934825,4472.0,3582.0,3738.0,4056.0,0.0906976744186046,0.1641323792486583,8.080462374563623,4.6024593426504445,3.478003031913179,3.478003031913179,0.0,17.270891177582133,0.3628863636683725,-0.0159323132429509,0.0074856349859621,1.0,1.0,0.0,113.40122956869892,0.0,-23.39337249715777,-86.52985403962796,1575.4564689625204,0.0671467049398671,3.4780030319131754,3.552713678800501e-15,1.611035815651564,0.0,0.0,0.0,23.39337249715777,86.52985403962796,109.92322653678572,109.92322653678572,strong,1,2900,72900
145.0,0.0045714439142384,60000.0,0.7844189140796662,0.7800225511074066,-0.0043963629722596,0.1607899137603807,0.4009861765203144,4745.0,3701.0,3889.0,4273.0,0.0900526870389884,0.1804004214963118,7.537286690262278,5.557648144820032,1.9796385454422465,1.979638545442247,4.440892098500626e-16,12.311957256177331,0.4244120505228233,-0.0090498065809537,0.0046534436086941,1.0,1.0,9.313225746154783e-10,123.29379236267414,0.0,-36.45280878707581,-84.86134503015609,1705.3262376631835,0.0674245006279028,1.979638545442242,4.440892098500626e-15,1.2863193100830457,0.0,0.0,0.0,36.45280878707581,84.86134503015609,121.3141538172319,121.3141538172319,strong,1,2900,72900
150.0,0.0045622176827774,60000.0,0.7704194901943208,0.762240141439438,-0.0081793487548827,0.1750559487335722,0.4183968794500889,4604.0,3872.0,4046.0,4404.0,0.095655951346655,0.1211989574283232,8.905543452058417,2.9316549831596284,5.973888468898789,5.973888468898787,1.7763568394002505e-15,34.12559534318251,0.2476645972612375,-0.02725417960775,0.0190748308528672,1.0,1.0,0.0,118.62809239304624,0.0,-27.020470959738304,-85.63373296440916,1765.3991820450938,0.0629651672258427,5.973888468898778,1.0658141036401504e-14,1.4004475898685778,0.0,0.0,0.0,27.020470959738304,85.63373296440916,112.65420392414748,112.65420392414748,strong,1,2900,72900
1.0,0.0049950273089797,60000.0,2.3051766083717347,2.3051766208171847,1.2445450003895075e-08,0.612396820992636,0.7825578706987976,10.0,10.0,10.0,10.0,0.1,0.0,0.019782630726695,0.0197828975506126,-2.668239176273346e-07,-2.668239176273346e-07,0.0,-4.357042827146601e-07,0.5000033719241123,1.332792755237498e-09,1.1112657248657578e-08,0.0,0.0,0.0,4.496707543730736,0.0,0.0023027211427688,-4.499010531697422,2549.4573545273443,0.0017606845833727,-2.668239176273346e-07,0.0,4.899174567941088,4.899174834765006,0.4024670242103525,0.0,0.0,4.499010531697422,4.901477555907775,0.0023027211427688,strong,1,3000,73000
5.0,0.0049756643332495,60000.0,2.3000257119178777,2.2970591371059417,-0.002966574811936,0.5452519931297423,0.7384118045709605,401.0,340.0,359.0,409.0,0.1019950124688279,0.1047381546134663,1.334815522087638,0.2167424268698781,1.1180730952177598,1.1180730952177598,0.0,2.0505621424692624,0.1396934139749703,-0.0055631564218409,0.0025965816099048,1.0,1.0,0.0,29.854616978554983,0.0,-3.303364862804301,-25.43317902053293,2616.178916216286,0.0112827810396296,1.1180730952177598,0.0,4.362015945037938,3.2439428498201783,0.0,0.0,3.303364862804301,25.43317902053293,28.736543883337227,25.492601033517047,strong,1,3000,73000
10.0,0.0049525712910726,60000.0,2.22127162694931,2.201104957056046,-0.0201666698932641,0.3264179080501013,0.5713299467471501,2893.0,2409.0,2563.0,2891.0,0.0999308676114759,0.1140684410646387,8.341445728576764,2.598052951067953,5.743392777508811,5.743392777508811,0.0,17.595213485123086,0.2374928712137593,-0.0284445621832439,0.0082778922899798,1.0,1.0,0.0,82.8751085829208,0.0,-7.692562974081738,-69.43915283133025,1570.9699162577203,0.0501105649792708,5.7433927775088165,5.3290705182007506e-15,2.6113432644008108,0.0,0.0,0.0,7.692562974081738,69.43915283133025,77.13171580541199,77.13171580541199,strong,1,3000,73000
15.0,0.004930605096731,60000.0,2.083845979309082,2.051878423023224,-0.0319675562858581,0.3776617341939584,0.6145418896983007,3599.0,2989.0,3143.0,3485.0,0.0968324534592942,0.12670186162823,12.712487781539838,2.800122145578655,9.912365635961184,9.912365635961184,0.0,26.24667722060085,0.1805061919776374,-0.0488739605253317,0.0169064042394736,1.0,1.0,0.0,110.3326633835968,0.0,-14.63534151003114,-85.78495623760449,1483.7711902274125,0.0692129707444519,9.91236563596118,3.552713678800501e-15,3.0212938735516675,0.0,0.0,0.0,14.63534151003114,85.78495623760449,100.42029774763564,100.42029774763564,strong,1,3000,73000
20.0,0.0049096652228095,60000.0,1.9058190348625184,1.876102373695374,-0.0297166611671446,0.3801836297428405,0.6165903256967632,3022.0,2627.0,2774.0,3102.0,0.1026472534745201,0.0820648577101257,10.569056924150944,3.05703639389572,7.512020530255224,7.512020530255224,0.0,19.758926851575435,0.2243516408218723,-0.0368815059504255,0.0071648447832808,1.0,1.0,0.0,76.65507734200219,0.0,-12.43086452705029,-56.71219228469668,1436.929203852577,0.0506447366654092,7.512020530255221,3.552713678800501e-15,3.0414690379427243,0.0,0.0,0.0,12.43086452705029,56.71219228469668,69.14305681174696,69.14305681174696,strong,1,3000,73000
25.0,0.0048896638427146,60000.0,1.7563222036361696,1.7200698516845705,-0.0362523519515991,0.3506768449892649,0.5921797404414177,3378.0,2889.0,3094.0,3516.0,0.1040852575488454,0.0840734162226168,13.633967514867868,2.6796798314066272,10.95428768346124,10.95428768346124,0.0,31.237556285749573,0.1642600072520618,-0.0535627844085147,0.0173104324569156,1.0,1.0,0.0,88.40637205619714,0.0,-10.285211200247431,-67.16687317248847,1311.2867644123116,0.0631612528152067,10.954287683461246,5.3290705182007506e-15,2.805414759914119,0.0,0.0,0.0,10.285211200247431,67.16687317248847,77.4520843727359,77.4520843727359,strong,1,3000,73000
30.0,0.0048705237912742,60000.0,1.6059289140701298,1.5875493349075318,-0.018379579162598,0.2332156254882195,0.4829240369749879,3098.0,2652.0,2764.0,3018.0,0.0974176888315042,0.1078114912846998,8.277827908142292,3.6549897152431736,4.622838192899119,4.622838192899119,0.0,19.822163215786045,0.3062972912684317,-0.0225156434017265,0.0041360642391285,1.0,1.0,0.0,78.8274162466405,0.0,-10.163927473302463,-64.04065058043892,1327.1959046881193,0.0560640887479974,4.62283819289911,8.881784197001252e-15,1.865725003905756,0.0,0.0,0.0,10.163927473302463,64.04065058043892,74.20457805374139,74.20457805374139,strong,1,3000,73000
35.0,0.0048521769173698,60000.0,1.503633065223694,1.4899451497077945,-0.0136879155158995,0.1707964529587363,0.4132752750392119,3415.0,2895.0,3097.0,3519.0,0.1030453879941434,0.0931185944363104,8.96721006882266,3.212825283964987,5.754384784857672,5.754384784857672,0.0,33.6914771072436,0.2637779933232843,-0.0279212930267504,0.0142333775108508,1.0,1.0,0.0,92.77117776771776,0.0,-11.526604629354551,-75.49018835350552,1306.0327234116858,0.0663217894155839,5.7543847848576775,5.3290705182007506e-15,1.3663716236698904,0.0,0.0,0.0,11.526604629354551,75.49018835350552,87.01679298286007,87.01679298286007,strong,1,3000,73000
40.0,0.0048345627417287,60000.0,1.41932760887146,1.4059452277183533,-0.0133823811531066,0.1496292908476165,0.3868194551048544,3841.0,3264.0,3397.0,3677.0,0.0957302785732882,0.1155948971621974,7.635862796470073,3.326851796219397,4.309011000250676,4.309011000250676,0.0,28.79791099617656,0.3034697079898369,-0.0208321840355112,0.0074498028824045,1.0,1.0,0.0,85.57122900849208,0.0,-9.52420084150799,-71.73801716673341,1234.3292197846586,0.064831578083585,4.309011000250678,1.7763568394002505e-15,1.197034326780932,0.0,0.0,0.0,9.52420084150799,71.73801716673341,81.2622180082414,81.2622180082414,strong,1,3000,73000
45.0,0.0048176273546297,60000.0,1.3554348293304446,1.3408004476547244,-0.0146343816757201,0.172289316242293,0.4150774822154209,3052.0,2479.0,2596.0,2838.0,0.0929882044560943,0.1494102228047181,7.756947570016672,3.852667722646064,3.904279847370608,3.9042798473706086,4.440892098500626e-16,22.66118371425864,0.3318514546369978,-0.0188093653928223,0.0041749837171021,1.0,1.0,0.0,91.45032909073052,0.0,-10.525569679310138,-77.02047956404977,1182.9162947065606,0.0717613969033743,3.904279847370617,8.881784197001252e-15,1.3783145299383446,0.0,0.0,0.0,10.525569679310138,77.02047956404977,87.5460492433599,87.5460492433599,strong,1,3000,73000
50.0,0.004801322503961,60000.0,1.2954288380622865,1.2828817838668822,-0.0125470541954042,0.1106598264694505,0.3326557176262729,2744.0,2378.0,2492.0,2734.0,0.0996355685131195,0.0918367346938775,5.621143271888416,2.2479526745303096,3.3731905973581062,3.3731905973581062,0.0,30.482522022473344,0.2856684795606498,-0.0161957759252454,0.0036487217298411,1.0,1.0,0.0,74.22286178887589,0.0,-7.001378565255436,-63.84829262626235,1175.3895955387134,0.0593967044371566,3.373190597358104,2.664535259100376e-15,0.8852786117556047,0.0,0.0,0.0,7.001378565255436,63.84829262626235,70.84967119151779,70.84967119151779,strong,1,3000,73000
55.0,0.0047856048355997,60000.0,1.250325749588013,1.2346580956459048,-0.0156676539421081,0.2444918089571944,0.494461129874932,3436.0,2837.0,3048.0,3476.0,0.1011641443538998,0.1129220023282887,12.153039404128362,2.7684363386106696,9.384603065517693,9.384603065517693,0.0,38.38412053779989,0.1855336822135588,-0.0449110018105252,0.0292433478684171,1.0,1.0,0.0,91.2983501178678,0.0,-14.18395073380816,-67.72979631854196,1247.545598229242,0.0681919279917436,9.384603065517696,1.7763568394002505e-15,1.9559344716575555,0.0,0.0,0.0,14.18395073380816,67.72979631854196,81.91374705235012,81.91374705235012,strong,1,3000,73000
60.0,0.0047704352566433,60000.0,1.196064245033264,1.185488651037216,-0.0105755939960481,0.1304826720235245,0.3612238530655534,3731.0,3075.0,3255.0,3631.0,0.0973197534173143,0.1275797373358349,7.395090385314244,2.5424184294161023,4.852671955898142,4.852671955898142,0.0,37.19016387879657,0.2558406213081775,-0.0231493573873409,0.0125737633912928,1.0,1.0,0.0,97.49386985960882,0.0,-16.581257148171062,-76.05994075553961,1314.421335340794,0.0690507967479327,4.8526719558981455,3.552713678800501e-15,1.0438613761881963,0.0,0.0,0.0,16.581257148171062,76.05994075553961,92.64119790371068,92.64119790371068,strong,1,3000,73000
65.0,0.0047557783984597,60000.0,1.169324349594116,1.1562407482624053,-0.0130836013317108,0.2123843955939368,0.4608518152225689,3346.0,2766.0,2910.0,3212.0,0.0959952181709503,0.1303048416019127,7.614685086429528,2.430735004706957,5.183950081722571,5.183950081722571,0.0,24.408337849989216,0.241974450312108,-0.0246537178173496,0.0115701164856388,1.0,1.0,0.0,100.40168130188248,0.0,-25.09092935884109,-70.12680186131882,1385.8045202105086,0.0675556872254414,5.183950081722571,0.0,1.6990751647514946,0.0,0.0,0.0,25.09092935884109,70.12680186131882,95.21773122015992,95.21773122015992,strong,1,3000,73000
70.0,0.0047416021613943,60000.0,1.1141622463226315,1.1119497183322908,-0.0022125279903408,0.0889844021591457,0.2983025346173675,3525.0,2990.0,3109.0,3353.0,0.0951205673758865,0.1180141843971631,4.3031506271781375,2.679491236975608,1.6236593902025298,1.6236593902025298,0.0,18.24656176594485,0.383736025576667,-0.0076987468739525,0.0054862188836116,1.0,1.0,0.0,82.21576657437254,0.0,-11.984489132846647,-68.60761805132336,1254.8244999689175,0.0614908680251856,1.6236593902025334,3.552713678800501e-15,0.7118752172731663,0.0,0.0,0.0,11.984489132846647,68.60761805132336,80.59210718417,80.59210718417,strong,1,3000,73000
75.0,0.0047278773267132,60000.0,1.0832711772441863,1.0760618146419527,-0.0072093626022335,0.1286962702775473,0.3587426240043792,3594.0,3063.0,3226.0,3564.0,0.0991652754590984,0.1023928770172509,6.183634283806086,2.957817984416497,3.2258162993895887,3.225816299389589,4.440892098500626e-16,25.065344103856063,0.3235610598436784,-0.0152512637420261,0.0080419011397925,1.0,1.0,0.0,96.38360305383684,0.0,-20.96039847781867,-72.1973882766286,1354.4569546086404,0.0664329395430779,3.225816299389578,1.0658141036401504e-14,1.029570162220379,0.0,0.0,0.0,20.96039847781867,72.1973882766286,93.15778675444729,93.15778675444729,strong,1,3000,73000
80.0,0.0047145772242381,60000.0,1.0476880534648896,1.0463248007774353,-0.0013632526874542,0.0668487612478772,0.2585512739242978,3859.0,3234.0,3369.0,3645.0,0.0944545218968644,0.1269759004923555,4.402104060465454,2.4601442882064823,1.941959772258972,1.941959772258972,0.0,29.050048737000907,0.35850411748543,-0.0091555193126788,0.0077922666252245,1.0,1.0,1.31708899342442e-09,92.31373506510865,0.0,-16.12062020867188,-74.25115508417778,1452.756287673658,0.0597472824574479,1.9419597722589683,3.552713678800501e-15,0.5347900899830181,0.0,0.0,0.0,16.12062020867188,74.25115508417778,90.37177529284966,90.37177529284966,strong,1,3000,73000
85.0,0.0047016774463746,60000.0,1.0281628102302551,1.0191798722743988,-0.0089829379558563,0.1453567466376779,0.3812567988084644,2997.0,2577.0,2675.0,2873.0,0.0958625291958625,0.1074407741074408,6.006291758969768,3.136988415116429,2.869303343853339,2.869303343853339,0.0,19.739732831290446,0.343092233354858,-0.0134905388186025,0.0045076008627461,1.0,1.0,9.313225746154783e-10,72.89704971859464,0.0,-13.773197553047794,-56.25454882169351,1313.8432535839502,0.0525671962839683,2.869303343853339,0.0,1.1628539731014238,0.0,0.0,0.0,13.773197553047794,56.25454882169351,70.0277463747413,70.0277463747413,strong,1,3000,73000
90.0,0.0046891556009951,60000.0,0.992819693183899,0.990586352968216,-0.0022333402156828,0.0751760020407974,0.274182424748191,3974.0,3363.0,3544.0,3914.0,0.0984901862103673,0.1082033215903371,5.363061803653062,2.247451921426979,3.115609882226084,3.115609882226084,0.0,41.44420822665277,0.2953088323092594,-0.0146095795297562,0.0123762393140733,1.0,1.0,0.0,117.76568803019472,0.0,-33.835979720905016,-80.81409842706363,1527.4894581029548,0.0715789817202395,3.1156098822260816,1.7763568394002505e-15,0.6014080163263796,0.0,0.0,0.0,33.835979720905016,80.81409842706363,114.65007814796864,114.65007814796864,strong,1,3000,73000
95.0,0.0046769910970246,60000.0,0.9702194907665254,0.9680902674674988,-0.0021292232990265,0.0952673117068557,0.3086540323839229,3979.0,3416.0,3571.0,3887.0,0.0976878612716763,0.1025383262126162,5.756416011804312,2.782075433570384,2.974340578233928,2.974340578233928,0.0,31.22099831457597,0.3258275131349385,-0.0139109644039191,0.0117817411048925,1.0,1.0,0.0,102.88292237499265,0.0,-30.694276792411078,-69.21430500434764,1447.7606166283022,0.0663485319399212,2.974340578233921,7.105427357601002e-15,0.7621384936548462,0.0,0.0,0.0,30.694276792411078,69.21430500434764,99.90858179675872,99.90858179675872,strong,1,3000,73000
100.0,0.004665164957684,60000.0,0.957163390016556,0.9514638596057892,-0.0056995304107667,0.2041539829349715,0.4518340214447906,4558.0,3814.0,4078.0,4618.0,0.1013163668275559,0.1053093462044756,11.545271072783418,2.6306447105129536,8.914626362270464,8.914626362270464,0.0,43.66618879588556,0.1855714121561493,-0.0415882025161104,0.0358886721053437,1.0,1.0,0.0,142.95401873154333,0.0,-38.31678713636575,-95.72260523290711,1578.8214255789262,0.0830270981061604,8.914626362270468,3.552713678800501e-15,1.633231863479772,0.0,0.0,0.0,38.31678713636575,95.72260523290711,134.03939236927286,134.03939236927286,strong,1,3000,73000
105.0,0.0046536596572292,60000.0,0.9274571839332582,0.9216007660388948,-0.0058564178943634,0.1208021006468992,0.3475659658926622,3792.0,3140.0,3380.0,3864.0,0.1018987341772151,0.1086497890295358,6.632250911531775,2.391014452822421,4.241236458709354,4.241236458709354,0.0,35.10896280774416,0.2649832800294185,-0.0197372710046655,0.0138808531103021,1.0,1.0,0.0,93.94477455265589,0.0,-17.98324792697167,-71.72029016697485,1430.7574275244815,0.0616151628984812,4.241236458709352,1.7763568394002505e-15,0.9664168051751942,0.0,0.0,0.0,17.98324792697167,71.72029016697485,89.70353809394652,89.70353809394652,strong,1,3000,73000
110.0,0.0046424589777348,60000.0,0.903853800725937,0.9097138761997222,0.0058600754737851,0.0725895928212369,0.2694245586824574,3835.0,3255.0,3485.0,3961.0,0.1032855280312907,0.0912646675358539,4.994405635659973,2.378059343854847,2.616346291805126,2.616346291805126,0.0,36.04299445856215,0.3225595985145454,-0.0121462803312538,0.018006355805039,0.0,1.0,9.313225746154783e-10,97.90036546968622,0.0,-28.69662348847669,-66.5873956894044,1529.8639673511843,0.0601440660024953,2.616346291805129,3.552713678800501e-15,0.5807167425698956,0.0,0.0,0.0,28.69662348847669,66.5873956894044,95.28401917788108,95.28401917788108,strong,1,3000,73000
115.0,0.0046315478830482,60000.0,0.8864417628765107,0.8829306725502014,-0.0035110903263092,0.1382567345553283,0.3718289049486716,4131.0,3439.0,3615.0,3983.0,0.0964173323650447,0.1249092229484386,6.352053387793877,3.588511491690124,2.763541896103753,2.763541896103753,0.0,19.98847944002196,0.3609967376297028,-0.0127994766186144,0.0092883862923052,1.0,1.0,0.0,104.92044568381972,0.0,-26.71044183972481,-75.44646194799115,1551.471521749736,0.0633427641202495,2.763541896103746,7.105427357601002e-15,1.1060538764426264,0.0,0.0,0.0,26.71044183972481,75.44646194799115,102.15690378771596,102.15690378771596,strong,1,3000,73000
120.0,0.0046209124075087,60000.0,0.8761572113990785,0.8655562232971191,-0.0106009881019594,0.1437313878814279,0.3791192264729235,3507.0,3004.0,3133.0,3403.0,0.0970345024237239,0.1066438551468491,6.488852374677877,2.658237485318225,3.830614889359652,3.830614889359651,4.440892098500626e-16,26.65120643320957,0.2906101859722363,-0.0177009358706299,0.0070999477686704,1.0,1.0,0.0,100.82253255110118,0.0,-23.13098896360043,-73.8609286981411,1344.256394867498,0.0697695680409681,3.830614889359651,4.440892098500626e-16,1.1498511030514234,0.0,0.0,0.0,23.13098896360043,73.8609286981411,96.99191766174152,96.99191766174152,strong,1,3000,73000
125.0,0.0046105395574086,60000.0,0.8492045112133025,0.8464877152442934,-0.002716795969009,0.0798970868557855,0.2826607274733891,4253.0,3506.0,3711.0,4135.0,0.0972254878909005,0.127439454502704,5.929584408778845,2.75129436455137,3.178290044227474,3.178290044227474,0.0,39.779798855048334,0.3169373097345882,-0.0146536319738288,0.0119368360048197,1.0,1.0,0.0,117.88514954736456,0.0,-34.825549756435066,-79.88130974670203,1549.5079575042655,0.0707002740078583,3.178290044227466,7.993605777301127e-15,0.6391766948462843,0.0,0.0,0.0,34.825549756435066,79.88130974670203,114.7068595031371,114.7068595031371,strong,1,3000,73000
130.0,0.0046004172234895,60000.0,0.8359865427017212,0.8380104146480563,0.002023871946335,0.1192088240660339,0.345266308906667,3769.0,3253.0,3385.0,3659.0,0.0970814539665693,0.1018837888033961,4.883626617285016,3.817170480757099,1.0664561365279166,1.066456136527917,4.440892098500626e-16,8.94611741104978,0.4387150323981297,-0.0049061431785791,0.0069300151249142,0.0,1.0,0.0,94.75169097800972,0.0,-22.684097487952386,-71.00113735352943,1459.8490565987777,0.0609492122821262,1.0664561365279042,1.2434497875801752e-14,0.9536705925282718,0.0,0.0,0.0,22.684097487952386,71.00113735352943,93.68523484148182,93.68523484148182,strong,1,3000,73000
135.0,0.0045905341030286,60000.0,0.8218133985996245,0.8125262719154358,-0.0092871266841887,0.1396007318930196,0.3736318132774826,3913.0,3323.0,3461.0,3743.0,0.0956555072834142,0.115512394582162,6.6920180812456245,3.235753526659183,3.4562645545864417,3.4562645545864417,0.0,24.75821227953936,0.3259294889583049,-0.0158661003069181,0.0065789736227294,1.0,1.0,0.0,95.49367853382137,0.0,-21.76227359816403,-70.27514038107088,1493.2177884800149,0.0601076284250107,3.456264554586454,1.2434497875801752e-14,1.116805855144157,0.0,0.0,0.0,21.76227359816403,70.27514038107088,92.03741397923493,92.03741397923493,strong,1,3000,73000
140.0,0.0045808796302822,60000.0,0.8008524850845338,0.794161835384369,-0.0066906497001647,0.1493511410005021,0.3864597534032517,4151.0,3489.0,3617.0,3883.0,0.0935437244037581,0.1286437003131775,6.97070079781952,4.118300502959806,2.852400294859714,2.852400294859714,0.0,19.098617364095823,0.3713860600476595,-0.0130665024081338,0.0063758527079691,1.0,1.0,0.0,101.9807380097336,0.0,-21.19868567128833,-77.92965204358556,1558.1166324923834,0.0614305761949904,2.85240029485972,6.217248937900877e-15,1.1948091280040172,0.0,0.0,0.0,21.19868567128833,77.92965204358556,99.1283377148739,99.1283377148739,strong,1,3000,73000
145.0,0.0045714439142384,60000.0,0.7932305448055267,0.7872984648704529,-0.0059320799350738,0.1457138596300461,0.3817248480647365,3825.0,3141.0,3319.0,3681.0,0.096235294117647,0.1322875816993464,6.1930282645217005,3.1426216323125047,3.050406632209196,3.050406632209196,0.0,20.934224376143028,0.3366259089662513,-0.0139447628347652,0.0080126828996914,1.0,1.0,0.0,99.21403966640356,0.0,-18.65622423952027,-77.50740879467408,1545.7966221643433,0.0603120952152294,3.050406632209203,7.105427357601002e-15,1.1657108770403692,0.0,0.0,0.0,18.65622423952027,77.50740879467408,96.16363303419436,96.16363303419436,strong,1,3000,73000
150.0,0.0045622176827774,60000.0,0.7782255592823029,0.7736204472064973,-0.0046051120758056,0.0950911152882957,0.3083684732398818,3802.0,3256.0,3430.0,3790.0,0.0996843766438716,0.0978432403997895,5.240950227953955,3.4525458294523155,1.7884043985016396,1.7884043985016398,2.220446049250313e-16,18.80727124799813,0.3971412429077919,-0.008159090170801,0.0035539780949954,1.0,1.0,0.0,82.3960718253511,0.0,-10.202984775503865,-70.4046826513456,1525.992720352765,0.0512289517472752,1.7884043985016405,8.881784197001252e-16,0.7607289223063657,0.0,0.0,0.0,10.202984775503865,70.4046826513456,80.60766742684946,80.60766742684946,strong,1,3000,73000
1.0,0.0049950273089797,60000.0,2.3051766083717347,2.3051765969753264,-1.1396408261532542e-08,0.612396836543381,0.7825578806346409,10.0,10.0,10.0,10.0,0.1,0.0,0.019782961346209,0.0197828281670808,1.3317912817001345e-07,1.3317912817001345e-07,0.0,2.1747194012583585e-07,0.4999983169913983,-6.652333821953307e-10,-1.0731174879337212e-08,1.0,1.0,0.0,4.555846266448498,0.0,-0.0567159280180931,-4.4991302052512765,2659.9195538331605,0.0017098473741878,1.3317912817001345e-07,0.0,4.899174692347048,4.899174559167919,0.3433284258985498,0.0,0.0567159280180931,4.4991302052512765,4.899174559167919,0.0,strong,1,3100,73100
5.0,0.0049756643332495,60000.0,2.298389025402069,2.2852989700794217,-0.0130900553226473,0.5445238997256602,0.737918626764266,719.0,668.0,687.0,755.0,0.1050069541029207,0.0445062586926287,3.9743651358229775,0.2109179535018484,3.76344718232113,3.76344718232113,0.0,6.911445363954116,0.0503951462781156,-0.0187256499151437,0.0056355945924963,1.0,1.0,0.0,46.325691562960856,0.0,-4.241420227219351,-38.320824153420375,2539.087528846403,0.0179180995893669,3.76344718232113,0.0,4.356191197805281,0.5927440154841515,0.0,0.0,4.241420227219351,38.320824153420375,42.562244380639726,41.969500365155575,strong,1,3100,73100
10.0,0.0049525712910726,60000.0,2.213747574520111,2.204573236227036,-0.0091743382930755,0.3400466418255349,0.5831351831484145,2767.0,2318.0,2551.0,3053.0,0.1103361040838453,0.0780628839898807,9.053941143908316,3.2973034962774364,5.75663764763088,5.75663764763088,0.0,16.928964852369848,0.2669612328420245,-0.0285101583467644,0.0193358200536888,1.0,1.0,0.0,83.15424733911641,0.0,-5.430720004660543,-71.96688968682498,1461.675241591406,0.053827459881468,5.756637647630882,1.7763568394002505e-15,2.72037313460428,0.0,0.0,0.0,5.430720004660543,71.96688968682498,77.39760969148553,77.39760969148553,strong,1,3100,73100
15.0,0.004930605096731,60000.0,2.087585317230225,2.074912110090256,-0.0126732071399691,0.359574207679969,0.5996450680860879,2968.0,2527.0,2654.0,2934.0,0.0988544474393531,0.1057951482479784,8.597682398353996,3.698295484069128,4.899386914284868,4.899386914284868,0.0,13.625523771286336,0.300772782728877,-0.0241569420904303,0.0114837349504611,1.0,1.0,0.0,80.38084669271484,0.0,-7.774362581119931,-67.70709719731005,1450.9000684262537,0.0524925543700581,4.899386914284861,7.105427357601002e-15,2.876593661439752,0.0,0.0,0.0,7.774362581119931,67.70709719731005,75.48145977842998,75.48145977842998,strong,1,3100,73100
20.0,0.0049096652228095,60000.0,1.9106431514263151,1.873844745445252,-0.0367984059810635,0.3595303162274191,0.5996084691091506,3371.0,2928.0,3093.0,3463.0,0.1027291604865025,0.0824681103530109,12.673595950612569,2.7705986866356227,9.902997263976944,9.902997263976944,0.0,27.544262102539506,0.1793941834916735,-0.0486204012685258,0.0118219952874623,1.0,1.0,0.0,83.95559445372783,0.0,-5.398759056279232,-68.65383813347165,1381.7413712660573,0.0572803222066427,9.902997263976944,1.7763568394002505e-15,2.876242529819353,0.0,0.0,0.0,5.398759056279232,68.65383813347165,74.05259718975088,74.05259718975088,strong,1,3100,73100
25.0,0.0048896638427146,60000.0,1.7502049613952635,1.714160672092438,-0.0360442893028256,0.3578975418162441,0.5982453859548306,3117.0,2691.0,2811.0,3087.0,0.0990375360923965,0.0981713185755533,13.369921593266454,3.816962181371517,9.552959411894935,9.552959411894935,0.0,26.691883278705856,0.2220857621091301,-0.0467107602272632,0.0106664709244375,1.0,1.0,0.0,92.3768864115118,0.0,-15.13167364207311,-67.69225335754376,1343.9738646836895,0.0643135991268674,9.552959411894932,5.3290705182007506e-15,2.8631803345299534,0.0,0.0,0.0,15.13167364207311,67.69225335754376,82.82392699961687,82.82392699961687,strong,1,3100,73100
30.0,0.0048705237912742,60000.0,1.6130892565727233,1.586624084377289,-0.0264651721954343,0.2746450603498759,0.5240658931373763,2560.0,2172.0,2292.0,2560.0,0.1,0.1046875,9.368527065892584,3.255355620353177,6.113171445539408,6.113171445539408,0.0,22.25844308924295,0.2578727718929154,-0.0297743469656382,0.0033091747702039,1.0,1.0,0.0,69.6183340519201,0.0,-10.393840165255824,-53.11132244112487,1242.540354895655,0.0530563373457199,6.113171445539408,0.0,2.197160482799007,0.0,0.0,0.0,10.393840165255824,53.11132244112487,63.50516260638069,63.50516260638069,strong,1,3100,73100
35.0,0.0048521769173698,60000.0,1.511524106884003,1.487844512653351,-0.023679594230652,0.257743328460843,0.5076842802971577,3223.0,2683.0,2855.0,3219.0,0.0998758920260626,0.1141793360223394,10.44416658469022,3.9703444502475342,6.473822134442687,6.473822134442687,0.0,25.117321845349743,0.2754407999427973,-0.0314121303279005,0.0077325360972485,1.0,1.0,0.0,93.9042983998661,0.0,-10.730920980784958,-76.69955528463844,1273.5253817940063,0.0686721224206223,6.473822134442699,1.2434497875801752e-14,2.061946627686744,0.0,0.0,0.0,10.730920980784958,76.69955528463844,87.4304762654234,87.4304762654234,strong,1,3100,73100
40.0,0.0048345627417287,60000.0,1.416847526073456,1.399257973957062,-0.0175895521163942,0.1572855355665129,0.3965924048270628,3951.0,3121.0,3311.0,3709.0,0.0938749683624398,0.1619843077701848,8.063200100886778,3.4983392546243337,4.5648608462624445,4.5648608462624445,0.0,29.022763153780637,0.3025842102035278,-0.0220691061685167,0.0044795540521225,1.0,1.0,0.0,111.64866150706077,0.0,-23.750150657244376,-83.33365000355394,1299.951435340854,0.079093690738879,4.564860846262434,1.0658141036401504e-14,1.2582842845321034,0.0,0.0,0.0,23.750150657244376,83.33365000355394,107.08380066079832,107.08380066079832,strong,1,3100,73100
45.0,0.0048176273546297,60000.0,1.3629116429328918,1.342065781593323,-0.0208458613395687,0.2596431979320855,0.509551958029881,2872.0,2470.0,2586.0,2834.0,0.0986768802228412,0.0995821727019499,8.97160682439224,3.634170702595077,5.337436121797163,5.337436121797163,0.0,20.556810901679267,0.2882940536444335,-0.0257137782639589,0.0048679169243901,1.0,1.0,0.0,87.13676592422416,0.0,-10.739868758028024,-71.05946104439897,1342.8664702163385,0.0609346634483133,5.337436121797168,5.3290705182007506e-15,2.077145583456684,0.0,0.0,0.0,10.739868758028024,71.05946104439897,81.799329802427,81.799329802427,strong,1,3100,73100
50.0,0.004801322503961,60000.0,1.2874711675643922,1.2735791388511657,-0.0138920287132264,0.1290818874274463,0.3592796785617665,3581.0,3001.0,3121.0,3369.0,0.0940798659592292,0.128455738620497,7.112962677820729,2.972199584843537,4.140763092977192,4.140763092977192,0.0,32.078575666199576,0.2947101402469999,-0.0198811390218829,0.0059891103086564,1.0,1.0,0.0,99.2953873341321,0.0,-12.919760308206603,-82.2348639329483,1233.6949132309337,0.0744907050651756,4.140763092977196,3.552713678800501e-15,1.0326550994195705,0.0,0.0,0.0,12.919760308206603,82.2348639329483,95.1546242411549,95.1546242411549,strong,1,3100,73100
55.0,0.0047856048355997,60000.0,1.2367999774932863,1.2280908143043516,-0.0087091631889346,0.1107264419425436,0.3327558293141438,3191.0,2673.0,2811.0,3109.0,0.097430272641805,0.1190849263553744,6.706942166382775,2.612763544932473,4.094178621450301,4.094178621450301,0.0,36.97561801520531,0.2803482884400806,-0.0195931210086214,0.0108839578196868,1.0,1.0,0.0,94.35684454569127,0.0,-20.573635233013192,-69.68903069122777,1292.5437900212182,0.0680343221381222,4.094178621450311,9.769962616701378e-15,0.8858115355403491,0.0,0.0,0.0,20.573635233013192,69.68903069122777,90.26266592424096,90.26266592424096,strong,1,3100,73100
60.0,0.0047704352566433,60000.0,1.1875212180614474,1.188250778913498,0.0007295608520505,0.1010803442158467,0.317931351420156,2602.0,2210.0,2318.0,2538.0,0.0975403535741737,0.1091468101460415,3.867131167436128,2.757049152811831,1.110082014624297,1.110082014624297,0.0,10.98217485541828,0.4162098583555207,-0.0052955743803294,0.0060251352323799,0.0,1.0,0.0,73.49781658849679,0.0,-13.445987530696584,-58.94174704317591,1234.502645749444,0.0561909714138216,1.110082014624297,0.0,0.808642753726774,0.0,0.0,0.0,13.445987530696584,58.94174704317591,72.38773457387249,72.38773457387249,strong,1,3100,73100
65.0,0.0047557783984597,60000.0,1.1478433650970463,1.1390725001335145,-0.0087708649635318,0.1400864707957347,0.3742812723016405,3143.0,2635.0,2717.0,2887.0,0.0918549156856506,0.1355392936684696,5.970780562953305,3.343551225534295,2.62722933741901,2.62722933741901,0.0,18.75434024781644,0.3589684479209645,-0.0124945205306969,0.003723655567165,1.0,1.0,0.0,76.95677632451407,0.0,-7.791626734408055,-66.537920252687,1122.8538130670358,0.0641407710558218,2.62722933741901,0.0,1.120691766365878,0.0,0.0,0.0,7.791626734408055,66.537920252687,74.32954698709506,74.32954698709506,strong,1,3100,73100
70.0,0.0047416021613943,60000.0,1.1101812899112702,1.09906662273407,-0.0111146671772002,0.1644917776966374,0.4055758593612759,3293.0,2763.0,2895.0,3173.0,0.096355906468266,0.120862435469177,7.623661881932329,2.748954966142277,4.874706915790052,4.874706915790052,0.0,29.634957953826657,0.2650203903610443,-0.0231139208480739,0.0119992536708737,1.0,1.0,0.0,98.72936678148108,0.0,-18.340120765918986,-75.51453909977204,1412.6019902639246,0.0653260890282149,4.874706915790057,5.3290705182007506e-15,1.3159342215730994,0.0,0.0,0.0,18.340120765918986,75.51453909977204,93.85465986569102,93.85465986569102,strong,1,3100,73100
75.0,0.0047278773267132,60000.0,1.0858449809074402,1.070884995031357,-0.0149599858760831,0.2120709734548266,0.4605116431262369,3145.0,2700.0,2787.0,2961.0,0.0941494435612082,0.1138314785373608,7.561281640295792,3.20126361758068,4.360018022715112,4.360018022715112,0.0,20.55923991712068,0.2974448460728064,-0.020613630353656,0.0056536444775728,1.0,1.0,1.6130979885176087e-09,83.95706545154098,0.0,-13.199655860070608,-66.39739156875527,1286.8367534953086,0.0612470411604593,4.36001802271511,1.7763568394002505e-15,1.696567787638613,0.0,0.0,0.0,13.199655860070608,66.39739156875527,79.59704742882587,79.59704742882587,strong,1,3100,73100
80.0,0.0047145772242381,60000.0,1.0446385828495028,1.0356011023521423,-0.0090374804973605,0.1067336153942742,0.3267011101821881,2759.0,2377.0,2477.0,2681.0,0.0971728887277999,0.1022109459949257,5.042479957559063,2.279109519484548,2.7633704380745154,2.7633704380745154,0.0,25.890347927095124,0.3112861662936107,-0.013028123329479,0.0039906428321185,1.0,1.0,0.0,73.54155216642539,0.0,-10.690762937490945,-60.08741879085993,1221.8579256761675,0.0567713307163781,2.763370438074517,1.7763568394002505e-15,0.8538689231541936,0.0,0.0,0.0,10.690762937490945,60.08741879085993,70.77818172835087,70.77818172835087,strong,1,3100,73100
85.0,0.0047016774463746,60000.0,1.021019177722931,1.0101929950237274,-0.0108261826992035,0.1807126564428207,0.4251031127183389,3872.0,3308.0,3470.0,3798.0,0.0980888429752066,0.1038223140495867,8.896155447598034,2.247300466802256,6.648854980795778,6.648854980795778,0.0,36.79241460821279,0.201669974204156,-0.031260771507423,0.0204345888082195,1.0,1.0,0.0,104.16660421789857,0.0,-8.206499077616172,-89.31125015948662,1312.8440723764015,0.0735115168421008,6.648854980795775,2.664535259100376e-15,1.4457012515425662,0.0,0.0,0.0,8.206499077616172,89.31125015948662,97.5177492371028,97.5177492371028,strong,1,3100,73100
90.0,0.0046891556009951,60000.0,0.9905040279865264,0.9823908558368684,-0.0081131721496581,0.1153821824080394,0.3396795289799482,2781.0,2446.0,2511.0,2643.0,0.0950377562028047,0.0970873786407766,4.795138690161675,2.398618036205292,2.396520653956383,2.396520653956383,0.0,20.77028362560597,0.3334305186348241,-0.0112376582474,0.0031244860977419,1.0,1.0,0.0,66.60724296219996,0.0,-11.267668533989308,-52.94305377425427,1268.0437019453077,0.0499061145660192,2.3965206539563866,3.552713678800501e-15,0.9230574592643158,0.0,0.0,0.0,11.267668533989308,52.94305377425427,64.21072230824358,64.21072230824358,strong,1,3100,73100
95.0,0.0046769910970246,60000.0,0.9596984699726104,0.955131988954544,-0.0045664810180665,0.0657886970093899,0.2564930739988703,3916.0,3152.0,3292.0,3578.0,0.0913687436159346,0.1593462717058222,3.848338207538729,2.0828875409020373,1.765450666636692,1.7654506666366916,4.440892098500626e-16,26.83516693429437,0.3511732025120774,-0.0082569970500959,0.0036905160320294,1.0,1.0,0.0,96.78586782916682,0.0,-24.697508517159804,-70.32290864537032,1481.8612955627077,0.0613093730338153,1.7654506666366956,3.552713678800501e-15,0.5263095760751195,0.0,0.0,0.0,24.697508517159804,70.32290864537032,95.02041716253012,95.02041716253012,strong,1,3100,73100
100.0,0.004665164957684,60000.0,0.939165031337738,0.9343177829742434,-0.0048472483634947,0.0666068101512804,0.2580829520740965,3997.0,3325.0,3467.0,3759.0,0.0940455341506129,0.1325994495871904,5.3771387845267,2.561698164093405,2.815440620433295,2.815440620433295,0.0,42.26956093586735,0.3226792766588648,-0.0131344949228856,0.0082872465593909,1.0,1.0,0.0,105.61001034540824,0.0,-22.875166788457136,-79.9194029365178,1421.9577616700644,0.0691360555519356,2.815440620433293,2.220446049250313e-15,0.5328544812102433,0.0,0.0,0.0,22.875166788457136,79.9194029365178,102.79456972497492,102.79456972497492,strong,1,3100,73100
105.0,0.0046536596572292,60000.0,0.920603768348694,0.92024865732193,-0.0003551110267638,0.1122622314725542,0.3350555647538991,3777.0,3278.0,3423.0,3719.0,0.0984643897272967,0.0937251787132644,7.058062424372928,2.3913430209617683,4.66671940341116,4.66671940341116,0.0,41.56980795943001,0.2530680935214191,-0.0217173238192634,0.0213622127924995,1.0,1.0,0.0,99.67876298731426,0.0,-22.758119225048404,-72.2539243588547,1451.1245375066846,0.0642755679947045,4.66671940341115,9.769962616701378e-15,0.8980978517804341,0.0,0.0,0.0,22.758119225048404,72.2539243588547,95.01204358390312,95.01204358390312,strong,1,3100,73100
110.0,0.0046424589777348,60000.0,0.9112918294429778,0.9030766506671906,-0.0082151787757872,0.2546769908259233,0.5046553188324912,3649.0,3021.0,3193.0,3565.0,0.0976979994519046,0.1249657440394628,8.656288939479321,5.528478511340013,3.127810428139308,3.127810428139308,0.0,12.281480231079168,0.3897475605791958,-0.0145207316027678,0.0063055528269806,1.0,1.0,0.0,93.31805083565996,0.0,-17.08273100412066,-73.10750940339999,1495.3007442977969,0.0587416258208253,3.1278104281393126,4.440892098500626e-15,2.0374159266073866,0.0,0.0,0.0,17.08273100412066,73.10750940339999,90.19024040752063,90.19024040752063,strong,1,3100,73100
115.0,0.0046315478830482,60000.0,0.8811002107143404,0.8817661421775818,0.0006659314632413,0.0665098605552008,0.2578950572523655,3122.0,2607.0,2796.0,3188.0,0.1021140294682895,0.1044202434336963,4.579677617281952,2.283871342467471,2.295806274814481,2.295806274814481,0.0,34.51828429122989,0.332753704513656,-0.0106331366920058,0.0112990681552472,0.0,1.0,0.0,78.63699221750721,0.0,-15.62949864111306,-60.71168730157967,1371.6813620092353,0.0542205040626639,2.295806274814481,0.0,0.5320788844416071,0.0,0.0,0.0,15.62949864111306,60.71168730157967,76.34118594269273,76.34118594269273,strong,1,3100,73100
120.0,0.0046209124075087,60000.0,0.8690664421081543,0.8606714282035829,-0.0083950139045714,0.103913471501622,0.3223561252739306,3732.0,3161.0,3278.0,3520.0,0.0943193997856377,0.1216505894962486,6.369292725294564,3.4826234580424043,2.8866692672521594,2.8866692672521594,0.0,27.77954797908084,0.3534970652645967,-0.0133390458334197,0.0049440319288483,1.0,1.0,0.0,102.98237627896016,0.0,-25.850143514567208,-74.24556349714076,1458.8627862173598,0.0659363544811074,2.8866692672521737,1.4210854715202004e-14,0.8313077720129763,0.0,0.0,0.0,25.850143514567208,74.24556349714076,100.09570701170796,100.09570701170796,strong,1,3100,73100
125.0,0.0046105395574086,60000.0,0.8494340528011323,0.8479081629276276,-0.0015258898735046,0.0569565777366391,0.2386557724770953,3549.0,3059.0,3227.0,3577.0,0.1007889546351084,0.0907297830374753,4.687081521701774,1.6570958771378304,3.029985644563944,3.029985644563944,0.0,53.19816893799802,0.2611994862314103,-0.0139698686726423,0.0124439787991377,1.0,1.0,0.0,88.85110818693647,0.0,-23.91888998186414,-61.90223256050839,1493.6448380948605,0.0561461837521286,3.0299856445639435,4.440892098500626e-16,0.4556526218931128,0.0,0.0,0.0,23.91888998186414,61.90223256050839,85.82112254237254,85.82112254237254,strong,1,3100,73100
130.0,0.0046004172234895,60000.0,0.839453004360199,0.8297123706817627,-0.0097406336784362,0.1954755052803327,0.4421261192016739,3197.0,2719.0,2801.0,2967.0,0.0928057553956834,0.1238661244917109,7.175131099637571,2.848125337981246,4.3270057616563244,4.3270057616563244,0.0,22.135795251946966,0.2841516981738385,-0.0199060318320624,0.0101653981536261,1.0,1.0,0.0,79.94563742555329,0.0,-13.907335135415453,-61.71129652848151,1502.520327092916,0.0505196568002522,4.327005761656324,8.881784197001252e-16,1.5638040422426622,0.0,0.0,0.0,13.907335135415453,61.71129652848151,75.61863166389696,75.61863166389696,strong,1,3100,73100
135.0,0.0045905341030286,60000.0,0.8161384753704072,0.8230288964271545,0.0068904210567473,0.0789571375114299,0.2809931271604876,4096.0,3381.0,3552.0,3906.0,0.095361328125,0.1328125,3.969114301769767,3.4658875514670235,0.5032267503027432,0.503226750302743,2.220446049250313e-16,6.373416845689161,0.4661582632905689,-0.002310079558821,0.0092005006155683,0.0,1.0,1.31708899342442e-09,110.77805825072572,0.0,-37.170579424848256,-73.10425207557473,1627.766580757293,0.0637188460768736,0.5032267503027441,8.881784197001252e-16,0.6316571000914396,0.1284303497886963,0.0,0.0,37.170579424848256,73.10425207557473,110.274831500423,110.14640115063428,strong,1,3100,73100
140.0,0.0045808796302822,60000.0,0.8014835949420929,0.8006207648277281,-0.0008628301143647,0.0491603960534974,0.221721437965519,4202.0,3514.0,3640.0,3896.0,0.0927177534507377,0.1337458353165159,3.5902162714051897,2.1951148869989705,1.3951013844062192,1.3951013844062192,0.0,28.37856275380771,0.3794276985873487,-0.0063907915140049,0.0055279613996402,1.0,1.0,0.0,100.75798765625224,0.0,-23.48468647919981,-75.87819979264621,1549.3838791102098,0.0610601971172894,1.3951013844062032,1.5987211554602254e-14,0.3932831684279799,0.0,0.0,0.0,23.48468647919981,75.87819979264621,99.36288627184602,99.36288627184602,strong,1,3100,73100
145.0,0.0045714439142384,60000.0,0.7906051224231722,0.7866954492092133,-0.0039096732139588,0.0584113029481195,0.2416843043065054,4182.0,3455.0,3638.0,4012.0,0.0959349593495935,0.1300813008130081,5.349991738728395,2.2962259082276795,3.053765830500716,3.053765830500716,0.0,52.280392259235306,0.3003087296556091,-0.0139601192213517,0.0100504460073928,1.0,1.0,9.313225746154783e-10,124.06168773275569,0.0,-43.27537269904133,-77.73254920321364,1570.7675207298007,0.0732001119129264,3.0537658305007085,7.105427357601002e-15,0.4672904235849561,0.0,0.0,0.0,43.27537269904133,77.73254920321364,121.00792190225496,121.00792190225496,strong,1,3100,73100
150.0,0.0045622176827774,60000.0,0.7754246671199798,0.7721529818058014,-0.0032716853141784,0.0523746220699346,0.2288550241308559,4751.0,4008.0,4165.0,4489.0,0.0944853715007366,0.1233424542201642,4.302482687587883,2.596794401078725,1.705688286509158,1.7056882865091585,2.220446049250313e-16,32.567075791622734,0.3763864485663954,-0.0077817212620183,0.0045100359478399,1.0,1.0,0.0,128.07242162554758,0.0,-45.68611930381667,-80.68061403522175,1764.6938095893188,0.0676641518183387,1.705688286509158,0.0,0.418996976559477,0.0,0.0,0.0,45.68611930381667,80.68061403522175,126.36673333903842,126.36673333903842,strong,1,3100,73100
1.0,0.0049950273089797,60000.0,2.305176560688019,2.305176573133469,1.2445449559805866e-08,0.6123968140337203,0.7825578662525349,10.0,10.0,10.0,10.0,0.1,0.0,0.0197828621603548,0.0197828924283385,-3.026798367500305e-08,-3.026798367500305e-08,0.0,-4.9425442754404034e-08,0.5000003825022926,1.5118940504439334e-10,1.2294260154761472e-08,0.0,0.0,0.0,4.819339420646429,0.0,-0.3201025687158108,-4.499236882198602,2715.0156473446327,0.0017719234600986,-3.026798367500305e-08,0.0,4.899174512269762,4.899174542537746,0.079835091623333,0.0,0.3201025687158108,4.499236882198602,4.899174542537746,0.0,strong,1,3200,73200
5.0,0.0049756643332495,60000.0,2.297479500579834,2.295030547094345,-0.002448953485489,0.5412378282830328,0.7356886761960068,402.0,350.0,356.0,370.0,0.0920398009950248,0.1144278606965174,1.1810319625994197,0.268992691020685,0.9120392715787348,0.9120392715787348,0.0,1.6850989046201634,0.1855090465869824,-0.0045380012741171,0.0020890477886281,1.0,1.0,0.0,27.130571177694947,0.0,-1.5108288900228215,-24.70770301609339,2457.2996610830955,0.0109202387031841,0.9120392715787348,0.0,4.329902626264262,3.417863354685528,0.0,0.0,1.5108288900228215,24.70770301609339,26.21853190611621,22.80066855143068,strong,1,3200,73200
10.0,0.0049525712910726,60000.0,2.21391978135109,2.185965064144135,-0.0279547172069549,0.3429321538174575,0.5856040930675412,2998.0,2230.0,2400.0,2758.0,0.0919946631087391,0.1994663108739159,10.095653407715748,2.743701552088538,7.35195185562721,7.35195185562721,0.0,21.438502554475097,0.213694656832695,-0.0364110656935273,0.0084563484865723,1.0,1.0,0.0,88.41159016592428,0.0,-7.836388424397228,-73.22324988589985,1417.802745820749,0.0586978812069323,7.351951855627206,3.552713678800501e-15,2.74345723053966,0.0,0.0,0.0,7.836388424397228,73.22324988589985,81.05963831029707,81.05963831029707,strong,1,3200,73200
15.0,0.004930605096731,60000.0,2.0966679276943205,2.057004090213776,-0.0396638374805444,0.4202185591701276,0.6482426699702262,2975.0,2503.0,2655.0,2991.0,0.1005378151260504,0.1075630252100839,12.8013961549445,2.4600801290930603,10.34131602585144,10.34131602585144,0.0,24.609374812654828,0.1611954232544418,-0.0509889455039694,0.0113251080234249,1.0,1.0,0.0,91.79862363933351,0.0,-9.160458579848637,-72.29684903363345,1432.4751395808355,0.060224498941319,10.34131602585144,0.0,3.361748473361021,0.0,0.0,0.0,9.160458579848637,72.29684903363345,81.45730761348209,81.45730761348209,strong,1,3200,73200
20.0,0.0049096652228095,60000.0,1.8899244640350343,1.8600117170333863,-0.0299127470016482,0.3264115539451075,0.5713243859184619,2990.0,2562.0,2668.0,2898.0,0.0969230769230769,0.1076923076923076,10.165377002113043,2.6052497701837525,7.560127231929293,7.560127231929293,0.0,23.16133464197372,0.2040032816427849,-0.0371176937506187,0.0072049467489705,1.0,1.0,0.0,69.83350702736061,0.0,-5.748207945784088,-56.52517184964723,1299.0200348405417,0.0510160545970956,7.560127231929293,0.0,2.6112924315608605,0.0,0.0,0.0,5.748207945784088,56.52517184964723,62.27337979543132,62.27337979543132,strong,1,3200,73200
25.0,0.0048896638427146,60000.0,1.7431123996734623,1.7203370388984678,-0.0227753607749945,0.3136116182310635,0.5600103733245158,3319.0,2712.0,2885.0,3257.0,0.0981319674600783,0.1307622777945164,10.749011539874198,4.045029944190616,6.703981595683582,6.703981595683582,0.0,21.37670037066104,0.2734229147963158,-0.0327802164106384,0.0100048556356438,1.0,1.0,9.313225746154783e-10,82.7161231014179,0.0,-7.558609311585315,-68.453532194149,1260.9592438054278,0.0615596037098092,6.703981595683587,4.440892098500626e-15,2.508892945848508,0.0,0.0,0.0,7.558609311585315,68.453532194149,76.01214150573432,76.01214150573432,strong,1,3200,73200
30.0,0.0048705237912742,60000.0,1.6138013730049132,1.5895435616493223,-0.0242578113555906,0.2488157004757592,0.4988142945784125,2892.0,2476.0,2576.0,2816.0,0.097372060857538,0.1092669432918395,8.820777325078105,2.9036158903345264,5.917161434743578,5.917161434743578,0.0,23.781302479825044,0.2476559628277816,-0.0288196755447292,0.0045618641891385,1.0,1.0,0.0,68.86224626621697,0.0,-2.593435157090425,-60.35164967438297,1192.9704287630466,0.0545731994653094,5.917161434743576,1.7763568394002505e-15,1.990525603806074,0.0,0.0,0.0,2.593435157090425,60.35164967438297,62.9450848314734,62.9450848314734,strong,1,3200,73200
35.0,0.0048521769173698,60000.0,1.5034075104713442,1.4800256422042848,-0.0233818682670594,0.1995725316125701,0.4467354156685701,3114.0,2632.0,2744.0,2982.0,0.0957610789980732,0.1188182402055234,9.417652124763446,3.2369618615166296,6.180690263246817,6.180690263246816,8.881784197001252e-16,30.969644035209125,0.2557930147080022,-0.0299898026287385,0.006607934361679,1.0,1.0,0.0,87.71428667532746,0.0,-14.76161938524092,-66.77197702683972,1324.631028740073,0.0621054112743871,6.180690263246817,0.0,1.5965802529005608,0.0,0.0,0.0,14.76161938524092,66.77197702683972,81.53359641208064,81.53359641208064,strong,1,3200,73200
40.0,0.0048345627417287,60000.0,1.4208686017036445,1.402657385635376,-0.0182112160682681,0.1949065013072494,0.4414821642006044,3540.0,2941.0,3140.0,3548.0,0.1002259887005649,0.1129943502824858,10.53565841248736,3.190734772341113,7.344923640146248,7.344923640146248,0.0,37.68434398485126,0.2324525262665339,-0.0355094941714937,0.0172982781032255,1.0,1.0,0.0,107.73562590620712,0.0,-24.815877109154822,-75.57482515690606,1284.300576574674,0.0773942701448433,7.344923640146248,0.0,1.5592520104579952,0.0,0.0,0.0,24.815877109154822,75.57482515690606,100.39070226606088,100.39070226606088,strong,1,3200,73200
45.0,0.0048176273546297,60000.0,1.3534399472236631,1.3425090885162354,-0.0109308587074279,0.1635178690682569,0.4043734277474929,2696.0,2179.0,2268.0,2458.0,0.0911721068249258,0.158753709198813,6.2379921005815415,3.173254335151828,3.064737765429713,3.064737765429713,0.0,18.742525100730163,0.3371768401583199,-0.014764764493501,0.0038339057860731,1.0,1.0,0.0,66.07418898347532,0.0,-1.1472817733947522,-61.86216944465086,1128.8447044333338,0.0552959613807256,3.064737765429712,1.7763568394002505e-15,1.3081429525460553,0.0,0.0,0.0,1.1472817733947522,61.86216944465086,63.00945121804561,63.00945121804561,strong,1,3200,73200
50.0,0.004801322503961,60000.0,1.2887859090805056,1.284833199596405,-0.0039527094841005,0.1524619725845965,0.3904637916434718,3329.0,2795.0,2907.0,3137.0,0.0942325022529288,0.1267647942325022,7.703207900749931,3.883566258598052,3.819641642151879,3.819641642151879,0.0,25.053077678320577,0.3351723443634108,-0.0183393313735307,0.0143866218894301,1.0,1.0,0.0,87.74134742299793,0.0,-14.55425849969015,-69.3674472811559,1265.7642702276462,0.064825255454274,3.819641642151879,0.0,1.2196957806767723,0.0,0.0,0.0,14.55425849969015,69.3674472811559,83.92170578084605,83.92170578084605,strong,1,3200,73200
55.0,0.0047856048355997,60000.0,1.24252514667511,1.2257466923713682,-0.0167784543037416,0.2431900448648764,0.4931430267831802,3164.0,2721.0,2824.0,3036.0,0.0959544879898862,0.1074589127686472,9.721997873464122,3.995193959451456,5.726803914012667,5.726803914012667,0.0,23.548677402459663,0.2912545080739226,-0.0274062205034303,0.0106277661996886,1.0,1.0,0.0,92.95078213879606,0.0,-9.030041646632526,-78.19393657815087,1245.8948443492409,0.0694260639911248,5.726803914012663,3.552713678800501e-15,1.9455203589190115,0.0,0.0,0.0,9.030041646632526,78.19393657815087,87.2239782247834,87.2239782247834,strong,1,3200,73200
60.0,0.0047704352566433,60000.0,1.1981811567306515,1.186158499622345,-0.0120226571083064,0.1531311881701639,0.3913198029363757,3742.0,3028.0,3162.0,3440.0,0.0919294494922501,0.1549973276322822,7.172981686734282,3.31458781156168,3.8583938751726015,3.8583938751726015,0.0,25.19665602597584,0.3160491868111328,-0.0184062181761401,0.0063835610678337,1.0,1.0,0.0,100.55491904742668,0.0,-16.588429089089914,-80.10809608316416,1390.9627444752414,0.067417853309183,3.8583938751725952,7.105427357601002e-15,1.2250495053613115,0.0,0.0,0.0,16.588429089089914,80.10809608316416,96.69652517225408,96.69652517225408,strong,1,3200,73200
65.0,0.0047557783984597,60000.0,1.158182463645935,1.1482469143867493,-0.0099355492591857,0.1215708506648323,0.348670117252443,2714.0,2261.0,2352.0,2546.0,0.0938098747236551,0.133382461311717,5.300646241289872,2.287062175322341,3.013584065967531,3.013584065967531,0.0,24.78870592323075,0.3014167189549802,-0.0143319380028707,0.004396388743685,1.0,1.0,0.0,78.0530616940814,0.0,-8.053554895439447,-66.98592273267442,1244.1802303017812,0.0590312331164065,3.0135840659675357,4.440892098500626e-15,0.9725668053186588,0.0,0.0,0.0,8.053554895439447,66.98592273267442,75.03947762811387,75.03947762811387,strong,1,3200,73200
70.0,0.0047416021613943,60000.0,1.12309990401268,1.1132416683197022,-0.0098582356929779,0.1547782099096671,0.3934186191700478,3294.0,2866.0,2958.0,3152.0,0.0956891317547055,0.1020036429872495,6.549509161584931,2.8114529696972954,3.7380561918876354,3.7380561918876354,0.0,24.151049389117947,0.3003380347306451,-0.0177243753188678,0.0078661396258899,1.0,1.0,0.0,86.6491169204528,0.0,-8.435462609550086,-74.47559811901507,1158.080079757692,0.0696128259477615,3.7380561918876367,1.3322676295501878e-15,1.238225679277337,0.0,0.0,0.0,8.435462609550086,74.47559811901507,82.91106072856516,82.91106072856516,strong,1,3200,73200
75.0,0.0047278773267132,60000.0,1.0775459515571597,1.0739951203346252,-0.0035508312225343,0.0834852914230485,0.2889382138503811,4522.0,3626.0,3814.0,4200.0,0.0928792569659442,0.1565678903140203,5.33736519266418,3.1987586559492343,2.1386065367149456,2.1386065367149456,0.0,25.61656670607873,0.3747319875717164,-0.0101110693556954,0.0065602381331611,1.0,1.0,9.313225746154783e-10,123.5245707895956,0.0,-36.05603822854391,-85.32992602433674,1467.2471724514437,0.0776507197304916,2.1386065367149456,0.0,0.6678823313843884,0.0,0.0,0.0,36.05603822854391,85.32992602433674,121.38596425288064,121.38596425288064,strong,1,3200,73200
80.0,0.0047145772242381,60000.0,1.0453719234466554,1.0420971086502075,-0.0032748147964478,0.0987549552660169,0.3142530115464558,3486.0,2954.0,3130.0,3500.0,0.1004016064257028,0.102122776821572,5.289967980808786,2.745196449740515,2.544771531068271,2.544771531068271,0.0,25.768545226043614,0.3416478248165542,-0.011997521901264,0.0087227071048162,1.0,1.0,0.0,87.62463049773942,0.0,-20.65213704137113,-64.4277219253,1571.845262198072,0.0528027841200499,2.544771531068278,7.105427357601002e-15,0.7900396421281354,0.0,0.0,0.0,20.65213704137113,64.4277219253,85.07985896667114,85.07985896667114,strong,1,3200,73200
85.0,0.0047016774463746,60000.0,1.0240407634735107,1.007006979751587,-0.0170337837219236,0.264417670630549,0.5142155876969785,4027.0,3255.0,3425.0,3785.0,0.0939905636950583,0.1494909361807797,10.0739786946001,4.66514007067515,5.40883862392495,5.40883862392495,0.0,20.455662479087167,0.316514178694728,-0.0254306145691878,0.0083968308472642,1.0,1.0,9.313225746154783e-10,117.75780900381504,0.0,-28.88525388463131,-83.46371649525881,1501.0897218034586,0.0727417540953301,5.408838623924936,1.4210854715202004e-14,2.115341365044392,0.0,0.0,0.0,28.88525388463131,83.46371649525881,112.34897037989012,112.34897037989012,strong,1,3200,73200
90.0,0.0046891556009951,60000.0,0.9846460870742798,0.9773194862365724,-0.0073266008377075,0.1254209691771013,0.3541482305152763,3298.0,2790.0,2934.0,3252.0,0.098605215281989,0.110369921164342,5.667101237895784,2.74306495163867,2.9240362862571136,2.924036286257114,4.440892098500626e-16,23.313775243820785,0.3261606120283472,-0.0137112611292155,0.006384660291508,1.0,1.0,0.0,91.31539849739056,0.0,-21.00369475925254,-67.3876674518809,1332.0223867759523,0.0641558170113878,2.9240362862571203,6.661338147750939e-15,1.0033677534168104,0.0,0.0,0.0,21.00369475925254,67.3876674518809,88.39136221113344,88.39136221113344,strong,1,3200,73200
95.0,0.0046769910970246,60000.0,0.9572978247642516,0.9557283197879792,-0.0015695049762725,0.0778934014563828,0.2790938936207363,3209.0,2799.0,2899.0,3105.0,0.0967591149890931,0.0966033032097226,4.841861322574911,2.086774918817947,2.755086403756964,2.755086403756964,0.0,35.369958844327776,0.301181191523838,-0.0128855145819048,0.0113160096056323,1.0,1.0,0.0,84.96916582691483,0.0,-18.306867330204117,-63.90721209295376,1440.5182583180977,0.0556996829223534,2.755086403756956,7.993605777301127e-15,0.623147211651063,0.0,0.0,0.0,18.306867330204117,63.90721209295376,82.21407942315787,82.21407942315787,strong,1,3200,73200
100.0,0.004665164957684,60000.0,0.9349961195468904,0.9265601123332976,-0.0084360072135926,0.1484169121634747,0.3852491559542664,3103.0,2677.0,2771.0,2969.0,0.0956815984531098,0.1069932323557847,6.133567500559771,3.245262034437264,2.8883054661225067,2.8883054661225067,0.0,19.460757025730096,0.3460199401564547,-0.0134744214476419,0.0050384142340493,1.0,1.0,0.0,75.70789561083075,0.0,-10.7439131328465,-62.075677011861735,1379.3028951510723,0.0520325320550969,2.8883054661225103,3.552713678800501e-15,1.1873352973077975,0.0,0.0,0.0,10.7439131328465,62.075677011861735,72.81959014470823,72.81959014470823,strong,1,3200,73200
105.0,0.0046536596572292,60000.0,0.9104139422416688,0.9039155066967012,-0.0064984355449677,0.0948188931162956,0.3079267658328773,3271.0,2828.0,2941.0,3175.0,0.0970651177010088,0.1008865790278202,4.938969521396686,2.5801438177684304,2.358825703628256,2.358825703628256,0.0,24.877169792892943,0.3431446902561142,-0.0109771720154102,0.0044787364704424,1.0,1.0,0.0,73.11710240173852,0.0,-10.162739697261712,-60.59553700084855,1409.018462164056,0.0493322636267478,2.358825703628256,0.0,0.7585511449303655,0.0,0.0,0.0,10.162739697261712,60.59553700084855,70.75827669811027,70.75827669811027,strong,1,3200,73200
110.0,0.0046424589777348,60000.0,0.8978835621833802,0.8852641393184663,-0.0126194228649139,0.215106148606659,0.4637953736365414,4447.0,3744.0,3901.0,4231.0,0.0951427928940859,0.1227794018439397,9.845599942601073,4.459700965774478,5.385898976826595,5.385898976826595,0.0,25.038331129600557,0.3117516362877335,-0.0250038150581413,0.0123843921932274,1.0,1.0,9.313225746154783e-10,136.5600580906903,0.0,-44.99064902770988,-86.18351008615383,1616.2380362097974,0.0779097481533885,5.3858989768265815,1.3322676295501878e-14,1.7208491888532726,0.0,0.0,0.0,44.99064902770988,86.18351008615383,131.1741591138637,131.1741591138637,strong,1,3200,73200
115.0,0.0046315478830482,60000.0,0.8646320478439331,0.8596990985393524,-0.0049329493045806,0.0777308896625723,0.2788025998131516,3285.0,2786.0,2867.0,3035.0,0.0923896499238965,0.1272450532724505,4.052756575601601,2.0842415556152503,1.9685150199863504,1.9685150199863504,0.0,25.32474578036634,0.3396190631073216,-0.0091172715735664,0.0041843222689857,1.0,1.0,1.31708899342442e-09,69.96784624760039,0.0,-7.394581490671953,-60.60474973694209,1275.3681229638642,0.0520077124590746,1.9685150199863488,1.7763568394002505e-15,0.6218471173005787,0.0,0.0,0.0,7.394581490671953,60.60474973694209,67.99933122761405,67.99933122761405,strong,1,3200,73200
120.0,0.0046209124075087,60000.0,0.8488488754749298,0.8461113774776459,-0.0027374979972839,0.0820048069691459,0.2863648144747289,3810.0,3070.0,3180.0,3406.0,0.0893963254593175,0.1653543307086614,4.754685693402321,2.7767667768264546,1.9779189165758664,1.9779189165758664,0.0,24.11954847134818,0.3686894112128822,-0.0091397900626517,0.0064022920653677,1.0,1.0,0.0,100.86625941839884,0.0,-22.37945319558912,-76.50888730623385,1470.9339084091334,0.0641724447439214,1.9779189165758737,7.549516567451064e-15,0.6560384557531674,0.0,0.0,0.0,22.37945319558912,76.50888730623385,98.88834050182297,98.88834050182297,strong,1,3200,73200
125.0,0.0046105395574086,60000.0,0.8245371985435485,0.839509190607071,0.0149719920635225,0.0465884919970103,0.215843674906193,4683.0,3665.0,4007.0,4701.0,0.1003843689942344,0.1443519111680546,3.428837177041814,2.1888592146588266,1.2399779623829872,1.2399779623829872,0.0,26.61554193388699,0.3896364385039675,-0.0057169674458817,0.0206889595094042,0.0,1.0,0.0,120.25870907775244,0.0,-34.67337689175474,-84.3453542236147,1660.5226042269896,0.0675314302656166,1.23997796238298,7.105427357601002e-15,0.3727079359760827,0.0,0.0,0.0,34.67337689175474,84.3453542236147,119.01873111536943,119.01873111536943,strong,1,3200,73200
130.0,0.0046004172234895,60000.0,0.8184052531242371,0.8080959788322448,-0.0103092742919922,0.2498768540051731,0.4998768388365009,3833.0,3202.0,3381.0,3751.0,0.0978606835376989,0.1179232976780589,8.824769791359346,3.3006036152797584,5.524166176079588,5.524166176079587,8.881784197001252e-16,22.10755453150223,0.2722063481750221,-0.0254134692218551,0.0151041949298628,1.0,1.0,9.313225746154783e-10,91.11311557364388,0.0,-10.642870787387436,-74.94607861017685,1474.5333671679236,0.0581952034370478,5.524166176079589,1.7763568394002505e-15,1.9990148320413852,0.0,0.0,0.0,10.642870787387436,74.94607861017685,85.58894939756429,85.58894939756429,strong,1,3200,73200
135.0,0.0045905341030286,60000.0,0.7966530855655669,0.8171434983253478,0.0204904127597809,0.0987883755772646,0.3143061812584421,4076.0,3391.0,3678.0,4274.0,0.1048577036310108,0.0976447497546614,6.782805939632086,2.506171509363492,4.276634430268594,4.276634430268594,0.0,43.29086702031798,0.2698005806478177,-0.0196320361983344,0.0401224489581153,0.0,1.0,9.313225746154783e-10,98.93658635002794,0.0,-24.779752999398625,-69.88019892036073,1529.8857225983284,0.0607411783387876,4.276634430268587,7.105427357601002e-15,0.7903070046181174,0.0,0.0,0.0,24.779752999398625,69.88019892036073,94.65995191975937,94.65995191975937,strong,1,3200,73200
140.0,0.0045808796302822,60000.0,0.7847341764450073,0.7843395894527436,-0.0003945869922636,0.1001698048963136,0.3164961372533852,4155.0,3484.0,3621.0,3905.0,0.0939831528279181,0.1285198555956679,5.381327545565202,3.7493085227999856,1.632019022765216,1.632019022765216,0.0,16.2925247229395,0.4106294999304783,-0.0074760826976182,0.0070814957053546,1.0,1.0,0.0,109.63918949943036,0.0,-29.65918335697279,-78.34798711969235,1599.5685960812625,0.064146202951083,1.6320190227652205,4.440892098500626e-15,0.8013584391705091,0.0,0.0,0.0,29.65918335697279,78.34798711969235,108.00717047666514,108.00717047666514,strong,1,3200,73200
145.0,0.0045714439142384,60000.0,0.7652456487178803,0.763712160730362,-0.0015334879875182,0.083874774008558,0.2896114189885441,2640.0,2330.0,2404.0,2570.0,0.0973484848484848,0.0893939393939393,3.0949960344596352,2.5008433414266467,0.5941526930329886,0.5941526930329886,0.0,7.083806782863758,0.4469112091035596,-0.002716135712694,0.0011826477251757,1.0,1.0,0.0,55.59021332679549,0.0,-5.631525043621878,-49.36453559014063,1442.2089678012026,0.0371145972218587,0.5941526930329886,0.0,0.6709981920684647,0.0768454990354761,0.0,0.0,5.631525043621878,49.36453559014063,54.9960606337625,54.91921513472703,strong,1,3200,73200
150.0,0.0045622176827774,60000.0,0.752145391368866,0.7493657246112824,-0.0027796667575836,0.0692042266674585,0.2630669623260558,4089.0,3263.0,3381.0,3619.0,0.0885057471264367,0.173147468818782,4.286821354626659,2.9794729398476214,1.307348414779038,1.307348414779038,0.0,18.891164279042293,0.4100402239575389,-0.0059644080554559,0.0031847412978722,1.0,1.0,0.0,105.8900730111054,0.0,-23.918680918528025,-80.66404367779835,1581.146631141819,0.0627669052786102,1.3073484147790424,4.440892098500626e-15,0.553633813339668,0.0,0.0,0.0,23.918680918528025,80.66404367779835,104.58272459632636,104.58272459632636,strong,1,3200,73200
1.0,0.0049950273089797,60000.0,2.305176560688019,2.305176573133469,1.2445450003895075e-08,0.61239682553013,0.7825578735979404,10.0,10.0,10.0,10.0,0.1,0.0,0.0197829478420317,0.0197831033729016,-1.555308699607849e-07,-1.555308699607849e-07,0.0,-2.539707318471931e-07,0.5000019654585837,7.76880942843498e-10,1.1668569061051576e-08,0.0,0.0,0.0,4.187138024717569,0.0,0.311961617320776,-4.499099797569215,2379.192217230591,0.0017568072054853,-1.555308699607849e-07,0.0,4.89917460424104,4.89917475977191,0.7120365795234704,0.0,0.0,4.499099797569215,5.211136377092686,0.311961617320776,strong,1,3300,73300
5.0,0.0049756643332495,60000.0,2.294399197387696,2.295132807683945,0.0007336102962494,0.5729664492853505,0.7569454731256079,783.0,727.0,739.0,773.0,0.0987228607918263,0.0561941251596423,2.7280770607252123,0.5282396981804709,2.1998373625447414,2.1998373625447414,0.0,3.839382507105877,0.1622199980194773,-0.0109456523037636,0.011679262600013,0.0,1.0,0.0,46.85721450019628,0.0,-1.379801600240171,-43.277575537411366,2449.0062608602284,0.0187739493617252,2.1998373625447414,0.0,4.583731594282804,2.3838942317380623,0.0,0.0,1.379801600240171,43.277575537411366,44.65737713765154,42.27348290591348,strong,1,3300,73300
10.0,0.0049525712910726,60000.0,2.2254092994213104,2.213153248310089,-0.0122560511112213,0.3637587842832477,0.6031241864518846,2259.0,1932.0,1977.0,2071.0,0.0916777335104028,0.1248339973439575,7.164968128778646,4.3406494102387,2.8243187185399465,2.8243187185399465,0.0,7.764262584352429,0.3772634885106236,-0.0139876398022799,0.0017315886910586,1.0,1.0,0.0,65.23497709596995,0.0,-3.3734179664752446,-59.03724041095476,1591.5165655475266,0.0393752324454647,2.824318718539949,2.664535259100376e-15,2.9100702742659816,0.0857515557260351,0.0,0.0,3.3734179664752446,59.03724041095476,62.41065837743,62.32490682170397,strong,1,3300,73300
15.0,0.004930605096731,60000.0,2.0827708444118502,2.06728674492836,-0.0154840994834901,0.3445409981549598,0.5869761478586331,3621.0,3158.0,3279.0,3551.0,0.0980668323667495,0.0944490472245236,11.76769463366812,3.433548192020652,8.33414644164747,8.33414644164747,0.0,24.18912839481334,0.2258728599623614,-0.0410923849220898,0.0256082854385996,1.0,1.0,0.0,112.63189382327256,0.0,-13.879551745740171,-90.4181956358849,1417.2714795715,0.0736202663396633,8.334146441647476,7.105427357601002e-15,2.7563279852396785,0.0,0.0,0.0,13.879551745740171,90.4181956358849,104.29774738162509,104.29774738162509,strong,1,3300,73300
20.0,0.0049096652228095,60000.0,1.9148170658111572,1.8716285017013552,-0.0431885641098022,0.362088697052809,0.6017380634900945,3961.0,3183.0,3381.0,3829.0,0.0966675082049987,0.1464276697803584,14.34454361719063,3.598165493923162,10.746378123267467,10.746378123267467,0.0,29.67885551450991,0.2005363555548277,-0.0527611189429677,0.0095725548331655,1.0,1.0,0.0,105.6443070792011,0.0,-16.54199954203841,-78.35592941389523,1495.6239692055424,0.0659753950314413,10.746378123267462,7.105427357601002e-15,2.8967095764224724,0.0,0.0,0.0,16.54199954203841,78.35592941389523,94.89792895593364,94.89792895593364,strong,1,3300,73300
25.0,0.0048896638427146,60000.0,1.732169902992249,1.7095084081649785,-0.0226614948272707,0.2708511638382798,0.5204336305796157,3480.0,2914.0,3064.0,3396.0,0.0975862068965517,0.1195402298850575,9.494574531797962,3.801419949480748,5.693154582317215,5.693154582317215,0.0,21.019494624422183,0.2859071545820283,-0.0278376121121416,0.0051761172848709,1.0,1.0,9.313225746154783e-10,89.84748989634681,0.0,-15.299107129161712,-68.85522818486788,1377.1146951206629,0.0612473114944711,5.69315458231722,5.3290705182007506e-15,2.1668093107062387,0.0,0.0,0.0,15.299107129161712,68.85522818486788,84.1543353140296,84.1543353140296,strong,1,3300,73300
30.0,0.0048705237912742,60000.0,1.6076204023361207,1.5900144178390505,-0.0176059844970704,0.2143762536597557,0.4630078332596067,3563.0,2987.0,3227.0,3733.0,0.1047712601740106,0.0943025540275048,9.520606483780115,3.364917956607842,6.155688527172275,6.155688527172274,8.881784197001252e-16,28.714414129757994,0.2611393872383614,-0.0299814274232666,0.0123754429261962,1.0,1.0,0.0,91.695717114344,0.0,-12.520859879899715,-73.01916870727202,1443.3608386690344,0.0597344226627203,6.155688527172273,1.7763568394002505e-15,1.715010029278046,0.0,0.0,0.0,12.520859879899715,73.01916870727202,85.54002858717173,85.54002858717173,strong,1,3300,73300
35.0,0.0048521769173698,60000.0,1.5218178525924682,1.4923844223976137,-0.0294334301948544,0.3091584338823527,0.5560201739886357,3428.0,2863.0,3046.0,3442.0,0.1004084014002333,0.1114352392065344,11.963092105332908,3.749728536521519,8.213363568811388,8.21336356881139,1.7763568394002505e-15,26.566842979728985,0.2386413376687647,-0.0398526931225527,0.0104192629276982,1.0,1.0,0.0,88.59870679079904,0.0,-5.371943145997648,-75.01340007599,1271.5078766072747,0.0651410028245324,8.213363568811388,0.0,2.4732674710588216,0.0,0.0,0.0,5.371943145997648,75.01340007599,80.38534322198765,80.38534322198765,strong,1,3300,73300
40.0,0.0048345627417287,60000.0,1.4279535948753357,1.416619526195526,-0.0113340686798095,0.1871803075299375,0.4326433953383983,2838.0,2434.0,2524.0,2714.0,0.095630725863284,0.1106412966878083,5.952123202773556,3.301857227777923,2.6502659749956337,2.6502659749956337,0.0,14.158893154782058,0.3568039993770716,-0.0128128771383852,0.0014788084585757,1.0,1.0,0.0,71.24685718736146,0.0,-7.382610725682753,-61.21398048668307,1280.7582822488666,0.0526971792555985,2.6502659749956337,0.0,1.497442460239501,0.0,0.0,0.0,7.382610725682753,61.21398048668307,68.59659121236582,68.59659121236582,strong,1,3300,73300
45.0,0.0048176273546297,60000.0,1.3614387441635132,1.3485550036430365,-0.0128837405204769,0.1831398164831785,0.4279483806292279,2957.0,2570.0,2653.0,2825.0,0.0955360162326682,0.102806898884004,7.104732699700442,3.130034983402608,3.9746977162978334,3.9746977162978334,0.0,21.7030779686454,0.3058237451320069,-0.0191486124444208,0.0062648719239439,1.0,1.0,0.0,78.9785209310503,0.0,-10.07609040911484,-64.92773280563762,1168.6400657992044,0.0633034180246034,3.97469771629784,5.3290705182007506e-15,1.4651185318654285,0.0,0.0,0.0,10.07609040911484,64.92773280563762,75.00382321475246,75.00382321475246,strong,1,3300,73300
50.0,0.004801322503961,60000.0,1.2953926876068118,1.28173474817276,-0.0136579394340519,0.1153332681019452,0.339607520679306,3328.0,2627.0,2764.0,3050.0,0.0916466346153846,0.1694711538461538,6.342488987175358,2.625586149065498,3.71690283810986,3.71690283810986,0.0,32.227499482841495,0.2927703112628095,-0.0178460492416537,0.0041881098076018,1.0,1.0,0.0,90.91031090065373,0.0,-14.729718499008412,-72.46368956353544,1352.006532198384,0.0630045392674191,3.71690283810986,0.0,0.922666144815562,0.0,0.0,0.0,14.729718499008412,72.46368956353544,87.19340806254385,87.19340806254385,strong,1,3300,73300
55.0,0.0047856048355997,60000.0,1.2398172770500182,1.2359558192253113,-0.0038614578247069,0.1161960619154577,0.3408754346025213,4184.0,3470.0,3734.0,4272.0,0.1021032504780114,0.1075525812619503,7.726005031830162,3.044057188210232,4.68194784361993,4.68194784361993,0.0,40.29351568753194,0.2826406315969096,-0.0224059522404531,0.0185444944157462,1.0,1.0,0.0,117.7301959117176,0.0,-27.727999273640307,-85.32024879445737,1489.3084472698092,0.0732590945533467,4.681947843619923,7.105427357601002e-15,0.929568495323662,0.0,0.0,0.0,27.727999273640307,85.32024879445737,113.04824806809768,113.04824806809768,strong,1,3300,73300
60.0,0.0047704352566433,60000.0,1.1934924769401551,1.1898232195854188,-0.0036692573547363,0.1037446664739263,0.3220941888235898,3374.0,2745.0,2860.0,3110.0,0.0921754593953764,0.1523414344991108,5.045275716110995,3.382257321168451,1.6630183949425437,1.6630183949425437,0.0,16.029917020943934,0.4013342108784307,-0.0079333215836803,0.004264064228944,1.0,1.0,0.0,94.36665524335694,0.0,-22.896927096138825,-69.80670975227557,1356.6810007522372,0.0650334638241843,1.6630183949425543,1.0658141036401504e-14,0.8299573317914108,0.0,0.0,0.0,22.896927096138825,69.80670975227557,92.7036368484144,92.7036368484144,strong,1,3300,73300
65.0,0.0047557783984597,60000.0,1.1608026697158813,1.157296302843094,-0.0035063668727872,0.1463438483264972,0.3825491449820495,3797.0,3181.0,3303.0,3549.0,0.0934685277850935,0.1301027126678957,7.057724595898577,3.591902979714024,3.465821616184553,3.465821616184553,0.0,23.68272842225803,0.3372796798959804,-0.0164826795751652,0.0129763127023779,1.0,1.0,0.0,103.78024045086931,0.0,-20.793229600228187,-79.52118923445657,1330.3832862713691,0.0723629059846875,3.465821616184556,2.664535259100376e-15,1.1707507866119775,0.0,0.0,0.0,20.793229600228187,79.52118923445657,100.31441883468476,100.31441883468476,strong,1,3300,73300
70.0,0.0047416021613943,60000.0,1.1226644734859468,1.1113837700366975,-0.0112807034492492,0.1476353308492859,0.3842334327583767,3902.0,3134.0,3312.0,3676.0,0.0942080984110712,0.1512045105074321,7.471718858992913,3.9853081748130776,3.486410684179836,3.486410684179836,0.0,23.615015891683477,0.347848369655908,-0.0165311724356153,0.0052504689863661,1.0,1.0,0.0,108.0354748654645,0.0,-29.09648005244253,-75.45258412884213,1475.3379809886428,0.0682312024785003,3.4864106841798304,5.3290705182007506e-15,1.181082646794288,0.0,0.0,0.0,29.09648005244253,75.45258412884213,104.54906418128466,104.54906418128466,strong,1,3300,73300
75.0,0.0047278773267132,60000.0,1.0897884528636934,1.083515305709839,-0.0062731471538544,0.1450446086112333,0.3808472247650406,3459.0,3056.0,3169.0,3403.0,0.0983810349812084,0.0838392599017057,7.47108224580488,2.2740494000727054,5.197032845732174,5.197032845732174,0.0,35.83058271170843,0.2333523530217963,-0.0245709337575213,0.0182977866036669,1.0,1.0,0.0,93.51401128689758,0.0,-12.990462091020165,-75.32651635014524,1389.9949529857531,0.0630356900692855,5.197032845732181,7.105427357601002e-15,1.1603568688898669,0.0,0.0,0.0,12.990462091020165,75.32651635014524,88.3169784411654,88.3169784411654,strong,1,3300,73300
80.0,0.0047145772242381,60000.0,1.0514806376934054,1.046583742427826,-0.0048968952655794,0.0949483716949238,0.3081369365962539,4074.0,3215.0,3360.0,3660.0,0.0898379970544919,0.1752577319587629,4.648517525692921,2.654193817439179,1.9943237082537424,1.9943237082537424,0.0,21.004296046925937,0.3634532015201914,-0.0094023931326912,0.0045054978671117,1.0,1.0,9.313225746154783e-10,105.41600983589888,0.0,-22.963533785688924,-80.45815234195621,1364.6370709588336,0.0717089819497602,1.994323708253745,2.664535259100376e-15,0.7595869735593904,0.0,0.0,0.0,22.963533785688924,80.45815234195621,103.42168612764512,103.42168612764512,strong,1,3300,73300
85.0,0.0047016774463746,60000.0,1.0331177437782288,1.0325589138507845,-0.0005588299274443,0.1069481084963205,0.3270292165790704,3209.0,2697.0,2827.0,3095.0,0.0964474914303521,0.1190401994390776,4.436604625499473,2.56989670282268,1.8667079226767929,1.8667079226767929,0.0,17.45433321750627,0.366787442462113,-0.0087766585390183,0.0082178286115739,1.0,1.0,0.0,82.33995170608978,0.0,-14.596421455263226,-65.87682232814976,1236.799368805864,0.0624194506416,1.8667079226767955,2.664535259100376e-15,0.8555848679705645,0.0,0.0,0.0,14.596421455263226,65.87682232814976,80.47324378341298,80.47324378341298,strong,1,3300,73300
90.0,0.0046891556009951,60000.0,1.002739693927765,0.9977518837928772,-0.0049878101348879,0.0983975305638815,0.3136838066650581,3552.0,2950.0,3062.0,3294.0,0.0927364864864864,0.1379504504504504,5.023195500389312,3.201964079757488,1.821231420631824,1.821231420631824,4.440892098500626e-16,18.508913894434016,0.3892889917280292,-0.008540037516764,0.0035522273818761,1.0,1.0,0.0,105.10082984052131,0.0,-32.12003535426811,-71.1595630656214,1459.2456141283242,0.0671851367999238,1.8212314206318183,5.3290705182007506e-15,0.7871802445110526,0.0,0.0,0.0,32.12003535426811,71.1595630656214,103.27959841988952,103.27959841988952,strong,1,3300,73300
95.0,0.0046769910970246,60000.0,0.9738870344161988,0.9625884106636048,-0.011298623752594,0.1139720824211311,0.3375975154249971,4273.0,3609.0,3767.0,4095.0,0.0958343084483969,0.1184179733208519,8.216732440847325,2.800879752482011,5.415852688365314,5.415852688365314,0.0,47.51911672854701,0.2542184008053774,-0.0253298948062813,0.0140312710536873,1.0,1.0,0.0,120.47415746477782,0.0,-33.52077021100558,-81.53753456540692,1535.8485995274625,0.0727359187430051,5.41585268836532,5.3290705182007506e-15,0.9117766593690496,0.0,0.0,0.0,33.52077021100558,81.53753456540692,115.0583047764125,115.0583047764125,strong,1,3300,73300
100.0,0.004665164957684,60000.0,0.947873791742325,0.9403496807098388,-0.007524111032486,0.1256768325759594,0.3545092841886647,2862.0,2491.0,2556.0,2690.0,0.093990216631726,0.1069182389937106,5.133736103723333,2.392631152949836,2.7411049507734973,2.7411049507734973,0.0,21.81074184151456,0.3178998674066079,-0.0127877067616827,0.0052635957291966,1.0,1.0,0.0,72.41075552112306,0.0,-5.803993182562408,-63.86565738778716,1182.20556793387,0.0577154578395063,2.7411049507734973,0.0,1.0054146606076753,0.0,0.0,0.0,5.803993182562408,63.86565738778716,69.66965057034957,69.66965057034957,strong,1,3300,73300
105.0,0.0046536596572292,60000.0,0.9314971219062806,0.9306498682498932,-0.0008472536563873,0.1744094367542953,0.4176235586677257,3848.0,3061.0,3260.0,3672.0,0.0954261954261954,0.1528066528066528,6.568899942502771,3.67173722382248,2.897162718680291,2.897162718680291,0.0,16.611272718928383,0.3585457783717227,-0.013482409264351,0.0126351556079636,1.0,1.0,0.0,117.80723831121576,0.0,-42.640987624650734,-72.26908796788474,1448.6448610000843,0.0752064096712631,2.897162718680292,8.881784197001252e-16,1.3952754940343626,0.0,0.0,0.0,42.640987624650734,72.26908796788474,114.91007559253548,114.91007559253548,strong,1,3300,73300
110.0,0.0046424589777348,60000.0,0.9025744767665864,0.8982695873260498,-0.0043048894405365,0.088671668973349,0.2977778852993437,4064.0,3284.0,3422.0,3704.0,0.0911417322834645,0.1579724409448819,4.90706175560649,2.6488608106219864,2.2582009449845035,2.258200944984503,4.440892098500626e-16,25.466994939085023,0.3505674902574021,-0.0104836052505725,0.006178715810036,1.0,1.0,0.0,104.88998518136214,0.0,-24.11617755639236,-78.51560667998527,1417.1771792815252,0.0689128493343302,2.258200944984509,5.3290705182007506e-15,0.7093733517867926,0.0,0.0,0.0,24.11617755639236,78.51560667998527,102.63178423637764,102.63178423637764,strong,1,3300,73300
115.0,0.0046315478830482,60000.0,0.8830595051288606,0.8843992748260499,0.0013397696971892,0.1230385023526321,0.3507684454916549,4750.0,3735.0,4050.0,4684.0,0.0986105263157894,0.1473684210526316,7.20423297970849,3.615452428486496,3.588780551221993,3.588780551221993,0.0,29.16794728967392,0.3341550416750657,-0.0166216089647369,0.0179613786619262,0.0,1.0,9.313225746154783e-10,134.23458713426953,0.0,-38.22521766880709,-92.42058891424044,1535.4952871019395,0.0803929960201933,3.588780551221987,6.217248937900877e-15,0.9843080188210568,0.0,0.0,0.0,38.22521766880709,92.42058891424044,130.64580658304754,130.64580658304754,strong,1,3300,73300
120.0,0.0046209124075087,60000.0,0.8587419027328491,0.8665273096084596,0.0077854068756104,0.063985149533852,0.2529528602998038,3522.0,3073.0,3238.0,3576.0,0.1015332197614991,0.0806360022714366,4.379501714357032,1.7428503315710913,2.6366513827859404,2.6366513827859404,0.0,41.20723952346145,0.2846700611949018,-0.0121837350889907,0.0199691419646012,0.0,1.0,0.0,83.74864785961108,0.0,-19.23394513613312,-61.878051340692025,1517.7781612932608,0.052293004014032,2.636651382785942,1.7763568394002505e-15,0.5118811962708166,0.0,0.0,0.0,19.23394513613312,61.878051340692025,81.11199647682514,81.11199647682514,strong,1,3300,73300
125.0,0.0046105395574086,60000.0,0.8403943228721621,0.8501174460887909,0.0097231232166288,0.0510548765032102,0.2259532617671412,4809.0,4029.0,4177.0,4485.0,0.0932626325639426,0.131420253690996,4.469209230452805,2.361784941475239,2.1074242889775654,2.107424288977565,4.440892098500626e-16,41.27762974502649,0.3457454188997832,-0.0097163630485748,0.0194394862652036,0.0,1.0,0.0,121.6987490968313,0.0,-25.082608641192564,-94.5087161666612,1469.0776205739255,0.0765027387991809,2.1074242889775547,1.0658141036401504e-14,0.408439012025682,0.0,0.0,0.0,25.082608641192564,94.5087161666612,119.59132480785377,119.59132480785377,strong,1,3300,73300
130.0,0.0046004172234895,60000.0,0.8299027023315431,0.8243864250183106,-0.0055162773132324,0.1518201151303716,0.3896410080193968,4512.0,3715.0,3882.0,4228.0,0.0937056737588652,0.1396276595744681,7.759211849731518,3.693607584511749,4.065604265219768,4.065604265219768,0.0,26.77908827646807,0.3225064016523369,-0.0187034758856097,0.0131871985723772,1.0,1.0,1.6130979885176087e-09,128.59414467253373,0.0,-41.98541313731539,-82.54312726999856,1587.4974864240312,0.0749343113982575,4.065604265219776,7.105427357601002e-15,1.2145609210429733,0.0,0.0,0.0,41.98541313731539,82.54312726999856,124.52854040731395,124.52854040731395,strong,1,3300,73300
135.0,0.0045905341030286,60000.0,0.8239699567317964,0.8208199359416962,-0.0031500207901001,0.1681840309435872,0.4101024639569814,4081.0,3407.0,3617.0,4093.0,0.1002940455770644,0.1136976231315853,8.017472981411052,3.678637175452391,4.338835805958661,4.338835805958661,0.0,25.79814374537144,0.3145180000971275,-0.019917573734695,0.0167675529445948,1.0,1.0,0.0,108.21945770207094,0.0,-27.755796015371743,-76.12482588074053,1587.0172009672888,0.0638373746512864,4.3388358059586665,5.3290705182007506e-15,1.3454722475486978,0.0,0.0,0.0,27.755796015371743,76.12482588074053,103.88062189611227,103.88062189611227,strong,1,3300,73300
140.0,0.0045808796302822,60000.0,0.809580816078186,0.7958720706462861,-0.0137087454318999,0.3461316459311948,0.5883295385506279,4429.0,3605.0,3775.0,4121.0,0.0930458342741025,0.1476631293745767,12.07926984725852,5.496012801739219,6.5832570455193,6.5832570455193,0.0,19.01951792881701,0.3127126266758867,-0.0301571081007313,0.0164483626688314,1.0,1.0,0.0,120.96341575379483,0.0,-27.98944101395955,-86.39071769431598,1717.6236744622563,0.0657915071836931,6.583257045519304,3.552713678800501e-15,2.769053167449558,0.0,0.0,0.0,27.98944101395955,86.39071769431598,114.38015870827552,114.38015870827552,strong,1,3300,73300
145.0,0.0045714439142384,60000.0,0.7817374900341034,0.7745383605480194,-0.007199129486084,0.0745232317095323,0.2729894351610193,3567.0,2981.0,3141.0,3477.0,0.0974768713204373,0.1194280908326325,4.9252342577528445,2.1857715469131307,2.739462710839714,2.739462710839714,0.0,36.75984854652118,0.3073786756690466,-0.0125233001377513,0.0053241706516672,1.0,1.0,9.313225746154783e-10,91.02738657806184,0.0,-20.81510511782108,-67.47281874940106,1447.1875801166425,0.0591772857168723,2.7394627108397174,3.552713678800501e-15,0.5961858536762589,0.0,0.0,0.0,20.81510511782108,67.47281874940106,88.28792386722213,88.28792386722213,strong,1,3300,73300
150.0,0.0045622176827774,60000.0,0.7705916746139526,0.7625040837287903,-0.0080875908851623,0.0917463109563411,0.3028965350682326,4370.0,3555.0,3704.0,4008.0,0.0917162471395881,0.1524027459954233,5.752025001200076,2.591990608493857,3.160034392706219,3.160034392706219,0.0,34.4431766222183,0.3106406710795851,-0.014416764784589,0.0063291738994267,1.0,1.0,0.0,115.67835166599252,0.0,-30.296227317338666,-82.22208995594764,1671.095536725661,0.0647414608068395,3.1600343927062227,3.552713678800501e-15,0.7339704876507289,0.0,0.0,0.0,30.296227317338666,82.22208995594764,112.5183172732863,112.5183172732863,strong,1,3300,73300
1.0,0.0049950273089797,60000.0,2.305176584529877,2.3051765969753264,1.2445449559805866e-08,0.6123968272007293,0.782557874665337,10.0,10.0,10.0,10.0,0.1,0.0,0.0197831382974982,0.0197828155942261,3.227032721042633e-07,3.227032721042633e-07,0.0,5.269512475747833e-07,0.4999959219576383,-1.6119116568579164e-09,1.4057361216663782e-08,0.0,1.0,0.0,4.400903210043907,0.0,0.0981587916612625,-4.499061679001898,2665.643298771979,0.0016482510689437,3.227032721042633e-07,0.0,4.899174617605834,4.899174294902562,0.4982714075619272,0.0,0.0,4.499061679001898,4.997333086563825,0.0981587916612625,strong,1,3400,73400
5.0,0.0049756643332495,60000.0,2.294563730573654,2.292522931575776,-0.0020407989978785,0.5536798227421302,0.7440966487910896,928.0,875.0,880.0,892.0,0.0961206896551724,0.0517241379310344,2.9975252993986032,1.206394410279188,1.791130889119415,1.791130889119415,0.0,3.2349578502766088,0.2869689465053203,-0.008912066081173,0.0068712670832944,1.0,1.0,0.0,48.9558462635614,0.0,-2.4042365145869558,-44.76047885985503,2406.273880751696,0.0199394157397545,1.791130889119415,0.0,4.429438581937042,2.6383076928176266,0.0,0.0,2.4042365145869558,44.76047885985503,47.16471537444198,44.52640768162436,strong,1,3400,73400
10.0,0.0049525712910726,60000.0,2.228845844841004,2.220399735355377,-0.0084461094856265,0.3954804166286313,0.6288723373059364,2919.0,2383.0,2439.0,2563.0,0.0878040424803014,0.1644398766700925,7.834560769200465,3.642876994471592,4.191683774728872,4.191683774728872,0.0,10.59896672118912,0.3173946197296652,-0.020759612723977,0.0123135032383505,1.0,1.0,0.0,78.3483859829721,0.0,1.151090510214999,-75.30779271845823,1560.270911558846,0.0478136600127355,4.191683774728872,0.0,3.163843333029051,0.0,0.0,0.0,0.0,75.30779271845823,75.30779271845823,75.30779271845823,strong,1,3400,73400
15.0,0.004930605096731,60000.0,2.0985654167175296,2.05853243393898,-0.0400329827785497,0.4338400090681552,0.6586653240213539,2636.0,2364.0,2474.0,2708.0,0.102731411229135,0.0614567526555387,13.159117809065776,1.854276657278291,11.304841151787484,11.304841151787484,0.0,26.05762704105864,0.1235081554298112,-0.0557397074007381,0.0157067246221883,1.0,1.0,0.0,84.36438235919923,0.0,-1.2198643713600177,-71.83967683605172,1315.6903630584611,0.0602579167959834,11.304841151787484,0.0,3.4707200725452414,0.0,0.0,0.0,1.2198643713600177,71.83967683605172,73.05954120741174,73.05954120741174,strong,1,3400,73400
20.0,0.0049096652228095,60000.0,1.915817822551728,1.8863175031661985,-0.0295003193855292,0.3796247880771363,0.6161369880774374,2952.0,2633.0,2748.0,3022.0,0.1023712737127371,0.0691056910569105,11.675837620780865,2.8446616797364754,8.831175941044389,8.831175941044389,0.0,23.262906476091263,0.1959066021672633,-0.0433581173942581,0.0138577980087289,1.0,1.0,0.0,78.10699616238708,0.0,-8.420187873889518,-60.85563234745317,1379.2904091195078,0.0535934782642757,8.831175941044393,3.552713678800501e-15,3.0369983046170907,0.0,0.0,0.0,8.420187873889518,60.85563234745317,69.27582022134268,69.27582022134268,strong,1,3400,73400
25.0,0.0048896638427146,60000.0,1.748482867908478,1.7324356528282168,-0.0160472150802613,0.352126009924591,0.593402064307659,4115.0,3533.0,3669.0,3979.0,0.0966950182260024,0.1083839611178615,13.742025526405602,5.253547355147475,8.488478171258127,8.488478171258127,0.0,24.10636514205799,0.2765669341959823,-0.0415058047936733,0.025458589713412,1.0,1.0,0.0,109.23566693236351,0.0,-16.330671954725403,-84.41651680638,1292.9797027209952,0.0779022033964494,8.488478171258123,3.552713678800501e-15,2.8170080793967283,0.0,0.0,0.0,16.330671954725403,84.41651680638,100.7471887611054,100.7471887611054,strong,1,3400,73400
30.0,0.0048705237912742,60000.0,1.6220812232971191,1.6151026670455937,-0.0069785562515258,0.2465038966579135,0.4964915877010541,3157.0,2746.0,2933.0,3341.0,0.1058283180234399,0.0709534368070953,8.975671477657245,3.8499167009960367,5.125754776661209,5.125754776661209,0.0,20.79380831766116,0.3001746701491461,-0.0249651105879661,0.0179865543364402,1.0,1.0,0.0,80.61504951663665,0.0,-12.522652504569123,-62.966642235406304,1261.336125550538,0.0600730123527789,5.125754776661218,8.881784197001252e-15,1.972031173263308,0.0,0.0,0.0,12.522652504569123,62.966642235406304,75.48929473997543,75.48929473997543,strong,1,3400,73400
35.0,0.0048521769173698,60000.0,1.5272971044540409,1.498445263004303,-0.0288518414497376,0.2387098825894057,0.4885794537118867,3134.0,2699.0,2834.0,3122.0,0.099617102744097,0.0957243139757498,10.35604915149226,2.977029454923411,7.37901969656885,7.37901969656885,0.0,30.91208297086373,0.2232814748043944,-0.0358043090445085,0.0069524675947709,1.0,1.0,0.0,90.36076630705792,0.0,-12.449830959372775,-70.53191565111631,1270.047085748838,0.0664218206110039,7.379019696568847,3.552713678800501e-15,1.9096790607152456,0.0,0.0,0.0,12.449830959372775,70.53191565111631,82.98174661048908,82.98174661048908,strong,1,3400,73400
40.0,0.0048345627417287,60000.0,1.431931190395355,1.4094780970573424,-0.0224530933380129,0.1693191132476486,0.4114840376583867,3062.0,2649.0,2778.0,3060.0,0.0999346832135859,0.0927498367080339,8.082589884811867,2.438093654603123,5.644496230208744,5.644496230208744,0.0,33.336438645015946,0.2317428944107081,-0.0272886711703955,0.0048355778323826,1.0,1.0,0.0,84.28549599135295,0.0,-12.149435152365186,-66.49156460877902,1329.6024939940023,0.0596125694456361,5.644496230208745,8.881784197001252e-16,1.3545529059811887,0.0,0.0,0.0,12.149435152365186,66.49156460877902,78.6409997611442,78.6409997611442,strong,1,3400,73400
45.0,0.0048176273546297,60000.0,1.363072485160828,1.3472693110466003,-0.0158031741142277,0.155129939613593,0.3938653826037432,2954.0,2571.0,2662.0,2858.0,0.0967501692620176,0.0988490182802979,7.518039695675075,2.8784679943656464,4.639571701309428,4.639571701309428,0.0,29.90764847112009,0.2768687409449097,-0.0223517275419944,0.0065485534277667,1.0,1.0,0.0,81.5338623423304,0.0,-13.06101289772596,-63.83327774329501,1250.3384958429194,0.0612174746635817,4.639571701309421,7.105427357601002e-15,1.2410395169087445,0.0,0.0,0.0,13.06101289772596,63.83327774329501,76.89429064102097,76.89429064102097,strong,1,3400,73400
50.0,0.004801322503961,60000.0,1.3057413197517391,1.2912606271743776,-0.0144806925773617,0.1333793004697657,0.3652113093399021,2899.0,2419.0,2533.0,2791.0,0.0962745774404967,0.1262504311831666,6.392592607030046,2.52832732855787,3.864265278472177,3.864265278472177,0.0,28.972001388987078,0.283415538623063,-0.0185535838428039,0.0040728912654421,1.0,1.0,0.0,78.37364129693015,0.0,-7.369605630839942,-67.13977038761803,1285.7253862496054,0.0574545100570101,3.864265278472175,1.7763568394002505e-15,1.0670344037581256,0.0,0.0,0.0,7.369605630839942,67.13977038761803,74.50937601845797,74.50937601845797,strong,1,3400,73400
55.0,0.0047856048355997,60000.0,1.2522676008224487,1.245087463951111,-0.0071801368713377,0.1180149347423554,0.3435330184165059,2931.0,2441.0,2533.0,2725.0,0.0929716820197884,0.1357898328215626,5.746870470277848,2.5849193707286187,3.161951099549229,3.161951099549229,0.0,26.792804711134657,0.3102477882971139,-0.0151318484719325,0.0079517116005948,1.0,1.0,0.0,93.42839374905452,0.0,-14.353473119634144,-75.91296952987113,1149.5878820178382,0.0751626471595577,3.161951099549242,1.2434497875801752e-14,0.9441194779388434,0.0,0.0,0.0,14.353473119634144,75.91296952987113,90.26644264950528,90.26644264950528,strong,1,3400,73400
60.0,0.0047704352566433,60000.0,1.202168667984009,1.1923729956626892,-0.0097956723213195,0.1194843059937026,0.3456650199162517,3746.0,3040.0,3172.0,3444.0,0.0919380672717565,0.1532301121195942,6.394422047527601,3.4688041532057454,2.925617894321856,2.925617894321856,0.0,24.485373790228547,0.3516906215684107,-0.0139564707505396,0.0041607984292201,1.0,1.0,0.0,98.7540839702706,0.0,-22.498438103146327,-73.33002797280241,1284.6626608616316,0.0713841901503585,2.925617894321846,9.769962616701378e-15,0.9558744479496216,0.0,0.0,0.0,22.498438103146327,73.33002797280241,95.82846607594874,95.82846607594874,strong,1,3400,73400
65.0,0.0047557783984597,60000.0,1.170945802116394,1.164729304742813,-0.0062164973735809,0.1749581628913289,0.4182800053688066,3222.0,2727.0,2824.0,3026.0,0.0939168218497827,0.1235257603972688,6.749198944973855,3.6408479461332153,3.10835099884064,3.10835099884064,0.0,17.766253071434676,0.3504168926561292,-0.0147826285351169,0.0085661311615359,1.0,1.0,0.0,87.40774054225767,0.0,-17.628331223106215,-66.6710583203108,1367.0745208338576,0.0600954324871308,3.108350998840649,8.881784197001252e-15,1.3996653031306312,0.0,0.0,0.0,17.628331223106215,66.6710583203108,84.29938954341702,84.29938954341702,strong,1,3400,73400
70.0,0.0047416021613943,60000.0,1.128744081258774,1.1245991062164309,-0.004144975042343,0.1245687076140507,0.3529429240175396,3413.0,2901.0,3077.0,3451.0,0.1011133899794901,0.0984471139759741,7.896486889304985,2.4034777046028566,5.493009184702128,5.493009184702128,0.0,44.09622039044534,0.2333481520921392,-0.0260456642227425,0.0219006891803994,1.0,1.0,0.0,104.81837960076518,0.0,-24.59229984915146,-74.73307056691159,1442.9256028638883,0.0677233320163523,5.493009184702132,3.552713678800501e-15,0.996549660912406,0.0,0.0,0.0,24.59229984915146,74.73307056691159,99.32537041606304,99.32537041606304,strong,1,3400,73400
75.0,0.0047278773267132,60000.0,1.0912258127212524,1.0851644814491277,-0.0060613312721249,0.1023433185043243,0.3199114229037849,4391.0,3503.0,3645.0,3945.0,0.089842860396265,0.1698929628786153,6.533660179749054,3.4370719040403883,3.096588275708666,3.0965882757086653,4.440892098500626e-16,30.256867971091097,0.3447161026047855,-0.0146402894988891,0.0085789582267642,1.0,1.0,9.313225746154783e-10,126.92346628100496,0.0,-33.83732461510954,-89.98955339018674,1537.658332533756,0.0762494617995816,3.096588275708669,3.1086244689504387e-15,0.8187465480345947,0.0,0.0,0.0,33.83732461510954,89.98955339018674,123.82687800529628,123.82687800529628,strong,1,3400,73400
80.0,0.0047145772242381,60000.0,1.0604827563285826,1.0528271213531497,-0.007655634975433,0.0933713630691352,0.3055672807568494,2936.0,2487.0,2582.0,2778.0,0.0946185286103542,0.1205722070844687,5.302939130864386,1.7219942687151395,3.580944862149247,3.580944862149247,0.0,38.3516395653108,0.2451260632333124,-0.0168826410883414,0.0092270061129083,1.0,1.0,0.0,74.40729749621823,0.0,-7.080184437512799,-63.74616819655619,1214.404603034891,0.0577332483239451,3.580944862149245,1.7763568394002505e-15,0.746970904553082,0.0,0.0,0.0,7.080184437512799,63.74616819655619,70.826352634069,70.826352634069,strong,1,3400,73400
85.0,0.0047016774463746,60000.0,1.0264845042705537,1.0259206148624422,-0.0005638894081114,0.0829168248910171,0.2879528171263777,2618.0,2281.0,2372.0,2560.0,0.0977845683728036,0.093964858670741,3.596463455761487,2.86120939786796,0.7352540578935276,0.7352540578935276,0.0,8.867368701827628,0.4430712832192879,-0.0034569274213534,0.0028930380132419,1.0,1.0,0.0,62.38817323712283,0.0,-8.142298469485922,-53.51062070974338,1100.3025498540185,0.0536584424370885,0.7352540578935276,0.0,0.6633345991281373,0.0,0.0,0.0,8.142298469485922,53.51062070974338,61.6529191792293,61.6529191792293,strong,1,3400,73400
90.0,0.0046891556009951,60000.0,1.000196989440918,0.9956001922130584,-0.0045967972278594,0.0842322705016931,0.2902279629906346,3638.0,2968.0,3118.0,3426.0,0.094172622319956,0.142935678944475,4.824944266651094,1.9407617086240592,2.8841825580270357,2.8841825580270357,0.0,34.240826477176114,0.2868528008335642,-0.0135243807962649,0.0089275835684054,1.0,1.0,0.0,97.10006693610922,0.0,-23.377348029082896,-70.83853634899928,1410.766347952158,0.0643956692564867,2.8841825580270357,0.0,0.6738581640135451,0.0,0.0,0.0,23.377348029082896,70.83853634899928,94.21588437808218,94.21588437808218,strong,1,3400,73400
95.0,0.0046769910970246,60000.0,0.9780134714603426,0.967973550605774,-0.0100399208545686,0.0994812026051987,0.3154064086305139,3011.0,2628.0,2723.0,2935.0,0.097475921620724,0.0956492859515111,5.098068690512475,1.8581219670407272,3.239946723471748,3.239946723471748,0.0,32.568431408391845,0.2671177456907586,-0.0151532019805114,0.0051132811259428,1.0,1.0,0.0,82.85388813150348,0.0,-15.297359406326224,-64.31658200170551,1334.535434906793,0.0584552788600798,3.2399467234717463,1.7763568394002505e-15,0.79584962084159,0.0,0.0,0.0,15.297359406326224,64.31658200170551,79.61394140803174,79.61394140803174,strong,1,3400,73400
100.0,0.004665164957684,60000.0,0.9600653842926024,0.9617122523307802,0.0016468680381777,0.1534326746929599,0.3917048310819768,4232.0,3506.0,3632.0,3892.0,0.0919659735349716,0.1417769376181474,6.689076810389462,4.766548393712718,1.9225284166767445,1.9225284166767445,0.0,12.530110815861027,0.4160880186622944,-0.0089689121996321,0.0106157802378098,0.0,1.0,1.31708899342442e-09,114.70241000119132,0.0,-33.068392201795405,-79.71148938271915,1543.715079026142,0.0691637725482891,1.9225284166767551,1.0658141036401504e-14,1.22746139754368,0.0,0.0,0.0,33.068392201795405,79.71148938271915,112.77988158451456,112.77988158451456,strong,1,3400,73400
105.0,0.0046536596572292,60000.0,0.9343056252479556,0.9320846291542054,-0.00222099609375,0.0905169454896687,0.3008603421683701,3288.0,2749.0,2830.0,2996.0,0.0911192214111922,0.139294403892944,4.028038516925154,2.940945406497104,1.08709311042805,1.0870931104280506,4.440892098500626e-16,12.009829811945282,0.4220049061403049,-0.0050589613516508,0.0028379652579008,1.0,1.0,0.0,78.6170797017985,0.0,-14.492005826243258,-63.0379807651272,1362.3643285617345,0.0545580111241939,1.08709311042805,0.0,0.7241355639173502,0.0,0.0,0.0,14.492005826243258,63.0379807651272,77.52998659137046,77.52998659137046,strong,1,3400,73400
110.0,0.0046424589777348,60000.0,0.9089811369895936,0.9054239595413208,-0.0035571774482726,0.0565554073911068,0.237813808243144,3448.0,2903.0,3034.0,3314.0,0.0961136890951276,0.1200696055684454,3.5179347274881785,2.0833223792636666,1.434612348224512,1.434612348224512,0.0,25.366493044661528,0.3719383594715544,-0.0066601289755841,0.0031029515273114,1.0,1.0,0.0,85.48787077714223,0.0,-20.147311064094534,-63.90594736482318,1496.0024051163373,0.0540552617238477,1.434612348224519,7.105427357601002e-15,0.452443259128855,0.0,0.0,0.0,20.147311064094534,63.90594736482318,84.05325842891772,84.05325842891772,strong,1,3400,73400
115.0,0.0046315478830482,60000.0,0.8912533421039581,0.8890233349800111,-0.002230007123947,0.0902849111802831,0.3004744767534892,3218.0,2725.0,2820.0,3020.0,0.093847110006215,0.1236793039154754,4.129678159781975,2.5828578237043587,1.5468203360776158,1.5468203360776158,0.0,17.132656120011976,0.3847812257630361,-0.0071641724530162,0.0049341653290691,1.0,1.0,0.0,86.05623608389578,0.0,-20.47802285527723,-64.03139289254094,1348.4406826378472,0.0599905339361614,1.5468203360776158,0.0,0.7222792894422652,0.0,0.0,0.0,20.47802285527723,64.03139289254094,84.50941574781817,84.50941574781817,strong,1,3400,73400
120.0,0.0046209124075087,60000.0,0.8761985786914824,0.8714673676013946,-0.0047312110900877,0.1102817627724749,0.3320869807331731,3031.0,2650.0,2721.0,2867.0,0.094589244473771,0.1022764764104255,3.982584958950314,2.386061620223892,1.5965233387264224,1.5965233387264224,0.0,14.4767665894156,0.37465756508242,-0.0073773945047982,0.0026461834147104,1.0,1.0,0.0,67.61059365235269,0.0,-6.9905798917943685,-59.0234904218319,1254.27017304959,0.0511472708851338,1.5965233387264206,1.7763568394002505e-15,0.8822541021797995,0.0,0.0,0.0,6.9905798917943685,59.0234904218319,66.01407031362626,66.01407031362626,strong,1,3400,73400
125.0,0.0046105395574086,60000.0,0.86243063788414,0.858179121875763,-0.004251516008377,0.1374970441747701,0.3708059386994363,3601.0,3074.0,3177.0,3397.0,0.094334906970286,0.1177450708136629,4.758371654983765,2.470648160117856,2.2877234948659098,2.2877234948659098,0.0,16.638346726625073,0.3417680713720833,-0.0105476396694924,0.0062961236611153,1.0,1.0,0.0,99.08025637385435,0.0,-27.276639213376257,-69.51589366561218,1655.4557042548186,0.0564709180074899,2.287723494865915,5.3290705182007506e-15,1.099976353398161,0.0,0.0,0.0,27.276639213376257,69.51589366561218,96.79253287898844,96.79253287898844,strong,1,3400,73400
130.0,0.0046004172234895,60000.0,0.8547957613945008,0.8368294338226318,-0.017966327571869,0.2721006646491978,0.52163269131564,4386.0,3723.0,3938.0,4382.0,0.0999088007295941,0.1021431828545371,12.199927269640996,4.198150370519329,8.001776899121666,8.001776899121666,0.0,29.40741401509566,0.2560147879918371,-0.0368115122652404,0.0188451846933714,1.0,1.0,0.0,99.5445187362202,0.0,-19.45900738952787,-72.08373444757066,1673.6653493250833,0.0561380356207101,8.001776899121666,0.0,2.176805317193583,0.0,0.0,0.0,19.45900738952787,72.08373444757066,91.54274183709852,91.54274183709852,strong,1,3400,73400
135.0,0.0045905341030286,60000.0,0.8246510253429412,0.8291904118061066,0.0045393864631654,0.0702439267843233,0.2650357085079732,4740.0,3900.0,4072.0,4420.0,0.0932489451476793,0.1409282700421941,4.855229556622898,2.788809551790637,2.0664200048322607,2.0664200048322607,0.0,29.417774595332453,0.3648345478401711,-0.0094859715033631,0.0140253579665285,0.0,1.0,0.0,128.95072865736438,0.0,-42.46363937205297,-84.42066928047916,1678.7296529862124,0.0713349162644117,2.0664200048322527,7.993605777301127e-15,0.561951414274587,0.0,0.0,0.0,42.46363937205297,84.42066928047916,126.88430865253213,126.88430865253213,strong,1,3400,73400
140.0,0.0045808796302822,60000.0,0.8103182845592498,0.8113175552845002,0.0009992707252504,0.0793555547705854,0.2817011799240207,4563.0,3758.0,3953.0,4367.0,0.0957045803199649,0.1336839798378259,4.152462923756286,3.0275141539948205,1.124948769761465,1.124948769761465,0.0,14.17605576589639,0.4216606990816592,-0.0051532549045113,0.0061525256297617,0.0,1.0,0.0,126.50841993949145,0.0,-42.60857826782421,-82.77489290190574,1566.136438644644,0.0747400846065921,1.124948769761474,8.881784197001252e-15,0.6348444381646838,0.0,0.0,0.0,42.60857826782421,82.77489290190574,125.38347116972996,125.38347116972996,strong,1,3400,73400
145.0,0.0045714439142384,60000.0,0.7966391600131988,0.7934186918735505,-0.0032204681396482,0.0783359687865554,0.2798856351915108,4656.0,3430.0,3656.0,4108.0,0.0882302405498281,0.2147766323024055,6.069238220880628,4.168872595747873,1.9003656251327552,1.9003656251327552,0.0,24.25917052625905,0.4071915874339714,-0.008687414871841,0.0054669467321927,1.0,1.0,0.0,141.17706862802152,0.0,-55.38836290803784,-83.88834009485093,1647.6647271805225,0.0789209358585064,1.9003656251327496,5.3290705182007506e-15,0.6266877502924436,0.0,0.0,0.0,55.38836290803784,83.88834009485093,139.27670300288878,139.27670300288878,strong,1,3400,73400
150.0,0.0045622176827774,60000.0,0.7857155231475831,0.7844530894756317,-0.0012624336719513,0.1514180368377893,0.3891247060233895,3471.0,2944.0,3155.0,3593.0,0.1035148372227024,0.0910400460962258,8.265753579614724,2.119071007592765,6.146682572021959,6.146682572021958,8.881784197001252e-16,40.594124058065546,0.2040545788518311,-0.0280425039204982,0.0267800702485469,1.0,1.0,0.0,91.48872902871516,0.0,-23.72813028426168,-61.61391617243152,1570.368162528489,0.0550521103793647,6.146682572021966,7.105427357601002e-15,1.2113442947023143,0.0,0.0,0.0,23.72813028426168,61.61391617243152,85.3420464566932,85.3420464566932,strong,1,3400,73400
1.0,0.0049950273089797,60000.0,2.3051766083717347,2.3039244885921484,-0.0012521197795862,0.6123968267589308,0.7825578743830586,187.0,147.0,155.0,175.0,0.0935828877005347,0.1711229946524064,0.6931541462663517,0.4398840327748132,0.2532701134915385,0.2532701134915385,0.0,0.4135718906839436,0.3882340779964411,-0.0012650911334386,1.2971353852353528e-05,1.0,1.0,9.313225746154783e-10,21.901836823672056,0.0,-11.869828356371729,-9.77873835380879,1031.804790953196,0.0207855168092479,0.2532701134915385,0.0,4.899174614071447,4.645904500579908,0.0,0.0,11.869828356371729,9.77873835380879,21.64856671018052,17.002662209600608,strong,5,2500,72500
5.0,0.0049756643332495,60000.0,2.1699056635379788,2.007037118148804,-0.1628685453891751,0.9619907598228918,0.980811276353862,7712.0,5639.0,7076.0,10680.0,0.1384854771784232,0.0824688796680498,56.54706011450136,4.258810763000062,52.28824935150129,52.28824935150129,0.0,54.35421163621974,0.0700394666097258,-0.2601687773463232,0.097300231957148,1.0,1.0,2.63417798684884e-09,114.77363017806783,0.0,131.35355405870632,-193.8389348852729,962.0019471330396,0.1065901127370265,52.28824935150129,0.0,7.695926078583135,0.0,0.0,0.0,0.0,193.8389348852729,193.8389348852729,193.8389348852729,strong,5,2500,72500
10.0,0.0049525712910726,60000.0,1.511992067527771,1.456431638526917,-0.055560429000854,0.2181147031718979,0.4670275186452057,7422.0,5451.0,6164.0,7998.0,0.1077607113985448,0.1694960926973862,20.79311091511999,6.59372925559864,14.19938165952135,14.199381659521348,3.552713678800501e-15,65.10052487534828,0.2407626880098603,-0.0703234499579283,0.0147630209570743,1.0,1.0,2.63417798684884e-09,83.29277023789473,0.0,68.8446306696182,-137.93801924799158,598.6011853093041,0.1221491546600598,14.19938165952135,0.0,1.7449176253751837,0.0,0.0,0.0,0.0,137.93801924799158,137.93801924799158,137.93801924799158,strong,5,2500,72500
15.0,0.004930605096731,60000.0,1.2334476840019228,1.1887755345821382,-0.0446721494197845,0.1962696138836714,0.4430232656234562,7192.0,5159.0,5738.0,7196.0,0.100055617352614,0.2021690767519466,17.361267967962274,6.85493848657914,10.506329481383132,10.506329481383132,0.0,53.530086871267855,0.2830723507188134,-0.0518025616888432,0.0071304122690586,1.0,1.0,2.63417798684884e-09,76.49430015659891,0.0,69.69958175178965,-135.68755242700544,584.0465581279241,0.1158055541867019,10.50632948138312,1.4210854715202004e-14,1.5701569110693718,0.0,0.0,0.0,0.0,135.68755242700544,135.68755242700544,135.68755242700544,strong,5,2500,72500
20.0,0.0049096652228095,60000.0,1.0329549233436583,1.0112793724060058,-0.0216755509376525,0.1348387870958212,0.3672040129081124,7221.0,5385.0,5877.0,6999.0,0.0969256335687577,0.1861238055670959,12.916199886082277,6.071931549450872,6.844268336631405,6.844268336631405,0.0,50.75889871189383,0.3197750958310861,-0.0336030662279358,0.0119275152902833,1.0,1.0,0.0,68.86470757325878,0.0,70.8096779542102,-132.8301171908376,551.8205618122483,0.1109494795026091,6.844268336631387,1.7763568394002505e-14,1.0787102967665696,0.0,0.0,0.0,0.0,132.8301171908376,132.8301171908376,132.8301171908376,strong,5,2500,72500
25.0,0.0048896638427146,60000.0,0.8998716579914094,0.8806599716663362,-0.0192116863250731,0.1534140634960376,0.3916810737015992,7103.0,5526.0,5963.0,6971.0,0.0981416302970575,0.160495565254118,11.853205122472556,5.814519640104807,6.03868548236775,6.03868548236775,0.0,39.3620072681519,0.3291040424413192,-0.0295271420606594,0.0103154557355862,1.0,1.0,2.7939677238464355e-09,62.826570171746425,0.0,76.36729325059127,-133.15517793996997,606.0312892529546,0.0939311234613956,6.038685482367754,3.552713678800501e-15,1.2273125079683012,0.0,0.0,0.0,0.0,133.15517793996997,133.15517793996997,133.15517793996997,strong,5,2500,72500
30.0,0.0048705237912742,60000.0,0.8034910932540895,0.7894550624370577,-0.0140360308170318,0.1672532693749075,0.4089660980752653,6694.0,5305.0,5708.0,6574.0,0.0982073498655512,0.1472960860472064,11.912428539724829,4.912371215908518,7.000057323816311,7.000057323816312,8.881784197001252e-16,41.85303731268351,0.2919720464586057,-0.034093945735931,0.0200579149188992,1.0,1.0,0.0,56.58877635380486,0.0,78.40560381847001,-127.99432284845857,564.3662408631099,0.0911318449562297,7.000057323816307,3.552713678800501e-15,1.33802615499926,0.0,0.0,0.0,0.0,127.99432284845857,127.99432284845857,127.99432284845857,strong,5,2500,72500
35.0,0.0048521769173698,60000.0,0.7386812245368958,0.7312895067930223,-0.0073917177438734,0.1419230978617163,0.3767268212667056,7641.0,5974.0,6503.0,7713.0,0.1009422850412249,0.1489333856825022,13.840162168038416,4.349958855694254,9.490203312344162,9.490203312344162,0.0,66.86863135971707,0.2391385329442755,-0.0460481454533028,0.0386564277094293,1.0,1.0,1.31708899342442e-09,65.00098537292797,0.0,95.5542145872414,-151.06499664782518,597.3507288254332,0.0981366605982112,9.490203312344192,3.0198066269804264e-14,1.135384782893731,0.0,0.0,0.0,0.0,151.06499664782518,151.06499664782518,151.06499664782518,strong,5,2500,72500
40.0,0.0048345627417287,60000.0,0.6907287233352661,0.681488795852661,-0.0092399274826051,0.0788044645528961,0.2807213289953155,6349.0,4926.0,5251.0,5957.0,0.0938257993384785,0.1729406205701685,8.320432861673513,4.805322428954277,3.5151104327192364,3.5151104327192373,8.881784197001252e-16,44.60547321351036,0.3660987366102605,-0.0169940219310864,0.0077540944484812,1.0,1.0,0.0,49.81988766795257,0.0,63.63429419053318,-109.93907142576651,603.8988792754099,0.076209970077651,3.51511043271924,3.552713678800501e-15,0.6304357164231693,0.0,0.0,0.0,0.0,109.93907142576651,109.93907142576651,109.93907142576651,strong,5,2500,72500
45.0,0.0048176273546297,60000.0,0.6636444200992585,0.6571493363142014,-0.0064950837850571,0.133332241346982,0.3651468764031564,6625.0,5216.0,5655.0,6597.0,0.099577358490566,0.1464150943396226,9.711870011044908,5.438941982663516,4.272928028381393,4.272928028381392,8.881784197001252e-16,32.04722267633365,0.358986830865706,-0.0205853749538943,0.0140902911688372,1.0,1.0,0.0,50.71585183287971,0.0,70.21197616988411,-116.65489997438245,628.9157176260414,0.0746225662725708,4.272928028381386,6.217248937900877e-15,1.066657930775856,0.0,0.0,0.0,0.0,116.65489997438245,116.65489997438245,116.65489997438245,strong,5,2500,72500
50.0,0.004801322503961,60000.0,0.6324251738786698,0.6329390518665314,0.0005138779878616,0.1135234944003616,0.3369324775090132,7034.0,5538.0,6016.0,7092.0,0.1008245663918112,0.1447256184247938,9.896514867293156,4.385179354301151,5.511335512992005,5.511335512992006,8.881784197001252e-16,48.54797275315767,0.3070489597565141,-0.0264616992254084,0.02697557721327,0.0,1.0,0.0,52.368529277155176,0.0,74.25103263731398,-121.10822640147715,651.1487532470819,0.0744381560738005,5.511335512991991,1.4210854715202004e-14,0.9081879552028934,0.0,0.0,0.0,0.0,121.10822640147715,121.10822640147715,121.10822640147715,strong,5,2500,72500
55.0,0.0047856048355997,60000.0,0.6089147621631622,0.6014594669103622,-0.0074552952527999,0.1467821854362788,0.383121632691602,6440.0,5140.0,5436.0,6064.0,0.0941614906832298,0.1559006211180124,9.613588745983757,5.316085526014328,4.2975032199694265,4.2975032199694265,0.0,29.2780980688904,0.3560751178600804,-0.0205661521904909,0.013110856937691,1.0,1.0,0.0,48.70103713404387,0.0,67.68939299928206,-112.09292691335652,593.861508811031,0.0757919014131377,4.297503219969414,1.2434497875801752e-14,1.1742574834902304,0.0,0.0,0.0,0.0,112.09292691335652,112.09292691335652,112.09292691335652,strong,5,2500,72500
60.0,0.0047704352566433,60000.0,0.5890717653274538,0.5845746149539949,-0.0044971503734588,0.0663393012440343,0.2575641691773805,6879.0,5396.0,5793.0,6625.0,0.0963076028492513,0.1578717836894897,6.965934161490274,3.913182279610007,3.052751881880268,3.052751881880268,4.440892098500626e-16,46.01724505132307,0.3596966997086612,-0.0145629552071059,0.0100658048336471,1.0,1.0,0.0,54.19840727956034,0.0,68.02599767833817,-119.17165307601825,624.7114064350426,0.0798315272289524,3.052751881880269,1.3322676295501878e-15,0.5307144099522744,0.0,0.0,0.0,0.0,119.17165307601825,119.17165307601825,119.17165307601825,strong,5,2500,72500
65.0,0.0047557783984597,60000.0,0.5777664572477341,0.5691735507965088,-0.0085929064512253,0.2003375115949187,0.4475907858691002,6917.0,5426.0,5799.0,6587.0,0.0952291455833453,0.1616307647824201,12.82737388956738,7.818280909773248,5.009092979794131,5.009092979794131,0.0,25.003270430564637,0.3786889292570631,-0.0238221361891811,0.0152292297379557,1.0,1.0,0.0,54.78835641033948,0.0,80.31102226099688,-130.09028569154222,671.301095135248,0.0754567585215767,5.009092979794133,1.7763568394002505e-15,1.60270009275935,0.0,0.0,0.0,0.0,130.09028569154222,130.09028569154222,130.09028569154222,strong,5,2500,72500
70.0,0.0047416021613943,60000.0,0.5549476041078568,0.5611270730018616,0.0061794688940047,0.0789368301421695,0.280956989843943,6664.0,5310.0,5762.0,6716.0,0.1007803121248499,0.1353541416566627,8.478044673813983,3.8948891164558175,4.5831555573581655,4.583155557358166,8.881784197001252e-16,58.06105399854104,0.3147910740069422,-0.0217315002967759,0.0279109691907806,0.0,1.0,1.31708899342442e-09,50.166568314423785,0.0,66.86876076123411,-112.45217351829972,639.7615913961054,0.0727127420563207,4.583155557358168,2.664535259100376e-15,0.6314946411373561,0.0,0.0,0.0,0.0,112.45217351829972,112.45217351829972,112.45217351829972,strong,5,2500,72500
75.0,0.0047278773267132,60000.0,0.5395071546792984,0.5453843432426452,0.0058771885633467,0.0370516722156659,0.1924881092838359,7284.0,5694.0,6072.0,6852.0,0.0940691927512355,0.1663920922570017,5.167190718369232,3.152687634196144,2.0145030841730884,2.0145030841730884,0.0,54.37009893770272,0.3789343426186075,-0.0095243234562559,0.0154015120196026,0.0,1.0,9.313225746154783e-10,57.36286186333746,0.0,77.56189323296712,-132.91025201213148,662.031517934447,0.0797377119897178,2.0145030841731,1.1546319456101628e-14,0.2964133777253275,0.0,0.0,0.0,0.0,132.91025201213148,132.91025201213148,132.91025201213148,strong,5,2500,72500
80.0,0.0047145772242381,60000.0,0.5338463745594025,0.541252788233757,0.0074064136743544,0.1600458649155427,0.400057327036442,6901.0,5084.0,5457.0,6253.0,0.0906100565135487,0.2092450369511664,8.233447852379069,7.649307552035034,0.5841403003440346,0.5841403003440355,8.881784197001252e-16,3.649830632314615,0.4816108639379509,-0.0027539745557616,0.010160388230116,0.0,1.0,1.862645149230957e-09,51.96665703592589,0.0,76.73330039385519,-128.11581712943703,658.338579327552,0.0731610220163623,0.5841403003440462,1.1546319456101628e-14,1.2803669193243417,0.696226618980307,0.0,0.0,0.0,128.11581712943703,128.11581712943703,127.41959051045671,strong,5,2500,72500
85.0,0.0047016774463746,60000.0,0.5188511613368989,0.5292970480918885,0.0104458867549895,0.0624900236852846,0.2499800465742909,6331.0,5098.0,5383.0,5991.0,0.094629600379087,0.1497393776654556,4.697033926297522,5.265346787342274,-0.5683128610447525,-0.5683128610447518,7.771561172376097e-16,-9.094457443429976,0.5285229443333087,0.0026720237612587,0.0077738629937308,0.0,0.0,9.313225746154783e-10,47.07785259388038,0.0,65.40962450206229,-113.0557899569874,653.7098535602345,0.0671784795601525,-0.5683128610447454,7.105427357601002e-15,0.4999201894822772,1.0682330505270297,0.0,0.0,0.0,113.0557899569874,113.0557899569874,111.98755690646038,strong,5,2500,72500
90.0,0.0046891556009951,60000.0,0.5070576877593995,0.5085500898599625,0.001492402100563,0.0372202470236826,0.1929254960436349,7295.0,5642.0,6007.0,6759.0,0.0926525017135024,0.176559287183002,5.105893143838837,3.6063539202222383,1.4995392236165983,1.4995392236165983,0.0,40.28826629394661,0.4139407312148921,-0.0070315727493336,0.0085239748498966,0.0,1.0,9.313225746154783e-10,54.75294203264639,0.0,78.11390404214376,-131.36730685117354,653.620251829776,0.0772939214908805,1.4995392236166083,9.769962616701378e-15,0.2977619761894608,0.0,0.0,0.0,0.0,131.36730685117354,131.36730685117354,131.36730685117354,strong,5,2500,72500
95.0,0.0046769910970246,60000.0,0.5033575492620469,0.5022363030433654,-0.0011212462186814,0.0898470469881617,0.2997449699130274,5673.0,4687.0,4935.0,5445.0,0.0959809624537281,0.1300898995240613,5.387027013670883,3.885600241571475,1.5014267720994074,1.501426772099407,4.440892098500626e-16,16.71091952857656,0.4190398400167243,-0.0070221596459433,0.0059009134272618,1.0,1.0,0.0,34.143872338114306,0.0,55.6968487069104,-88.3392942729253,589.91555325427,0.0547125336753041,1.501426772099407,4.440892098500626e-16,0.7187763759052936,0.0,0.0,0.0,0.0,88.3392942729253,88.3392942729253,88.3392942729253,strong,5,2500,72500
100.0,0.004665164957684,60000.0,0.4919976387262345,0.4929638639926911,0.0009662252664566,0.0399142315235734,0.1997854637444211,6018.0,4913.0,5184.0,5742.0,0.0954137587238285,0.1385842472582253,4.882681987617247,2.792397089768506,2.09028489784874,2.09028489784874,0.0,52.3694135665424,0.3638264911167064,-0.00975152385702,0.0107177491234767,0.0,1.0,1.862645149230957e-09,45.82561852328945,0.0,67.77173085217431,-111.50706447761502,642.9271096655466,0.0665342098082047,2.090284897848747,7.105427357601002e-15,0.3193138521885873,0.0,0.0,0.0,0.0,111.50706447761502,111.50706447761502,111.50706447761502,strong,5,2500,72500
105.0,0.0046536596572292,60000.0,0.4896977098464967,0.4876194193363189,-0.0020782905101777,0.080859711620465,0.2843584210472147,6176.0,5152.0,5448.0,6066.0,0.0982189119170984,0.1178756476683937,7.343664338812573,3.486681228267257,3.856983110545317,3.856983110545317,0.0,47.69968916843305,0.3219362860281627,-0.0179490867001593,0.0158707961899815,1.0,1.0,0.0,46.04573943314608,0.0,61.82534723194385,-104.01410355454462,663.3350406450918,0.0649097645809739,3.8569831105453143,1.7763568394002505e-15,0.6468776929637203,0.0,0.0,0.0,0.0,104.01410355454462,104.01410355454462,104.01410355454462,strong,5,2500,72500
110.0,0.0046424589777348,60000.0,0.4832118497371673,0.4784636066675186,-0.0047482430696487,0.1012970730038728,0.3182720110281029,5994.0,4902.0,5168.0,5720.0,0.0954287620954287,0.1378044711378044,7.957191915831396,4.955929035262804,3.001262880568593,3.001262880568593,0.0,29.628327764750388,0.3837901816324938,-0.0139332398044379,0.0091849967347891,1.0,1.0,0.0,44.2221236108453,0.0,58.81923741475339,-100.0400981450301,692.2718298879045,0.0600441095283484,3.0012628805685893,3.552713678800501e-15,0.8103765840309828,0.0,0.0,0.0,0.0,100.0400981450301,100.0400981450301,100.0400981450301,strong,5,2500,72500
115.0,0.0046315478830482,60000.0,0.476003490114212,0.4797100302934647,0.0037065401792526,0.0494741979601403,0.2224279612821651,7010.0,5454.0,5812.0,6568.0,0.0936947218259629,0.1708987161198287,5.123676211599577,3.600819612156632,1.522856599442945,1.5228565994429446,4.440892098500626e-16,30.780824393957,0.4127252376408784,-0.007053183259336,0.0107597234385886,0.0,1.0,1.6130979885176087e-09,56.09600304043852,0.0,67.18204187969422,-121.75518832068978,679.388114643094,0.0762708557420892,1.52285659944296,1.5099033134902132e-14,0.3957935836811226,0.0,0.0,0.0,0.0,121.75518832068978,121.75518832068978,121.75518832068978,strong,5,2500,72500
120.0,0.0046209124075087,60000.0,0.4760607707977295,0.4780960629463196,0.0020352921485901,0.169230408533205,0.4113762372004551,6572.0,5322.0,5642.0,6306.0,0.0959525258673158,0.1415094339622641,10.719387545005308,4.532175059966802,6.187212485038506,6.187212485038506,0.0,36.56087897361839,0.2971613583049702,-0.0285905669400076,0.0306258590885978,0.0,1.0,0.0,53.013127449085005,0.0,70.09110756159271,-116.9170225256392,720.5245540645847,0.0685333484276398,6.187212485038515,8.881784197001252e-15,1.3538432682656405,0.0,0.0,0.0,0.0,116.9170225256392,116.9170225256392,116.9170225256392,strong,5,2500,72500
125.0,0.0046105395574086,60000.0,0.4652229267835617,0.4654814169168472,0.0002584901332855,0.0501657523758388,0.2239771246708886,5654.0,4622.0,4870.0,5370.0,0.0949770074283693,0.1386628935267068,4.712910308383508,2.8128609150061337,1.9000493933773743,1.9000493933773737,4.440892098500626e-16,37.87542902062584,0.3737638085866777,-0.0087602528891966,0.0090187430224822,0.0,1.0,0.0,37.70627029822208,0.0,62.09258439497762,-97.89880529982231,657.3186674874123,0.0542516796855593,1.9000493933773728,1.7763568394002505e-15,0.4013260190067104,0.0,0.0,0.0,0.0,97.89880529982231,97.89880529982231,97.89880529982231,strong,5,2500,72500
130.0,0.0046004172234895,60000.0,0.4639223455190659,0.4587543506383896,-0.0051679948806763,0.1076808500585415,0.3281476040725294,6902.0,5320.0,5732.0,6588.0,0.0954505940307157,0.1695160822949869,8.40521053075561,5.587337319398799,2.817873211356812,2.817873211356812,0.0,26.168749687849356,0.3993080730709912,-0.0129633924551357,0.0077953975744594,1.0,1.0,1.6130979885176087e-09,50.33909367909655,0.0,59.498592611210825,-107.01981307895056,706.369581151157,0.0665237433552466,2.817873211356812,0.0,0.8614468004683322,0.0,0.0,0.0,0.0,107.01981307895056,107.01981307895056,107.01981307895056,strong,5,2500,72500
135.0,0.0045905341030286,60000.0,0.4619352723121644,0.463372291636467,0.0014370193243026,0.1103710492671853,0.3322213859268926,6613.0,5158.0,5517.0,6289.0,0.0951005595040072,0.1657341599879026,8.781594820017432,5.188042537285238,3.593552282732194,3.593552282732194,0.0,32.55883047766405,0.3713799008943617,-0.0164963243048985,0.0179333436292011,0.0,1.0,1.6130979885176087e-09,48.65632602013648,0.0,69.9356488064252,-114.99842254382948,685.6539587071384,0.0662612618018929,3.5935522827321904,3.552713678800501e-15,0.8829683941374825,0.0,0.0,0.0,0.0,114.99842254382948,114.99842254382948,114.99842254382948,strong,5,2500,72500
140.0,0.0045808796302822,60000.0,0.4619437994003296,0.4509927811145782,-0.0109510182857514,0.1573681098681081,0.396696495911053,6458.0,5120.0,5454.0,6150.0,0.0952307215856302,0.1554660885723133,10.985687523522753,6.15751983771132,4.828167685811431,4.828167685811431,0.0,30.680724893105527,0.3591813193390706,-0.0221172550035204,0.011166236717769,1.0,1.0,0.0,48.689754864317365,0.0,70.54698642367293,-114.40857360217883,677.1675180208367,0.0670789653602067,4.828167685811451,1.9539925233402755e-14,1.2589448789448652,0.0,0.0,0.0,0.0,114.40857360217883,114.40857360217883,114.40857360217883,strong,5,2500,72500
145.0,0.0045714439142384,60000.0,0.4477518721818924,0.4459650684595108,-0.0017868037223816,0.0460648689496892,0.2146272791368545,5848.0,4759.0,5002.0,5508.0,0.0941860465116279,0.1446648426812585,5.36328579124297,2.922767417868007,2.440518373374963,2.440518373374963,0.0,52.980035090090624,0.3527333634129046,-0.011156692865552,0.0093698891431703,1.0,1.0,9.313225746154783e-10,43.14927108655684,0.0,51.13679038804548,-91.84554310122736,676.2638748875979,0.0599784300968375,2.440518373374971,7.993605777301127e-15,0.3685189515975141,0.0,0.0,0.0,0.0,91.84554310122736,91.84554310122736,91.84554310122736,strong,5,2500,72500
150.0,0.0045622176827774,60000.0,0.4469144611597061,0.4471475877046585,0.0002331265449523,0.1061177485897431,0.3257571926907266,5679.0,4646.0,4875.0,5349.0,0.09418911780243,0.1415742208135235,5.8081960334985085,5.328376590901627,0.4798194425968818,0.4798194425968818,0.0,4.5215757870239885,0.478457490523359,-0.0021890407455558,0.0024221672905082,0.0,1.0,0.0,39.37218200799544,0.0,53.09930014370002,-91.99166270909856,668.2086585339966,0.0556433692832004,0.4798194425968916,9.769962616701378e-15,0.8489419887179455,0.3691225461210636,0.0,0.0,0.0,91.99166270909856,91.99166270909856,91.6225401629775,strong,5,2500,72500
1.0,0.0049950273089797,60000.0,2.3051766083717347,2.303835621213913,-0.0013409871578216,0.6123968296466797,0.782557876228129,195.0,153.0,161.0,181.0,0.0928205128205128,0.1743589743589744,0.7175571826582541,0.4458206389572297,0.2717365437010244,0.2717365437010244,0.0,0.4437262417863951,0.383212255446091,-0.0013573314566343,1.634429881277981e-05,1.0,1.0,9.313225746154783e-10,22.832385815680027,0.0,-12.489750028995331,-10.070899242983671,1044.701592381848,0.0213879710454099,0.2717365437010244,0.0,4.899174637173438,4.6274380934724135,0.0,0.0,12.489750028995331,10.070899242983671,22.560649271979003,17.93321117850659,strong,5,2600,72600
5.0,0.0049756643332495,60000.0,2.1821868234157566,2.0128820569038397,-0.1693047665119174,0.9958318481440012,0.9979137478479796,8043.0,5923.0,7357.0,10799.0,0.1342658212109909,0.0852915578764142,57.79368085829716,4.454238550429494,53.339442307867664,53.339442307867664,0.0,53.56269977434441,0.0715564245799522,-0.2653991606466785,0.0960943941347611,1.0,1.0,1.862645149230957e-09,118.45964426570572,0.0,143.11041785476846,-208.23061981260653,970.9522318295822,0.1087372433374724,53.33944230786764,2.131628207280301e-14,7.966654785152009,0.0,0.0,0.0,0.0,208.23061981260653,208.23061981260653,208.23061981260653,strong,5,2600,72600
10.0,0.0049525712910726,60000.0,1.5276588485717777,1.4581303052902224,-0.0695285432815551,0.2930918021131783,0.54137953610492,7673.0,5570.0,6365.0,8373.0,0.1091228984751726,0.1704678743646552,25.447766438563363,8.165870329824795,17.281896108738568,17.281896108738565,3.552713678800501e-15,58.96410607235309,0.2429332590844309,-0.085589822523438,0.0160612792418829,1.0,1.0,4.5625303535246076e-09,89.09126638562884,0.0,73.8148661485111,-145.6242364254014,618.5972619310683,0.1258905052446458,17.28189610873855,1.7763568394002505e-14,2.3447344169054265,0.0,0.0,0.0,0.0,145.6242364254014,145.6242364254014,145.6242364254014,strong,5,2600,72600
15.0,0.004930605096731,60000.0,1.23811520318985,1.1976713123321536,-0.0404438908576962,0.1728595257868179,0.4157637860454153,7374.0,5469.0,6136.0,7788.0,0.1056143205858421,0.1678871711418497,17.303092581609476,6.346446769205999,10.956645812403478,10.956645812403476,1.7763568394002505e-15,63.38468049435677,0.2683539275358935,-0.0540228936857133,0.013579002828017,1.0,1.0,4.165001232792065e-09,80.13284475787077,0.0,69.02743209939536,-138.20363104486265,568.0590586034086,0.1236251862177419,10.95664581240348,1.7763568394002505e-15,1.3828762062945432,0.0,0.0,0.0,0.0,138.20363104486265,138.20363104486265,138.20363104486265,strong,5,2600,72600
20.0,0.0049096652228095,60000.0,1.0495854328155518,1.0164620972156524,-0.0331233355998994,0.148749295548868,0.385680302256763,6815.0,5139.0,5673.0,6995.0,0.1026412325752017,0.167571533382245,14.514239881503537,5.618269367440525,8.89597051406301,8.89597051406301,0.0,59.80512701749535,0.2790645367633545,-0.0436762370560344,0.010552901456135,1.0,1.0,3.725290298461914e-09,65.27815905708121,0.0,60.6060696200293,-116.9882581630475,549.8072517054388,0.106128608994572,8.89597051406301,0.0,1.1899943643909443,0.0,0.0,0.0,0.0,116.9882581630475,116.9882581630475,116.9882581630475,strong,5,2600,72600
25.0,0.0048896638427146,60000.0,0.912435565662384,0.8944906133174897,-0.0179449523448943,0.1402223338885907,0.3744627269683735,6898.0,5176.0,5690.0,6834.0,0.0990721948390837,0.1751232241229341,12.208056178478708,4.912245370367604,7.295810808111105,7.295810808111105,0.0,52.030305057593495,0.2869251663793635,-0.0356740623117075,0.0177291099668132,1.0,1.0,2.464047854644491e-09,64.3564294957032,0.0,69.42636575305403,-126.48698444064613,571.5899601766687,0.1011978848230563,7.295810808111099,5.3290705182007506e-15,1.1217786711087256,0.0,0.0,0.0,0.0,126.48698444064613,126.48698444064613,126.48698444064613,strong,5,2600,72600
30.0,0.0048705237912742,60000.0,0.824171469306946,0.8007830680847169,-0.023388401222229,0.2357124942920167,0.4855023113148038,7211.0,5534.0,6001.0,7021.0,0.0973651365968659,0.1677991956732769,14.79396089567068,6.933958202145522,7.860002693525157,7.860002693525157,0.0,33.34571939910681,0.3191266577774781,-0.0382823301182941,0.014893928896065,1.0,1.0,0.0,59.63508622121299,0.0,75.77075921132109,-127.54584273900892,589.7478505736253,0.0918334665760608,7.860002693525161,3.552713678800501e-15,1.885699954336134,0.0,0.0,0.0,0.0,127.54584273900892,127.54584273900892,127.54584273900892,strong,5,2600,72600
35.0,0.0048521769173698,60000.0,0.751088360786438,0.734855152130127,-0.016233208656311,0.1486155347969862,0.3855068544098616,6138.0,4727.0,5018.0,5636.0,0.0918214402085369,0.1824698598892147,10.174206694144996,5.450142643293811,4.724064050851185,4.724064050851185,0.0,31.787148344245526,0.3488236550263421,-0.0229219945437166,0.0066887858874055,1.0,1.0,9.313225746154783e-10,51.06427961040754,0.0,72.39926898162594,-118.73948454118228,564.87072823786,0.082905304877535,4.724064050851197,1.2434497875801752e-14,1.18892427837589,0.0,0.0,0.0,0.0,118.73948454118228,118.73948454118228,118.73948454118228,strong,5,2600,72600
40.0,0.0048345627417287,60000.0,0.6946211871385574,0.6898521563768387,-0.0047690307617186,0.0482153895612224,0.2195800299690807,7551.0,5656.0,6123.0,7093.0,0.0939345782015627,0.189114024632499,7.584403763899523,3.779800343712687,3.8046034201868366,3.8046034201868375,8.881784197001252e-16,78.9084865809467,0.3326058127714216,-0.018393593942289,0.0136245631805703,1.0,1.0,0.0,64.29595770011656,0.0,74.4938169628507,-134.9851712427804,645.6237088156413,0.0905679342786447,3.804603420186851,1.4210854715202004e-14,0.3857231164897793,0.0,0.0,0.0,0.0,134.9851712427804,134.9851712427804,134.9851712427804,strong,5,2600,72600
45.0,0.0048176273546297,60000.0,0.6633661191940308,0.6637707955121993,0.0004046763181685,0.1053591523152226,0.324590745886605,6491.0,5247.0,5555.0,6197.0,0.0954706516715452,0.1441996610691727,6.773404184950109,5.229258592122112,1.5441455928279968,1.5441455928279963,4.440892098500626e-16,14.656017620643802,0.4356748739214076,-0.0074391180475391,0.0078437943657076,0.0,1.0,0.0,50.01432171929628,0.0,67.12413749463758,-115.59431362110584,609.2356778602189,0.0758654861603285,1.544145592828002,5.3290705182007506e-15,0.8428732185217809,0.0,0.0,0.0,0.0,115.59431362110584,115.59431362110584,115.59431362110584,strong,5,2600,72600
50.0,0.004801322503961,60000.0,0.6364871322631837,0.6286651472330094,-0.0078219850301742,0.1879997091218982,0.4335893323432879,6405.0,4824.0,5203.0,6057.0,0.0945667447306791,0.1876658860265417,9.745164136838095,5.83520260632605,3.909961530512048,3.909961530512049,8.881784197001252e-16,20.797699894188906,0.3745228018388098,-0.0187729862860696,0.0109510012558953,1.0,1.0,0.0,48.697512931306846,0.0,84.54542383153239,-129.3329752323272,605.577152558355,0.0744297700948904,3.909961530512021,2.664535259100376e-14,1.5039976729751858,0.0,0.0,0.0,0.0,129.3329752323272,129.3329752323272,129.3329752323272,strong,5,2600,72600
55.0,0.0047856048355997,60000.0,0.6093724856615068,0.6077984433650971,-0.0015740422964096,0.0857177446047877,0.2927759290050801,6986.0,5360.0,5790.0,6686.0,0.0957056971085027,0.1711995419410249,7.885593688058441,5.167265487847424,2.718328200211017,2.718328200211017,0.0,31.71254928304759,0.3958723079910051,-0.0130088445796768,0.0114348022832672,1.0,1.0,0.0,58.941350131179206,0.0,70.12113510274958,-126.34415703371776,658.3208909293025,0.082175453769926,2.718328200211019,1.7763568394002505e-15,0.6857419568383017,0.0,0.0,0.0,0.0,126.34415703371776,126.34415703371776,126.34415703371776,strong,5,2600,72600
60.0,0.0047704352566433,60000.0,0.5962971115350724,0.5834934213399887,-0.0128036901950836,0.1556581042454971,0.3945353016467565,6771.0,5281.0,5609.0,6291.0,0.0929109437306158,0.1716142371880077,10.321803527904002,5.831674599071559,4.490128928832443,4.490128928832442,8.881784197001252e-16,28.84609799532705,0.3610166524652627,-0.0214198693489765,0.0086161791538929,1.0,1.0,0.0,53.85235361033119,0.0,82.61309564373732,-131.97532032523608,658.573177963759,0.0755901511437209,4.4901289288324335,9.769962616701378e-15,1.245264833963977,0.0,0.0,0.0,0.0,131.97532032523608,131.97532032523608,131.97532032523608,strong,5,2600,72600
65.0,0.0047557783984597,60000.0,0.5838412950754166,0.5816133772611618,-0.0022279178142547,0.2811227997575917,0.5302101467886028,6479.0,5258.0,5575.0,6233.0,0.0962031177650872,0.1395277048927303,11.371854793696262,6.0288981611324415,5.34295663256382,5.342956632563821,8.881784197001252e-16,19.00577483281675,0.3464734070291725,-0.025409917737054,0.0231819999227992,1.0,1.0,0.0,50.42164433607832,0.0,74.38408690871245,-119.46277461222697,649.5001712822959,0.0720389666544845,5.342956632563812,7.993605777301127e-15,2.248982398060734,0.0,0.0,0.0,0.0,119.46277461222697,119.46277461222697,119.46277461222697,strong,5,2600,72600
70.0,0.0047416021613943,60000.0,0.560726258277893,0.552812184381485,-0.0079140738964079,0.0937750813724299,0.3062271728185302,6130.0,5036.0,5302.0,5854.0,0.0954975530179445,0.1350734094616639,7.035751273366972,3.355059278720121,3.6806919946468506,3.6806919946468506,0.0,39.25021381777207,0.3228871570607382,-0.0174523771172443,0.0095383032208363,1.0,1.0,2.082500616396032e-09,47.12837941502221,0.0,72.74161523665975,-116.1893026570351,650.5370091669429,0.0675515514834592,3.680691994646864,1.3322676295501878e-14,0.7502006509794397,0.0,0.0,0.0,0.0,116.1893026570351,116.1893026570351,116.1893026570351,strong,5,2600,72600
75.0,0.0047278773267132,60000.0,0.5444245112895967,0.5472205063819885,0.0027959950923918,0.0629107793874408,0.2508202132752479,7174.0,5394.0,5752.0,6504.0,0.0906607192640089,0.1982157792026763,6.261343680892379,5.071523998727365,1.1898196821650142,1.1898196821650142,0.0,18.912811027779817,0.4475057983644905,-0.0056253214981851,0.0084213165905769,0.0,1.0,1.31708899342442e-09,57.49307335587218,0.0,85.46643413855145,-141.76968781225864,659.7068846823677,0.0801632413826866,1.189819682164995,1.9539925233402755e-14,0.5032862350995266,0.0,0.0,0.0,0.0,141.76968781225864,141.76968781225864,141.76968781225864,strong,5,2600,72600
80.0,0.0047145772242381,60000.0,0.5339043183803559,0.538581529378891,0.0046772109985351,0.0696083671498829,0.2638339764887815,6074.0,5025.0,5316.0,5920.0,0.0974646032268686,0.1247942048073756,5.68344051981914,3.539708224969906,2.143732294849234,2.143732294849234,0.0,30.79704901327856,0.3837852259478947,-0.0101067914521599,0.014784002450695,0.0,1.0,9.313225746154783e-10,45.82908142835368,0.0,59.6321926228872,-103.31754175639163,650.8919584050636,0.0657782366373078,2.143732294849229,4.440892098500626e-15,0.5568669371990635,0.0,0.0,0.0,0.0,103.31754175639163,103.31754175639163,103.31754175639163,strong,5,2600,72600
85.0,0.0047016774463746,60000.0,0.5265993245363236,0.5170408321857453,-0.0095584923505783,0.1409984298912466,0.3754975764119478,5980.0,5006.0,5294.0,5900.0,0.0986622073578595,0.1147157190635451,8.573996720456094,4.34226994542017,4.231726775035924,4.231726775035924,8.881784197001252e-16,30.012580837246865,0.3361861486564145,-0.019896214337406,0.0103377219868276,1.0,1.0,0.0,42.31691773928469,0.0,58.66273481666485,-96.74792578091365,675.3288213371852,0.058966305288375,4.231726775035909,1.5099033134902132e-14,1.1279874391299731,0.0,0.0,0.0,0.0,96.74792578091365,96.74792578091365,96.74792578091365,strong,5,2600,72600
90.0,0.0046891556009951,60000.0,0.5145363145112991,0.5260641158819198,0.0115278013706207,0.0829551987387084,0.2880194415984942,7215.0,5675.0,6129.0,7071.0,0.098004158004158,0.1505197505197505,9.074439525815134,3.6372309245563823,5.437208601258751,5.437208601258751,0.0,65.54391628166456,0.2861331985246738,-0.0254959171663713,0.037023718536992,0.0,1.0,0.0,60.501221340266056,0.0,85.62410391175854,-140.68811665076583,671.1496399183234,0.0826913826578315,5.43720860125876,8.881784197001252e-15,0.6636415899096675,0.0,0.0,0.0,0.0,140.68811665076583,140.68811665076583,140.68811665076583,strong,5,2600,72600
95.0,0.0046769910970246,60000.0,0.506834601855278,0.5073015671730042,0.0004669653177262,0.1083761604883973,0.3292053469924165,6201.0,5002.0,5327.0,5999.0,0.0967424608934042,0.1409450088695372,8.143387245366554,3.4537541318757903,4.689633113490764,4.689633113490764,0.0,43.271814505671024,0.2978108155733331,-0.0219333723201081,0.0224003376378343,0.0,1.0,0.0,46.28880037611816,0.0,73.5576745600199,-115.1568418226473,664.4131765364436,0.0651310983785445,4.689633113490771,7.105427357601002e-15,0.8670092839071789,0.0,0.0,0.0,0.0,115.1568418226473,115.1568418226473,115.1568418226473,strong,5,2600,72600
100.0,0.004665164957684,60000.0,0.5172366437196732,0.4930988687753678,-0.0241377749443053,0.4819026975540159,0.694192118619922,6080.0,4901.0,5230.0,5916.0,0.0973026315789473,0.1398026315789473,18.93358259478712,6.864511344531341,12.069071250255782,12.069071250255782,0.0,25.044622724700503,0.266085989169504,-0.0563042082684851,0.0321664333241797,1.0,1.0,1.6130979885176087e-09,51.51632146863267,0.0,93.30242964720868,-132.74967986558556,692.3167855403735,0.0692579033968824,12.069071250255774,7.105427357601002e-15,3.855221580432127,0.0,0.0,0.0,0.0,132.74967986558556,132.74967986558556,132.74967986558556,strong,5,2600,72600
105.0,0.0046536596572292,60000.0,0.4924224933624267,0.4866010685443878,-0.0058214248180389,0.1047797555802328,0.3236970120038688,6347.0,5071.0,5367.0,5967.0,0.0940129194895226,0.1544036552702063,8.711974384017534,5.0901614171131415,3.621812966904392,3.621812966904392,0.0,34.56596120928215,0.368795198834093,-0.0168546848901127,0.0110332600720737,1.0,1.0,0.0,46.34927025507204,0.0,79.77767805397434,-122.505135342142,631.5600693497399,0.0683708979169565,3.621812966904386,6.217248937900877e-15,0.8382380446418626,0.0,0.0,0.0,0.0,122.505135342142,122.505135342142,122.505135342142,strong,5,2600,72600
110.0,0.0046424589777348,60000.0,0.4914653017520905,0.4855652533292771,-0.0059000484228134,0.1844577102072964,0.4294854016230312,7058.0,5686.0,6082.0,6920.0,0.0980447718900538,0.1382827996599603,13.433283277827186,5.70755902485787,7.725724252969316,7.725724252969319,2.664535259100376e-15,41.88344441816516,0.2981874535404964,-0.0358663579177009,0.0299663094948875,1.0,1.0,1.6130979885176087e-09,61.82296906010015,0.0,58.97618931778152,-113.07343412491235,741.2882458702152,0.0769793372459185,7.725724252969314,1.7763568394002505e-15,1.4756616816583716,0.0,0.0,0.0,0.0,113.07343412491235,113.07343412491235,113.07343412491235,strong,5,2600,72600
115.0,0.0046315478830482,60000.0,0.4749234728574754,0.4841014151334762,0.0091779422760008,0.0367245846325306,0.1916365952330885,6138.0,4991.0,5236.0,5736.0,0.0934506353861192,0.1469534050179212,3.7565363685519424,3.344473120519181,0.4120632480327613,0.4120632480327613,0.0,11.220365108438994,0.4709855867206662,-0.0019084906641081,0.0110864329401089,0.0,1.0,0.0,45.17522742354777,0.0,66.84870548454296,-111.61186966005798,626.9950270478803,0.0672080133314915,0.4120632480327515,9.769962616701378e-15,0.2937966770602448,0.0,0.0,0.0,0.0,111.61186966005798,111.61186966005798,111.61186966005798,strong,5,2600,72600
120.0,0.0046209124075087,60000.0,0.4759624454021454,0.4746662425279617,-0.0012962028741836,0.1108755977676167,0.3329798759198771,7148.0,5577.0,5888.0,6534.0,0.0914101846670397,0.1762730833799664,8.614452231511695,5.996196541732512,2.6182556897791835,2.6182556897791827,8.881784197001252e-16,23.61435466861485,0.4103990613143109,-0.0120987302029311,0.0108025273287474,1.0,1.0,0.0,61.36065557715483,0.0,77.68218269602448,-136.4245825834001,730.1398452480389,0.0775244684156006,2.618255689779204,2.042810365310288e-14,0.887004782140934,0.0,0.0,0.0,0.0,136.4245825834001,136.4245825834001,136.4245825834001,strong,5,2600,72600
125.0,0.0046105395574086,60000.0,0.4683363050937653,0.4830178359746933,0.014681530880928,0.0548184720638422,0.2341334492631121,6887.0,5383.0,5781.0,6609.0,0.0959634093219108,0.1605924205023958,4.954788710643525,4.24979733394413,0.7049913766993949,0.7049913766993949,0.0,12.860471117807752,0.461704341005431,-0.0032503906299045,0.0179319215108325,0.0,1.0,0.0,52.31081286247354,0.0,58.916668088558026,-110.52248957433216,731.2555766612022,0.0667598987933529,0.7049913766993967,1.7763568394002505e-15,0.4385477765107383,0.0,0.0,0.0,0.0,110.52248957433216,110.52248957433216,110.52248957433216,strong,5,2600,72600
130.0,0.0046004172234895,60000.0,0.4664867037773132,0.4692415086269379,0.0027548048496246,0.1071915206738192,0.3274011616867284,6968.0,5490.0,5862.0,6660.0,0.0955797933409873,0.1587256027554535,9.465506776745713,4.795263771666118,4.670243005079595,4.670243005079596,1.7763568394002505e-15,43.56914591491813,0.3362555869886111,-0.0214850663584499,0.0242398712080745,0.0,1.0,1.6130979885176087e-09,55.37067839864176,0.0,68.23163536288189,-118.93207075644403,706.6659535741055,0.0726614391952511,4.670243005079598,3.552713678800501e-15,0.8575321653905541,0.0,0.0,0.0,0.0,118.93207075644403,118.93207075644403,118.93207075644403,strong,5,2600,72600
135.0,0.0045905341030286,60000.0,0.4539996855020523,0.4546518566608429,0.0006521711587906,0.0436433269143616,0.208909853559763,6108.0,4839.0,5110.0,5668.0,0.0927963326784544,0.1633922724296005,4.570798731280564,3.609610173014208,0.9611885582663566,0.9611885582663566,0.0,22.023723355289405,0.4412505799213945,-0.0044123688561626,0.0050645400149532,0.0,1.0,1.6130979885176087e-09,43.80180431669578,0.0,56.46200155698989,-99.30261731541933,688.971823739841,0.0597753557710134,0.9611885582663576,8.881784197001252e-16,0.3491466153148929,0.0,0.0,0.0,0.0,99.30261731541933,99.30261731541933,99.30261731541933,strong,5,2600,72600
140.0,0.0045808796302822,60000.0,0.4628304289102554,0.4584841111898422,-0.0043463177204132,0.1021434266688922,0.319598852734005,6196.0,4850.0,5192.0,5920.0,0.0955455132343447,0.1620400258231117,7.026976238128651,3.8300863871604895,3.196889850968162,3.196889850968162,0.0,31.2980478061617,0.352773721525668,-0.014644567598556,0.0102982498781428,1.0,1.0,0.0,46.894748352409806,0.0,58.678723659088064,-102.37658216052972,676.0169446179498,0.0648692624679022,3.1968898509681622,4.440892098500626e-16,0.817147413351138,0.0,0.0,0.0,0.0,102.37658216052972,102.37658216052972,102.37658216052972,strong,5,2600,72600
145.0,0.0045714439142384,60000.0,0.4488877813816069,0.4548923706293105,0.0060045892477035,0.051460101084677,0.2268481895115696,6133.0,4976.0,5217.0,5705.0,0.0930213598565139,0.1493559432577857,5.189054960629976,3.896620052520008,1.2924349081099678,1.2924349081099678,0.0,25.11528117644544,0.4288751300129387,-0.0059082936952286,0.0119128829429321,0.0,1.0,1.31708899342442e-09,48.07618000690127,0.0,54.461629196833655,-101.24537429562494,679.6331878588026,0.0660650833009113,1.292434908109982,1.4210854715202004e-14,0.411680808677416,0.0,0.0,0.0,0.0,101.24537429562494,101.24537429562494,101.24537429562494,strong,5,2600,72600
150.0,0.0045622176827774,60000.0,0.4486743401288986,0.4464649023056031,-0.0022094378232955,0.1098852987795135,0.3314895153387412,6706.0,5249.0,5600.0,6328.0,0.0943632567849686,0.1649269311064718,8.799745113732882,6.365086882010205,2.4346582317226773,2.4346582317226773,0.0,22.15635993862886,0.4197268313817749,-0.0111074408362847,0.0088980030129892,1.0,1.0,0.0,53.02654960961081,0.0,73.12882333408106,-123.7207147119692,678.1570097294716,0.072521528872369,2.434658231722679,1.7763568394002505e-15,0.8790823902361086,0.0,0.0,0.0,0.0,123.7207147119692,123.7207147119692,123.7207147119692,strong,5,2600,72600
1.0,0.0049950273089797,60000.0,2.3051766083717347,2.303672681617737,-0.0015039267539975,0.6123968233551828,0.7825578722083005,180.0,151.0,158.0,174.0,0.0966666666666666,0.1222222222222222,0.7087584008519343,0.4012488215881831,0.3075095792637512,0.3075095792637512,0.0,0.5021410424354853,0.361483072791294,-0.0015360187461953,3.209199219773341e-05,1.0,1.0,0.0,21.55779403820634,0.0,-12.165827122633344,-9.084457336309242,1029.6925538771284,0.0205068127501276,0.3075095792637512,0.0,4.899174586841462,4.591665007577711,0.0,0.0,12.165827122633344,9.084457336309242,21.250284458942588,16.658619451364878,strong,5,2700,72700
5.0,0.0049756643332495,60000.0,2.1781555413722997,2.037307074069977,-0.1408484673023222,0.993263319819882,0.996625967863512,7936.0,5733.0,7324.0,11332.0,0.1427923387096774,0.077116935483871,57.43672725102739,4.701009591676357,52.73571765935104,52.73571765935104,0.0,53.093390853207104,0.0756546638249241,-0.2623952294459507,0.1215467621436284,1.0,1.0,5.890201215663637e-09,117.69564874586648,0.0,129.98116473446134,-194.9410958209768,987.8243344643196,0.1064618012639665,52.73571765935105,1.4210854715202004e-14,7.946106558559055,0.0,0.0,0.0,0.0,194.9410958209768,194.9410958209768,194.9410958209768,strong,5,2700,72700
10.0,0.0049525712910726,60000.0,1.521743981361389,1.4598676485061648,-0.0618763328552243,0.2568579935154269,0.5068115956797229,8009.0,5907.0,6695.0,8729.0,0.1089898863778249,0.1640654263953053,23.9041809887404,8.743738813221956,15.160442175518444,15.160442175518442,1.7763568394002505e-15,59.022660607242926,0.267819170907679,-0.075083170678439,0.0132068378232147,1.0,1.0,2.63417798684884e-09,92.34666761627886,0.0,72.47317363578924,-149.65939907654965,619.7220640932392,0.1296878566688009,15.160442175518456,1.0658141036401504e-14,2.054863948123415,0.0,0.0,0.0,0.0,149.65939907654965,149.65939907654965,149.65939907654965,strong,5,2700,72700
15.0,0.004930605096731,60000.0,1.2362002055168153,1.1924992669582368,-0.0437009385585784,0.2136621826376796,0.4622360680839171,7400.0,5575.0,6232.0,7840.0,0.1059459459459459,0.1578378378378379,18.383282386602698,6.794329523390175,11.588952863212524,11.588952863212524,0.0,54.23960721614753,0.2698559953850721,-0.0571405500531313,0.0134396114945529,1.0,1.0,2.63417798684884e-09,78.36089733004337,0.0,66.97658566764926,-133.74853013448012,600.766132218756,0.1153847423538789,11.588952863212512,1.0658141036401504e-14,1.709297461101437,0.0,0.0,0.0,0.0,133.74853013448012,133.74853013448012,133.74853013448012,strong,5,2700,72700
20.0,0.0049096652228095,60000.0,1.032263787841797,0.9997579276561738,-0.0325058601856232,0.099370687856725,0.3152311657446406,6205.0,4781.0,5275.0,6481.0,0.1044480257856567,0.1498791297340854,11.92918446633403,3.8162151001842943,8.112969366149736,8.112969366149736,0.0,81.64348603329786,0.2423701655878745,-0.0398319635507047,0.0073261033650814,1.0,1.0,0.0,61.60716331511503,0.0,61.53874045650355,-115.03293440546886,556.6207849818093,0.0996512103421215,8.112969366149713,2.3092638912203256e-14,0.7949655028538006,0.0,0.0,0.0,0.0,115.03293440546886,115.03293440546886,115.03293440546886,strong,5,2700,72700
25.0,0.0048896638427146,60000.0,0.8975759169578554,0.8769212049484254,-0.02065471200943,0.1254291535067337,0.3541597852759877,7354.0,5630.0,6122.0,7218.0,0.0981506663040522,0.167527875985858,13.436357351046066,4.912011922875598,8.524345428170468,8.52434542817047,1.7763568394002505e-15,67.96143631562364,0.2677083641354977,-0.041681183622935,0.0210264716135049,1.0,1.0,1.862645149230957e-09,63.704250915616285,0.0,80.14127115711722,-135.32117664456305,552.3840746873648,0.1034011654956573,8.524345428170449,1.9539925233402755e-14,1.00343322805387,0.0,0.0,0.0,0.0,135.32117664456305,135.32117664456305,135.32117664456305,strong,5,2700,72700
30.0,0.0048705237912742,60000.0,0.8053176697254181,0.792319793176651,-0.012997876548767,0.1202501519756787,0.3467710368177809,7550.0,5742.0,6274.0,7466.0,0.098887417218543,0.1690066225165563,12.068321143935863,5.259818325209247,6.808502818726618,6.808502818726618,0.0,56.61949450262379,0.3035420123767471,-0.0331609749615659,0.0201630984127988,1.0,1.0,0.0,65.0159524383489,0.0,73.86449715669642,-132.0719467763187,595.5937490623764,0.0984181011732803,6.808502818726623,5.3290705182007506e-15,0.96200121580543,0.0,0.0,0.0,0.0,132.0719467763187,132.0719467763187,132.0719467763187,strong,5,2700,72700
35.0,0.0048521769173698,60000.0,0.7406797779083253,0.738220089173317,-0.0024596887350082,0.0961846924200607,0.3101365705944089,7184.0,5537.0,5948.0,6866.0,0.0955734966592427,0.1720489977728285,10.225220476166989,4.835285580330674,5.389934895836315,5.389934895836315,0.0,56.03734607059119,0.3210573112345419,-0.026152917687703,0.0236932289526947,1.0,1.0,1.862645149230957e-09,56.86654986656504,0.0,81.17815366839022,-132.65476863911894,576.3620020262133,0.0898041468543793,5.389934895836319,4.440892098500626e-15,0.7694775393604861,0.0,0.0,0.0,0.0,132.65476863911894,132.65476863911894,132.65476863911894,strong,5,2700,72700
40.0,0.0048345627417287,60000.0,0.6958366374492646,0.6813757208347323,-0.0144609166145323,0.1213630382531922,0.3483719825892895,6729.0,5312.0,5749.0,6683.0,0.0993163917372566,0.1456382820627136,10.104460407138768,5.533831980304332,4.570628426834435,4.570628426834436,8.881784197001252e-16,37.6607943622754,0.3538642099279184,-0.02209698989866,0.0076360732841277,1.0,1.0,0.0,50.58844816905912,0.0,71.56122774160235,-117.57904748382704,610.7799861303793,0.0764905694700193,4.570628426834446,1.1546319456101628e-14,0.9709043060255378,0.0,0.0,0.0,0.0,117.57904748382704,117.57904748382704,117.57904748382704,strong,5,2700,72700
45.0,0.0048176273546297,60000.0,0.6655328627824783,0.649899419116974,-0.0156334436655042,0.2253212600446612,0.4746801660535872,7266.0,5661.0,6072.0,6944.0,0.0955684007707129,0.1643270024772914,14.224199803365638,8.13611050130157,6.088089302064068,6.088089302064069,8.881784197001252e-16,27.01959549159871,0.3638639352694198,-0.0293301455590526,0.0136967018935484,1.0,1.0,0.0,57.26635698007885,0.0,86.41548399952194,-137.59375167753672,627.5455648072711,0.0836234813649482,6.088089302064077,8.881784197001252e-15,1.8025700803572893,0.0,0.0,0.0,0.0,137.59375167753672,137.59375167753672,137.59375167753672,strong,5,2700,72700
50.0,0.004801322503961,60000.0,0.6313779249191286,0.6284465412139894,-0.0029313837051392,0.1196299254719159,0.3458755924778675,6996.0,5491.0,5884.0,6704.0,0.0958261863922241,0.1589479702687249,9.419404977398926,5.462295625048756,3.9571093523501695,3.9571093523501695,0.0,33.0779220729276,0.3670478106615274,-0.0189993581840737,0.0160679744789345,1.0,1.0,0.0,57.55630903120618,0.0,78.90059646151337,-132.49979614036937,652.5950378174057,0.0810479474363031,3.9571093523501872,1.6875389974302383e-14,0.9570394037753271,0.0,0.0,0.0,0.0,132.49979614036937,132.49979614036937,132.49979614036937,strong,5,2700,72700
55.0,0.0047856048355997,60000.0,0.6098078625440598,0.6046731672286987,-0.0051346953153611,0.1170816223712572,0.3421719193201821,7271.0,5632.0,6001.0,6777.0,0.0932058863980195,0.1746664832897813,10.42110605942032,5.429625246645311,4.991480812775008,4.991480812775008,0.0,42.63248759013082,0.3425473021908803,-0.0238872547144192,0.018752559399058,1.0,1.0,0.0,54.76279512455221,0.0,78.255709387774,-128.02702369955122,654.9032286049987,0.0771669958732897,4.991480812774995,1.3322676295501878e-14,0.936652978970058,0.0,0.0,0.0,0.0,128.02702369955122,128.02702369955122,128.02702369955122,strong,5,2700,72700
60.0,0.0047704352566433,60000.0,0.5875904127836227,0.5900486590385436,0.0024582462549209,0.0822248477257739,0.2867487536603671,6940.0,5404.0,5812.0,6684.0,0.0963112391930835,0.162536023054755,9.376846774057114,4.093631775155468,5.283214998901646,5.283214998901645,8.881784197001252e-16,64.25326583177834,0.3038965364296401,-0.0252032350991874,0.0276614813541083,0.0,1.0,0.0,51.01123305666261,0.0,86.6605678757926,-132.38858593355357,608.3888738557653,0.0773600618530642,5.283214998901627,1.8651746813702633e-14,0.6577987818061913,0.0,0.0,0.0,0.0,132.38858593355357,132.38858593355357,132.38858593355357,strong,5,2700,72700
65.0,0.0047557783984597,60000.0,0.5709852195501328,0.5731494834184647,0.0021642638683319,0.0927478342425164,0.3045452909544268,7150.0,5423.0,5872.0,6810.0,0.0952447552447552,0.1787412587412588,9.220767948798494,5.081903874796813,4.138864074001681,4.138864074001681,0.0,44.62491343117947,0.3553115066524234,-0.0196835203572981,0.02184778422563,0.0,1.0,0.0,50.19842944620177,0.0,80.2587898764018,-126.31835524860188,625.9825950603954,0.0742381516589157,4.138864074001688,7.105427357601002e-15,0.7419826739401318,0.0,0.0,0.0,0.0,126.31835524860188,126.31835524860188,126.31835524860188,strong,5,2700,72700
70.0,0.0047416021613943,60000.0,0.5608226296186447,0.5528614839076996,-0.007961145710945,0.1598080656350653,0.3997600100498614,6804.0,5458.0,5778.0,6444.0,0.0947089947089947,0.1507936507936508,11.191894014025465,5.55784853202603,5.634045481999433,5.634045481999433,0.0,35.255075891258414,0.3318169528125799,-0.0267144022348424,0.0187532565238973,1.0,1.0,0.0,56.339538055239245,0.0,88.15753668914749,-138.8630292623873,683.5716971693764,0.0761436444982974,5.634045481999436,3.552713678800501e-15,1.2784645250805224,0.0,0.0,0.0,0.0,138.8630292623873,138.8630292623873,138.8630292623873,strong,5,2700,72700
75.0,0.0047278773267132,60000.0,0.5417316256046295,0.5414131942510604,-0.0003184313535691,0.0334180629279271,0.1828060801175036,6828.0,5389.0,5686.0,6298.0,0.0922378441710603,0.167252489748096,4.652747653376596,2.9943762104074803,1.658371442969116,1.658371442969116,0.0,49.62500209978448,0.3915689432714058,-0.0078405767444824,0.0075221453909133,1.0,1.0,1.31708899342442e-09,58.50999141635839,0.0,73.74606883592543,-130.5976888093147,646.6440292480547,0.0829747682091195,1.658371442969127,1.1102230246251564e-14,0.2673445034234174,0.0,0.0,0.0,0.0,130.5976888093147,130.5976888093147,130.5976888093147,strong,5,2700,72700
80.0,0.0047145772242381,60000.0,0.5321364450216294,0.5272113523721695,-0.0049250926494598,0.0908477346112958,0.3014095794949056,7920.0,5970.0,6390.0,7276.0,0.0918686868686868,0.1931818181818182,9.686207827686744,6.769554207759491,2.916653619927253,2.916653619927252,8.881784197001252e-16,32.104858006713584,0.4113789560870931,-0.0137507887275007,0.0088256960780409,1.0,1.0,9.313225746154783e-10,64.28707279142691,0.0,94.24279411819134,-155.61321328969103,722.971633750436,0.0816593989462705,2.9166536199272173,3.5527136788005016e-14,0.7267818768903669,0.0,0.0,0.0,0.0,155.61321328969103,155.61321328969103,155.61321328969103,strong,5,2700,72700
85.0,0.0047016774463746,60000.0,0.5225699792385101,0.5262936640501023,0.0037236848115921,0.0835861397521887,0.2891126765677851,6665.0,5248.0,5533.0,6131.0,0.0919879969992498,0.1698424606151537,6.528694535296722,5.878153896744411,0.6505406385523109,0.6505406385523116,6.661338147750939e-16,7.782876927693938,0.4737830021009902,-0.0030586322482315,0.0067823170598236,0.0,1.0,0.0,53.50807402282953,0.0,74.63705463365068,-127.49458801792788,652.0209007089725,0.0758410723573329,0.6505406385523287,1.7763568394002505e-14,0.6686891180175101,0.0181484794651991,0.0,0.0,0.0,127.49458801792788,127.49458801792788,127.47643953846269,strong,5,2700,72700
90.0,0.0046891556009951,60000.0,0.5215226314544678,0.5131834358930588,-0.0083391955614089,0.1890483592321381,0.4347969172293407,5653.0,4537.0,4739.0,5151.0,0.0911197594197771,0.1616840615602335,8.730944181761547,5.157245763949812,3.573698417811736,3.573698417811736,0.0,18.903620387540546,0.3713403823039126,-0.0167576279521493,0.0084184323907403,1.0,1.0,9.313225746154783e-10,39.74489583435934,0.0,61.15920089507949,-97.33039831162708,623.9103002473494,0.0598878695880292,3.5736984178117552,1.9539925233402755e-14,1.5123868738571051,0.0,0.0,0.0,0.0,97.33039831162708,97.33039831162708,97.33039831162708,strong,5,2700,72700
95.0,0.0046769910970246,60000.0,0.5067783955574036,0.5127974939346314,0.0060190983772278,0.0452205724248033,0.2126512930240569,6955.0,5596.0,5963.0,6729.0,0.0967505391804457,0.1426312005751258,5.558896215492758,2.905326862005928,2.6535693534868297,2.653569353486829,4.440892098500626e-16,58.68057857735913,0.3432479077411673,-0.0124107202415952,0.018429818618823,0.0,1.0,0.0,51.09184887871379,0.0,72.76885727695571,-121.20713680218267,668.729322598323,0.0709785303673076,2.65356935348683,4.440892098500626e-16,0.3617645793984264,0.0,0.0,0.0,0.0,121.20713680218267,121.20713680218267,121.20713680218267,strong,5,2700,72700
100.0,0.004665164957684,60000.0,0.5024865767717362,0.5034276844501496,0.0009411076784133,0.1411413143636978,0.3756877884143931,5928.0,4815.0,5032.0,5472.0,0.0923076923076923,0.1511470985155195,8.142076439137384,5.8819946572109,2.260081781926484,2.260081781926483,8.881784197001252e-16,16.012900206544963,0.4194213375560045,-0.0105436543305435,0.0114847620089569,0.0,1.0,1.31708899342442e-09,44.11478164605796,0.0,75.3019640989105,-117.15666396304196,640.1958052371556,0.0644660224343229,2.2600817819265018,1.7763568394002505e-14,1.1291305149095825,0.0,0.0,0.0,0.0,117.15666396304196,117.15666396304196,117.15666396304196,strong,5,2700,72700
105.0,0.0046536596572292,60000.0,0.4962088752031326,0.4881602926254272,-0.0080485825777054,0.1764121223084966,0.4200144310717152,6091.0,4876.0,5155.0,5743.0,0.0942866524380233,0.1536693482186832,9.782110369435252,5.612102137845102,4.170008231590152,4.170008231590152,0.0,23.6378780382107,0.3645592221876229,-0.0194057990776649,0.0113572164999594,1.0,1.0,0.0,49.44844913168345,0.0,73.1823778261334,-118.4608187262267,647.9046539633564,0.0709087676131618,4.170008231590145,6.217248937900877e-15,1.4112969784679728,0.0,0.0,0.0,0.0,118.4608187262267,118.4608187262267,118.4608187262267,strong,5,2700,72700
110.0,0.0046424589777348,60000.0,0.4868841393709183,0.4848661148548126,-0.0020180245161056,0.1125244609198242,0.3354466588294244,6467.0,5047.0,5339.0,5937.0,0.0918045461574145,0.1744239987629503,7.177313125897532,5.6537219176331845,1.5235912082643477,1.5235912082643477,0.0,13.540088935417645,0.4406286709102034,-0.0070732096832046,0.0050551851670989,1.0,1.0,1.6130979885176087e-09,49.30230767108151,0.0,67.22065406988168,-114.99937053269883,708.79113181703,0.0650346053705094,1.5235912082643497,1.7763568394002505e-15,0.9001956873585941,0.0,0.0,0.0,0.0,114.99937053269883,114.99937053269883,114.99937053269883,strong,5,2700,72700
115.0,0.0046315478830482,60000.0,0.4863616946697235,0.4927726325035095,0.0064109378337859,0.1794621884271676,0.4236297775501241,6731.0,5505.0,5841.0,6533.0,0.0970583865696033,0.1322240380329817,10.502949370416673,6.6129837122101565,3.889965658206516,3.889965658206515,8.881784197001252e-16,21.675683843481085,0.3863641952960501,-0.0180165622093967,0.0244275000431827,0.0,1.0,9.313225746154783e-10,54.4285495406948,0.0,65.1867009126787,-115.72528479516696,749.3838060652961,0.0677130043611501,3.889965658206535,1.8651746813702633e-14,1.4356975074173413,0.0,0.0,0.0,0.0,115.72528479516696,115.72528479516696,115.72528479516696,strong,5,2700,72700
120.0,0.0046209124075087,60000.0,0.4765047501325607,0.47186506960392,-0.0046396805286407,0.0519987911292073,0.2280324343798649,6126.0,5018.0,5302.0,5890.0,0.0961475677440417,0.1345086516487104,5.235429348201735,3.040765623493691,2.194663724708044,2.194663724708044,0.0,42.20605281485699,0.3674110667877092,-0.0101413488358128,0.0055016683071721,1.0,1.0,0.0,42.57367765059462,0.0,57.6434020879592,-98.02241601384576,677.0793464008148,0.0591586170386929,2.1946637247080503,6.217248937900877e-15,0.4159903290336591,0.0,0.0,0.0,0.0,98.02241601384576,98.02241601384576,98.02241601384576,strong,5,2700,72700
125.0,0.0046105395574086,60000.0,0.4702008140802383,0.4709654177665711,0.0007646036863327,0.0821047064191242,0.2865391882781903,5852.0,4817.0,5086.0,5640.0,0.0963773069036226,0.1308954203691046,6.623270408446601,3.727449480283005,2.895820928163596,2.895820928163596,0.0,35.26985302622173,0.3601149987974887,-0.01335129694047,0.0141159006268028,0.0,1.0,0.0,43.07593598449603,0.0,61.61865071958391,-101.79876577591637,667.2340177724145,0.0606438580181264,2.8958209281635874,7.993605777301127e-15,0.6568376513529938,0.0,0.0,0.0,0.0,101.79876577591637,101.79876577591637,101.79876577591637,strong,5,2700,72700
130.0,0.0046004172234895,60000.0,0.4723336958169937,0.4686153280973434,-0.0037183677196502,0.1504323385439433,0.3878560796789749,5894.0,4900.0,5104.0,5520.0,0.0936545639633525,0.1340346114692908,7.320263868407869,4.962706773091014,2.3575570953168548,2.357557095316854,8.881784197001252e-16,15.671876925772716,0.4040314772327273,-0.0108457462666557,0.0071273785470055,1.0,1.0,0.0,40.81532657565549,0.0,58.0263995215289,-96.48416900186754,688.6207874356151,0.0559546282281066,2.357557095316849,5.3290705182007506e-15,1.2034587083515464,0.0,0.0,0.0,0.0,96.48416900186754,96.48416900186754,96.48416900186754,strong,5,2700,72700
135.0,0.0045905341030286,60000.0,0.4626974548339844,0.4582767186164856,-0.0044207362174988,0.0876903186668421,0.2961255116784809,6193.0,4916.0,5143.0,5619.0,0.0907314710156628,0.1695462619086064,7.003526892639592,3.8750417028855866,3.128485189754005,3.128485189754005,0.0,35.67651751432124,0.3562087850858942,-0.0143614179543858,0.0099406817368869,1.0,1.0,0.0,45.73798662307672,0.0,68.65562486443923,-111.26512629776194,633.6000275552287,0.0673272887259212,3.1284851897540165,1.1546319456101628e-14,0.7015225493347372,0.0,0.0,0.0,0.0,111.26512629776194,111.26512629776194,111.26512629776194,strong,5,2700,72700
140.0,0.0045808796302822,60000.0,0.4617226654767991,0.4529180769681931,-0.0088045885086059,0.188718585529593,0.4344175244273566,5456.0,4458.0,4718.0,5248.0,0.0961876832844574,0.1352639296187683,9.782941248984894,5.225395576363539,4.557545672621355,4.557545672621356,8.881784197001252e-16,24.149956719057148,0.3481661983716991,-0.0208775681357921,0.0120729796271861,1.0,1.0,0.0,39.26762620828231,0.0,56.80608516993243,-91.51616570559338,648.7556002215351,0.0570731113425396,4.557545672621359,3.552713678800501e-15,1.509748684236744,0.0,0.0,0.0,0.0,91.51616570559338,91.51616570559338,91.51616570559338,strong,5,2700,72700
145.0,0.0045714439142384,60000.0,0.4488741876602173,0.4517239955186845,0.0028498078584671,0.0566695170440569,0.2380536011995133,5588.0,4628.0,4866.0,5360.0,0.0959198282032927,0.1292054402290623,4.334907626261593,3.298402290338407,1.0365053359231862,1.0365053359231855,4.440892098500626e-16,18.290350615082343,0.4321064291082221,-0.0047383260099817,0.0075881338684488,0.0,1.0,0.0,38.99350201839116,0.0,43.76008012096327,-81.71707680343124,669.3761341337013,0.0550468287011937,1.0365053359231808,5.3290705182007506e-15,0.4533561363524555,0.0,0.0,0.0,0.0,81.71707680343124,81.71707680343124,81.71707680343124,strong,5,2700,72700
150.0,0.0045622176827774,60000.0,0.4525069547414779,0.4456220156669617,-0.0068849390745162,0.119754594330846,0.3460557676601359,6770.0,5414.0,5736.0,6404.0,0.0945937961595273,0.1527326440177252,9.630426165909974,5.618361982993018,4.012064182916956,4.012064182916956,0.0,33.502382145212955,0.3684464580483536,-0.0183039101597416,0.0114189710852253,1.0,1.0,0.0,55.756054322235286,0.0,65.52809614804369,-117.272086287362,731.748784324358,0.0708009037989629,4.012064182916959,2.664535259100376e-15,0.958036754646768,0.0,0.0,0.0,0.0,117.272086287362,117.272086287362,117.272086287362,strong,5,2700,72700
1.0,0.0049950273089797,60000.0,2.305176560688019,2.3040964102745063,-0.0010801504135127,0.6123968224967378,0.7825578716598139,181.0,146.0,151.0,161.0,0.0889502762430939,0.1657458563535911,0.6589268482055104,0.4412618284790142,0.2176650197264962,0.2176650197264962,0.0,0.3554313342761599,0.4010783221372351,-0.0010872427177434,7.092304230737383e-06,1.0,1.0,9.313225746154783e-10,21.9652358815074,0.0,-12.859289918182183,-8.888280943598716,1037.4684361736072,0.0207329976957393,0.2176650197264962,0.0,4.899174579973902,4.681509560247406,0.0,0.0,12.859289918182183,8.888280943598716,21.7475708617809,17.066061301533495,strong,5,2800,72800
5.0,0.0049756643332495,60000.0,2.188007959318161,1.9937676735877996,-0.1942402857303617,1.070876062834669,1.0348314175916138,8428.0,5899.0,7552.0,11842.0,0.1405078310393925,0.1039392501186521,66.46082052617326,5.238652197893096,61.22216832828017,61.222168328280176,7.105427357601002e-15,57.1701716501363,0.0730640268172392,-0.304620959355223,0.1103806736248612,1.0,1.0,4.165001232792065e-09,122.97007921990009,0.0,143.77153292001276,-205.51944381163264,972.9208257062128,0.1122101467099874,61.22216832828019,2.131628207280301e-14,8.567008502677352,0.0,0.0,0.0,0.0,205.51944381163264,205.51944381163264,205.51944381163264,strong,5,2800,72800
10.0,0.0049525712910726,60000.0,1.5179791662216189,1.4587187398910524,-0.0592604263305662,0.2142405140823123,0.462861225511829,8168.0,5811.0,6654.0,8820.0,0.1079823702252693,0.1853574926542605,21.89402983849112,7.225315015417287,14.668714823073833,14.668714823073833,0.0,68.46844484996912,0.2481276639864891,-0.0726478559096866,0.0133874295791204,1.0,1.0,4.5625303535246076e-09,90.00347439711913,0.0,70.92815818024451,-146.26291775428982,619.5613984335541,0.1268431934039625,14.668714823073827,3.552713678800501e-15,1.7139241126584983,0.0,0.0,0.0,0.0,146.26291775428982,146.26291775428982,146.26291775428982,strong,5,2800,72800
15.0,0.004930605096731,60000.0,1.2390519607543948,1.1980838464736938,-0.040968114280701,0.1974738398911773,0.4443802874691645,7111.0,5172.0,5895.0,7667.0,0.1078188721698776,0.1710026719167486,17.800289521722952,7.196929913010759,10.603359608712193,10.603359608712193,0.0,53.69500899235781,0.2879092185353465,-0.0522809789291883,0.0113128646484873,1.0,1.0,4.165001232792065e-09,73.8180422980804,0.0,71.07591457745934,-134.29059726682755,561.2441559579893,0.1162375000445476,10.603359608712196,3.552713678800501e-15,1.5797907191294185,0.0,0.0,0.0,0.0,134.29059726682755,134.29059726682755,134.29059726682755,strong,5,2800,72800
20.0,0.0049096652228095,60000.0,1.0487431552886963,1.013863910150528,-0.0348792451381683,0.1651837031423863,0.4064279802651219,7260.0,5356.0,5966.0,7392.0,0.1018181818181818,0.1782369146005509,16.06176927116231,5.652441953631222,10.409327317531089,10.409327317531089,0.0,63.01667246531199,0.2603107197915252,-0.0511063123237239,0.0162270671855556,1.0,1.0,0.0,68.15002720383927,0.0,70.30382449931767,-128.04452438562586,576.6714922736937,0.1056882023091566,10.40932731753108,7.105427357601002e-15,1.3214696251390907,0.0,0.0,0.0,0.0,128.04452438562586,128.04452438562586,128.04452438562586,strong,5,2800,72800
25.0,0.0048896638427146,60000.0,0.920426308774948,0.887796906042099,-0.032629402732849,0.1749682782667766,0.4182920968256233,6425.0,5013.0,5439.0,6433.0,0.100124513618677,0.1534630350194552,14.685004860313835,4.308856029800976,10.37614883051286,10.37614883051286,0.0,59.30302871639508,0.2268551957250293,-0.0507358797631845,0.0181064770303354,1.0,1.0,1.862645149230957e-09,61.2554068537429,0.0,71.40288039354527,-122.28213841677533,573.4204773090278,0.0965144704285521,10.376148830512848,1.4210854715202004e-14,1.399746226134213,0.0,0.0,0.0,0.0,122.28213841677533,122.28213841677533,122.28213841677533,strong,5,2800,72800
30.0,0.0048705237912742,60000.0,0.8080474913597108,0.7924159700870516,-0.0156315212726592,0.1047836244523802,0.3237029880189248,7137.0,5487.0,5881.0,6751.0,0.0945915650833683,0.1759843071318481,9.270895782011612,4.758725836318973,4.512169945692639,4.512169945692639,0.0,43.06178536268549,0.3391913171843065,-0.0219766310707687,0.0063451097981095,1.0,1.0,0.0,59.2731690412038,0.0,75.21724542493371,-129.9782445204449,593.3882528143004,0.0908176384513294,4.512169945692619,1.9539925233402755e-14,0.8382689956190417,0.0,0.0,0.0,0.0,129.9782445204449,129.9782445204449,129.9782445204449,strong,5,2800,72800
35.0,0.0048521769173698,60000.0,0.7474682631015778,0.7367528820991517,-0.010715381002426,0.1267941217299391,0.3560816222861539,6890.0,5309.0,5716.0,6636.0,0.0963134978229317,0.1703918722786647,10.690463431937983,6.006053373658492,4.684410058279491,4.684410058279491,0.0,36.94500970839083,0.3597189427944237,-0.0227295863562787,0.0120142053538526,1.0,1.0,2.63417798684884e-09,51.92030598275596,0.0,76.68451058461437,-123.92040650909084,605.2657300888095,0.0790039701590707,4.684410058279482,8.881784197001252e-15,1.0143529738395134,0.0,0.0,0.0,0.0,123.92040650909084,123.92040650909084,123.92040650909084,strong,5,2800,72800
40.0,0.0048345627417287,60000.0,0.6892328195095063,0.6874478015899657,-0.0017850179195406,0.0611092658962936,0.2472028840776208,6270.0,4893.0,5224.0,5928.0,0.0945454545454545,0.1668261562998405,6.072244866653657,3.633977036921888,2.4382678297317684,2.4382678297317693,8.881784197001252e-16,39.90013288442484,0.3743966574247819,-0.011787958803977,0.0100029408844363,1.0,1.0,0.0,47.67809412634233,0.0,70.16752501002702,-115.40735130663758,584.1029659557462,0.075466165636791,2.438267829731771,2.664535259100376e-15,0.4888741271703493,0.0,0.0,0.0,0.0,115.40735130663758,115.40735130663758,115.40735130663758,strong,5,2800,72800
45.0,0.0048176273546297,60000.0,0.6554334349393847,0.6524906062364579,-0.0029428287029267,0.0692854170433438,0.2632212321286864,6844.0,5304.0,5686.0,6512.0,0.0951490356516656,0.1691992986557569,6.337681906972907,4.3127093333964925,2.024972573576415,2.024972573576415,0.0,29.226533663059648,0.4049343574393338,-0.0097555632628367,0.00681273455991,1.0,1.0,0.0,50.71650311537087,0.0,70.71457914694565,-119.4061096887401,575.7987267272401,0.0809501520467611,2.02497257357642,5.3290705182007506e-15,0.5542833363467505,0.0,0.0,0.0,0.0,119.4061096887401,119.4061096887401,119.4061096887401,strong,5,2800,72800
50.0,0.004801322503961,60000.0,0.6285954886674882,0.6241422611951828,-0.0044532274723053,0.0705476515414111,0.2656080788331017,6810.0,5251.0,5616.0,6390.0,0.0938325991189427,0.1753303964757709,6.5034693039624925,4.682290369691944,1.8211789342705489,1.8211789342705489,0.0,25.814876817005374,0.4185938645472631,-0.008744067400853,0.0042908399285476,1.0,1.0,0.0,51.556329240323976,0.0,77.27265880133905,-127.00780910739248,634.0078944365632,0.075202770885289,1.8211789342705345,1.4210854715202004e-14,0.5643812123312894,0.0,0.0,0.0,0.0,127.00780910739248,127.00780910739248,127.00780910739248,strong,5,2800,72800
55.0,0.0047856048355997,60000.0,0.6044571331024171,0.6007473054409027,-0.0037098276615143,0.0573442757616954,0.239466648537318,6137.0,4948.0,5283.0,5989.0,0.0975883982401825,0.1391559393840639,6.025923786841211,3.0386795402329554,2.987244246608256,2.987244246608256,0.0,52.09315501729055,0.3352247672170081,-0.0142957705116858,0.0105859428501714,1.0,1.0,0.0,45.77538791799452,0.0,59.04007707058713,-101.82822074197338,629.5150079857412,0.0677862267783827,2.9872442466082703,1.4210854715202004e-14,0.4587542060935632,0.0,0.0,0.0,0.0,101.82822074197338,101.82822074197338,101.82822074197338,strong,5,2800,72800
60.0,0.0047704352566433,60000.0,0.5890922452688218,0.5898402539730072,0.0007480087041854,0.137258068517921,0.3704835603882054,6582.0,5347.0,5676.0,6358.0,0.0965967790945001,0.137648131267092,9.726476141886112,5.364111482906585,4.362364658979528,4.362364658979528,0.0,31.782209279813365,0.3554607425686826,-0.0208103781715309,0.0215583868757163,0.0,1.0,0.0,55.35425130906515,0.0,76.19827125011966,-127.19015790020526,623.0812160361093,0.0815910340384696,4.362364658979544,1.5987211554602254e-14,1.0980645481433682,0.0,0.0,0.0,0.0,127.19015790020526,127.19015790020526,127.19015790020526,strong,5,2800,72800
65.0,0.0047557783984597,60000.0,0.5658092094421385,0.5688752184391023,0.0030660089969637,0.0293218988817514,0.1712363830549789,7292.0,5559.0,5964.0,6806.0,0.0933351618211738,0.1821173889193637,4.945832774003309,2.996002304344596,1.9498304696587128,1.9498304696587132,2.220446049250313e-16,66.49741469752469,0.3772430772974244,-0.0092729616282614,0.0123389706252252,0.0,1.0,0.0,53.15758180699777,0.0,70.5220980043315,-121.72984934167056,652.9887425888337,0.0752784231405277,1.949830469658707,6.217248937900877e-15,0.2345751910540118,0.0,0.0,0.0,0.0,121.72984934167056,121.72984934167056,121.72984934167056,strong,5,2800,72800
70.0,0.0047416021613943,60000.0,0.556712812113762,0.5621533378839493,0.0054405257701872,0.1263111732011829,0.3554028322920104,5729.0,4631.0,4917.0,5511.0,0.0961947983941351,0.1417350322918484,7.547974866030266,5.5905856441546975,1.9573892218755689,1.9573892218755689,0.0,15.49656433606174,0.4255097535092141,-0.0092811609651351,0.0147216867353224,0.0,1.0,9.313225746154783e-10,45.72671238146722,0.0,70.86800642426897,-114.63732958386063,607.7682398037941,0.069972556373326,1.9573892218755589,9.769962616701378e-15,1.0104893856094632,0.0,0.0,0.0,0.0,114.63732958386063,114.63732958386063,114.63732958386063,strong,5,2800,72800
75.0,0.0047278773267132,60000.0,0.562228547859192,0.546249119925499,-0.015979427933693,0.4114417918590138,0.6414372859906211,6809.0,5327.0,5695.0,6459.0,0.0948597444558672,0.16360699074754,20.73593374627533,9.159575769525912,11.57635797674942,11.57635797674942,0.0,28.136077097185638,0.3063863408879058,-0.05473160040419,0.038752172470497,1.0,1.0,0.0,55.51957815384958,0.0,90.34370064434997,-134.2869208214501,680.9818178314308,0.0753828552891964,11.57635797674942,1.7763568394002505e-15,3.291534334872111,0.0,0.0,0.0,0.0,134.2869208214501,134.2869208214501,134.2869208214501,strong,5,2800,72800
80.0,0.0047145772242381,60000.0,0.5267099704742433,0.5291953713893891,0.0024854009151458,0.0429943271334886,0.207350734586325,6538.0,5045.0,5430.0,6230.0,0.095289079229122,0.1694707861731416,5.106539687223137,3.6766410397138474,1.4298986475092903,1.4298986475092903,0.0,33.25784453073883,0.4186001807338451,-0.0067413675965162,0.009226768511662,0.0,1.0,1.31708899342442e-09,49.98673732194584,0.0,70.18251990752515,-118.73935858196168,645.3555949687798,0.0718879536030407,1.4298986475093045,1.4210854715202004e-14,0.3439546170679089,0.0,0.0,0.0,0.0,118.73935858196168,118.73935858196168,118.73935858196168,strong,5,2800,72800
85.0,0.0047016774463746,60000.0,0.5279259700775146,0.5237803918600082,-0.0041455782175063,0.1894647439983774,0.4352754805848561,7921.0,5901.0,6377.0,7353.0,0.0928291882338088,0.1949248832218154,14.50024644986931,8.015176918275781,6.485069531593529,6.485069531593529,0.0,34.22837090814673,0.3559860628521729,-0.0304907051548645,0.0263451269373581,1.0,1.0,1.862645149230957e-09,66.7910641815397,0.0,89.45943747875185,-149.76543212869802,689.5337920067286,0.0883100213288689,6.485069531593524,5.3290705182007506e-15,1.5157179519870194,0.0,0.0,0.0,0.0,149.76543212869802,149.76543212869802,149.76543212869802,strong,5,2800,72800
90.0,0.0046891556009951,60000.0,0.5193567641496659,0.5148167953252792,-0.0045399688243866,0.1726588273000832,0.4155223547537283,6729.0,5352.0,5673.0,6349.0,0.0943528013077723,0.1569326794471689,10.54248134452299,5.706857615620976,4.835623728902014,4.835623728902015,8.881784197001252e-16,28.00681438949912,0.3512055247058748,-0.0226749920926858,0.0181350232682991,1.0,1.0,1.31708899342442e-09,50.06115372548811,0.0,69.7123970128755,-114.9379270094616,695.9126864655191,0.0671084574663769,4.835623728902021,7.105427357601002e-15,1.381270618400666,0.0,0.0,0.0,0.0,114.9379270094616,114.9379270094616,114.9379270094616,strong,5,2800,72800
95.0,0.0046769910970246,60000.0,0.5049928385734558,0.5114827226400375,0.0064898840665816,0.0931734701102155,0.3052432965852248,6320.0,5103.0,5372.0,5932.0,0.0938607594936708,0.15,7.145550859275914,6.002422078817661,1.1431287804582526,1.1431287804582526,0.0,12.268822649902786,0.4565283262355116,-0.0053464031289558,0.0118362871955375,0.0,1.0,0.0,50.033272530301474,0.0,81.53482787919154,-130.42497162903476,647.0155975731141,0.0717787154907495,1.1431287804582553,2.664535259100376e-15,0.7453877608817243,0.0,0.0,0.0,0.0,130.42497162903476,130.42497162903476,130.42497162903476,strong,5,2800,72800
100.0,0.004665164957684,60000.0,0.5011711489915849,0.503785732793808,0.0026145838022231,0.0898878358894604,0.2998130015350576,6549.0,5302.0,5627.0,6289.0,0.096029928233318,0.1407848526492594,6.322089439033148,5.155559328056945,1.1665301109762023,1.1665301109762023,0.0,12.977619267758795,0.4491825314292157,-0.0054420553958094,0.0080566391980325,0.0,1.0,1.31708899342442e-09,49.83688277262263,0.0,70.17203313124674,-118.84238579289315,688.6142737916816,0.0674883942283904,1.166530110976197,5.3290705182007506e-15,0.7191026871156835,0.0,0.0,0.0,0.0,118.84238579289315,118.84238579289315,118.84238579289315,strong,5,2800,72800
105.0,0.0046536596572292,60000.0,0.4905637133598328,0.5113460406780244,0.0207823273181915,0.0801437447800363,0.2830967057032566,7969.0,6420.0,6835.0,7699.0,0.0966118710001254,0.1423014179947296,7.816779210491139,5.3583497851044894,2.458429425386649,2.458429425386649,0.0,30.675250228624712,0.4067018840495418,-0.0114406938370671,0.0322230211552587,0.0,1.0,0.0,84.96415802766569,0.0,50.09606817663689,-132.6017967789159,768.9765602504413,0.0994965531084969,2.4584294253866688,1.9539925233402755e-14,0.6411499582402904,0.0,0.0,0.0,0.0,132.6017967789159,132.6017967789159,132.6017967789159,strong,5,2800,72800
110.0,0.0046424589777348,60000.0,0.495602862405777,0.4806524082422257,-0.0149504541635512,0.2154237944562367,0.4641376891141644,6953.0,5447.0,5773.0,6479.0,0.0931827987918884,0.1697109161513016,11.701962755216446,6.554965615000107,5.146997140216339,5.146997140216338,8.881784197001252e-16,23.892426336692115,0.3590398933532298,-0.0238947230819727,0.0089442689184214,1.0,1.0,0.0,52.295708595076576,0.0,68.27217509550559,-115.42088655036582,709.5832780857017,0.0686404396358395,5.146997140216342,3.552713678800501e-15,1.7233903556498935,0.0,0.0,0.0,0.0,115.42088655036582,115.42088655036582,115.42088655036582,strong,5,2800,72800
115.0,0.0046315478830482,60000.0,0.4778467428445816,0.4798547452449798,0.0020080024003982,0.0863543012888695,0.2938610237661155,6045.0,4984.0,5263.0,5839.0,0.0965922249793217,0.1293631100082712,6.625877723384522,4.343975641343597,2.281902082040925,2.281902082040925,0.0,26.42488038213154,0.3959921337974292,-0.0105687387574,0.0125767411577982,0.0,1.0,9.313225746154783e-10,44.5145753986435,0.0,61.759361229457,-103.9920345460596,627.7071238257049,0.0662200810387513,2.281902082040915,9.769962616701378e-15,0.6908344103109563,0.0,0.0,0.0,0.0,103.9920345460596,103.9920345460596,103.9920345460596,strong,5,2800,72800
120.0,0.0046209124075087,60000.0,0.4722346086978912,0.4780200619697571,0.0057854532718658,0.0588082349439645,0.2425040926334327,6404.0,4999.0,5354.0,6102.0,0.0952841973766396,0.1639600249843847,5.205996109967882,4.448190204003014,0.7578059059648679,0.7578059059648683,4.440892098500626e-16,12.886050851329642,0.4607524714502235,-0.0035017547133564,0.0092872079852223,0.0,1.0,0.0,51.35762285639066,0.0,62.33597044357839,-112.9357873940042,682.7200323110264,0.0699621116306527,0.7578059059648581,9.769962616701378e-15,0.4704658795517163,0.0,0.0,0.0,0.0,112.9357873940042,112.9357873940042,112.9357873940042,strong,5,2800,72800
125.0,0.0046105395574086,60000.0,0.4699797571897507,0.4865976991891861,0.0166179419994353,0.1013542860653642,0.3183618791020122,5655.0,4641.0,4933.0,5535.0,0.0978779840848806,0.1276746242263483,6.5483386329292985,4.183256990658849,2.3650816422704493,2.3650816422704493,0.0,23.33479652498552,0.3898075493511898,-0.0109043024681888,0.0275222444676242,0.0,1.0,0.0,43.76315740501741,0.0,51.42432315224232,-92.8223989149893,654.3022781897635,0.0626920560358777,2.3650816422704395,9.769962616701378e-15,0.8108342885229137,0.0,0.0,0.0,0.0,92.8223989149893,92.8223989149893,92.8223989149893,strong,5,2800,72800
130.0,0.0046004172234895,60000.0,0.4717195312261582,0.468774545121193,-0.0029449861049651,0.1352363675493032,0.3677449762393815,6164.0,4923.0,5166.0,5668.0,0.0919532770927968,0.1619078520441271,7.88953974099434,6.049346194254936,1.840193546739404,1.840193546739404,0.0,13.607238792986086,0.4339906519327401,-0.0084656580869743,0.0055206719820091,1.0,1.0,0.0,47.09820772369858,0.0,65.50032847233342,-110.7583426492926,676.994783139955,0.0650444187666044,1.840193546739414,9.769962616701378e-15,1.081890940394426,0.0,0.0,0.0,0.0,110.7583426492926,110.7583426492926,110.7583426492926,strong,5,2800,72800
135.0,0.0045905341030286,60000.0,0.4589523446559906,0.4641251519918442,0.0051728073358535,0.0601142324555881,0.2451820394229318,6741.0,5066.0,5399.0,6077.0,0.0901498294021658,0.1990802551550214,6.252874496445806,4.495019801190495,1.7578546952553102,1.7578546952553102,0.0,29.241905343364373,0.4182232981374826,-0.0080694919267385,0.013242299262592,0.0,1.0,0.0,49.65190229163272,0.0,72.33536528857121,-120.22941288494864,652.688811225551,0.0706948939966555,1.757854695255304,6.217248937900877e-15,0.4809138596447049,0.0,0.0,0.0,0.0,120.22941288494864,120.22941288494864,120.22941288494864,strong,5,2800,72800
140.0,0.0045808796302822,60000.0,0.4559885786771774,0.4699693701028824,0.0139807914257049,0.0497219001236469,0.2229840804264891,6187.0,4917.0,5259.0,5977.0,0.0966057863261677,0.1499919185388718,3.86507163734312,4.127769091450711,-0.2626974541075908,-0.2626974541075908,0.0,-5.283334978235392,0.5164332971856449,0.0012033854164484,0.0127774060092565,0.0,0.0,0.0,43.086151728755794,0.0,49.6710264842236,-93.019875667087,665.4287323449353,0.0608119218061119,-0.2626974541075952,4.440892098500626e-15,0.3977752009891759,0.6604726550967668,0.0,0.0,0.0,93.019875667087,93.019875667087,92.35940301199022,strong,5,2800,72800
145.0,0.0045714439142384,60000.0,0.4504613985061646,0.4554638408184052,0.0050024423122405,0.0540428549670988,0.2324711916928607,6478.0,5122.0,5438.0,6092.0,0.0940413707934547,0.1605433775856746,6.069224065160668,4.031917681961244,2.0373063831994243,2.0373063831994243,0.0,37.69797847356016,0.399154648345574,-0.0093134318669161,0.0143158741791566,0.0,1.0,0.0,54.05755271547241,0.0,59.70081214392121,-111.7210584761942,664.980966690171,0.0751803293656038,2.0373063831994216,2.664535259100376e-15,0.4323428397367904,0.0,0.0,0.0,0.0,111.7210584761942,111.7210584761942,111.7210584761942,strong,5,2800,72800
150.0,0.0045622176827774,60000.0,0.4484025377035141,0.4544347504854202,0.0060322127819061,0.0647229140427852,0.2544069850510895,5982.0,4928.0,5186.0,5720.0,0.0956201939150785,0.133065864259445,6.084104074119392,3.847951661382682,2.2361524127367094,2.2361524127367094,0.0,34.54962505641347,0.3874275138859926,-0.0102018140787727,0.0162340268606789,0.0,1.0,0.0,45.6756542827643,0.0,60.077534282008855,-103.51703615203644,657.9473130264596,0.0649149564537893,2.2361524127367005,8.881784197001252e-15,0.5177833123422823,0.0,0.0,0.0,0.0,103.51703615203644,103.51703615203644,103.51703615203644,strong,5,2800,72800
1.0,0.0049950273089797,60000.0,2.305176632213593,2.30373495426178,-0.0014416779518127,0.612396815905966,0.7825578674487695,182.0,146.0,152.0,168.0,0.0923076923076923,0.1648351648351648,0.6878635003704403,0.3954101991214429,0.2924533012489974,0.2924533012489974,0.0,0.4775552283307492,0.365014122753015,-0.00146081222634,1.913427452730765e-05,1.0,1.0,0.0,21.74712623655796,0.0,-11.79516413633246,-9.659508798976503,1023.2172222034204,0.0208113571233546,0.2924533012489974,0.0,4.899174527247728,4.60672122599873,0.0,0.0,11.79516413633246,9.659508798976503,21.454672935308963,16.847951709310234,strong,5,2900,72900
5.0,0.0049756643332495,60000.0,2.193382620048523,2.008549735069275,-0.1848328849792477,1.1275055330040693,1.0618406344664293,8496.0,6182.0,7774.0,11814.0,0.1390536723163841,0.0849811676082862,67.92194559826356,4.821402594778832,63.10054300348473,63.10054300348472,7.105427357601002e-15,55.96473024426124,0.0662796353830738,-0.3139671212311176,0.1291342362518698,1.0,1.0,0.0,124.6099629511591,0.0,157.2453944297631,-218.75481437743755,1000.3143386757164,0.1107718650676734,63.10054300348469,4.263256414560601e-14,9.020044264032554,0.0,0.0,0.0,0.0,218.75481437743755,218.75481437743755,218.75481437743755,strong,5,2900,72900
10.0,0.0049525712910726,60000.0,1.517047455215454,1.4493966817855837,-0.0676507734298703,0.2376243820987603,0.4874673138773104,8282.0,6081.0,6846.0,8866.0,0.1070514368510021,0.1733880705143685,23.04688796226141,7.362823335105613,15.684064627155797,15.684064627155797,0.0,66.00359983529493,0.2421207903983985,-0.0776764481997792,0.0100256747699088,1.0,1.0,1.862645149230957e-09,91.5275461258134,0.0,78.57049262984538,-154.41397412850296,627.7589175666762,0.1272476971913979,15.684064627155806,1.0658141036401504e-14,1.9009950567900824,0.0,0.0,0.0,0.0,154.41397412850296,154.41397412850296,154.41397412850296,strong,5,2900,72900
15.0,0.004930605096731,60000.0,1.2254214974403383,1.182466997241974,-0.0429545001983644,0.1831406835701986,0.427949393702338,7036.0,5180.0,5746.0,7170.0,0.1019044911881751,0.1833428084138715,18.328943204156737,6.138484561295948,12.190458642860788,12.19045864286079,1.7763568394002505e-15,66.5633566786821,0.2508839351704683,-0.0601063375159783,0.0171518373176138,1.0,1.0,1.862645149230957e-09,77.25754232658073,0.0,74.78842911122842,-139.85551279494834,573.2135476778931,0.1187716771948302,12.190458642860818,3.0198066269804264e-14,1.465125468561589,0.0,0.0,0.0,0.0,139.85551279494834,139.85551279494834,139.85551279494834,strong,5,2900,72900
20.0,0.0049096652228095,60000.0,1.023478925037384,0.9942830650329592,-0.0291958600044247,0.1295712512317944,0.3599600689407013,7953.0,5794.0,6331.0,7573.0,0.0952219288318873,0.2039481956494404,15.308804552963778,5.6844130845398215,9.624391468423957,9.624391468423958,1.7763568394002505e-15,74.27875687645057,0.2707737890729447,-0.0472525400832261,0.0180566800788014,1.0,1.0,0.0,73.42352896288503,0.0,76.84373647714938,-140.64287397161044,581.5446772066462,0.1121024322574219,9.624391468423966,8.881784197001252e-15,1.0365700098543555,0.0,0.0,0.0,0.0,140.64287397161044,140.64287397161044,140.64287397161044,strong,5,2900,72900
25.0,0.0048896638427146,60000.0,0.8844243566513063,0.8620063825130464,-0.0224179741382598,0.1166128303291168,0.341486208109664,7103.0,5447.0,5947.0,7131.0,0.1003941996339574,0.1627481345910179,13.261820734075972,3.902857793501852,9.35896294057412,9.35896294057412,0.0,80.25671715676813,0.2273772728822903,-0.0457621826958315,0.0233442085575717,1.0,1.0,2.2812651767623038e-09,64.01345315814251,0.0,76.4208771931676,-131.075367410736,576.2071409655691,0.0999865573611538,9.358962940574116,3.552713678800501e-15,0.9329026426329344,0.0,0.0,0.0,0.0,131.075367410736,131.075367410736,131.075367410736,strong,5,2900,72900
30.0,0.0048705237912742,60000.0,0.7938837621212005,0.777388399553299,-0.0164953625679015,0.1197515659624467,0.3460513920828042,6150.0,4979.0,5340.0,6186.0,0.1005853658536585,0.1317073170731707,9.445215406195246,4.287140798654708,5.158074607540538,5.158074607540539,8.881784197001252e-16,43.07312865668976,0.3121926590529735,-0.0251225250931939,0.0086271625252923,1.0,1.0,0.0,50.77528334624367,0.0,63.82703442896445,-109.44424316766757,557.5983306669041,0.0834606928648722,5.158074607540556,1.7763568394002505e-14,0.9580125276995736,0.0,0.0,0.0,0.0,109.44424316766757,109.44424316766757,109.44424316766757,strong,5,2900,72900
35.0,0.0048521769173698,60000.0,0.7327497038841249,0.7230468544960021,-0.0097028493881227,0.112855249250697,0.3359393535308077,7495.0,5831.0,6305.0,7377.0,0.098425617078052,0.1587725150100066,11.98785913330939,5.710124616137013,6.2777345171723775,6.2777345171723775,0.0,55.62642906602419,0.3226426635359311,-0.0304606785175995,0.0207578291294768,1.0,1.0,1.862645149230957e-09,62.25634244491812,0.0,93.83374000974618,-149.81234793749192,591.7539139812543,0.095191691312483,6.277734517172377,8.881784197001252e-16,0.9028419940055762,0.0,0.0,0.0,0.0,149.81234793749192,149.81234793749192,149.81234793749192,strong,5,2900,72900
40.0,0.0048345627417287,60000.0,0.6885377869367599,0.6779547307014466,-0.0105830562353133,0.1419209861685863,0.3767240185714023,6141.0,4786.0,5149.0,5931.0,0.0965803615046409,0.1615372089236281,9.26324986485019,4.569766697183871,4.693483167666319,4.693483167666319,0.0,33.07110029584338,0.3303521452960593,-0.0226909388513305,0.0121078826160172,1.0,1.0,0.0,47.27811779422336,0.0,55.73396994762789,-98.31860457418496,602.8487924912624,0.0727213672380711,4.693483167666301,1.7763568394002505e-14,1.1353678893486905,0.0,0.0,0.0,0.0,98.31860457418496,98.31860457418496,98.31860457418496,strong,5,2900,72900
45.0,0.0048176273546297,60000.0,0.6519633682727813,0.659881001496315,0.0079176332235336,0.0567137907184989,0.2381465740221743,6253.0,5037.0,5383.0,6121.0,0.0978890132736286,0.139133216056293,5.960979517752538,3.323081021959712,2.637898495792826,2.637898495792826,0.0,46.51247011306533,0.3579340104198316,-0.0127084119520682,0.0206260451756018,0.0,1.0,0.0,49.26610213110689,0.0,55.887567930489695,-102.51577156580376,599.5858599607345,0.0759281084275022,2.6378984957928253,8.881784197001252e-16,0.4537103257479918,0.0,0.0,0.0,0.0,102.51577156580376,102.51577156580376,102.51577156580376,strong,5,2900,72900
50.0,0.004801322503961,60000.0,0.6249334711790085,0.6171502614498139,-0.0077832097291946,0.1191270171768146,0.3451478193134279,6620.0,5298.0,5602.0,6232.0,0.0941389728096676,0.1537764350453172,9.17806622102544,5.503747812294228,3.674318408731211,3.674318408731212,4.440892098500626e-16,30.843703601489423,0.3748683779677183,-0.0176415876625596,0.009858377933365,1.0,1.0,0.0,51.41545494287857,0.0,75.16862906184906,-122.9097655959964,640.0595477955176,0.0743562019440498,3.674318408731224,1.3322676295501878e-14,0.9530161374145174,0.0,0.0,0.0,0.0,122.9097655959964,122.9097655959964,122.9097655959964,strong,5,2900,72900
55.0,0.0047856048355997,60000.0,0.6041412836790084,0.5979302964210512,-0.0062109872579572,0.0922645652625341,0.3037508275915214,5812.0,4658.0,4994.0,5722.0,0.0984514796971782,0.1407432897453544,7.606537604611807,4.364137793147109,3.242399811464698,3.242399811464698,0.0,35.14241683401004,0.3645690529679001,-0.015516844216693,0.0093058569587358,1.0,1.0,0.0,41.80791509250412,0.0,70.13378202946103,-108.69929731050044,601.9345658573438,0.0649450926880204,3.242399811464722,2.398081733190338e-14,0.7381165221002731,0.0,0.0,0.0,0.0,108.69929731050044,108.69929731050044,108.69929731050044,strong,5,2900,72900
60.0,0.0047704352566433,60000.0,0.5890463381290436,0.5786830847501755,-0.0103632533788681,0.1409872927692183,0.3754827463003038,6435.0,5196.0,5535.0,6259.0,0.0972649572649572,0.1398601398601399,10.798912019964956,5.981160466846184,4.817751553118772,4.817751553118772,0.0,34.17153034497182,0.3564442568139844,-0.022982771866746,0.0126195184878779,1.0,1.0,0.0,44.43737217213493,0.0,75.16700103646144,-114.7866216554776,645.3306544101215,0.0644236474577089,4.817751553118782,1.0658141036401504e-14,1.127898342153747,0.0,0.0,0.0,0.0,114.7866216554776,114.7866216554776,114.7866216554776,strong,5,2900,72900
65.0,0.0047557783984597,60000.0,0.5695454892635344,0.5649893095731736,-0.0045561796903608,0.0972380547048555,0.3118301696514556,6456.0,5045.0,5292.0,5814.0,0.0900557620817843,0.1802973977695167,7.95678501035162,5.479275981048714,2.4775090293029063,2.4775090293029067,4.440892098500626e-16,25.478800833920754,0.4078037443083721,-0.0117824839235476,0.0072263042331868,1.0,1.0,0.0,48.980972701567225,0.0,75.82823913747279,-122.33170280973712,601.8292345090667,0.0752615311789579,2.477509029302894,1.2434497875801752e-14,0.7779044376388446,0.0,0.0,0.0,0.0,122.33170280973712,122.33170280973712,122.33170280973712,strong,5,2900,72900
70.0,0.0047416021613943,60000.0,0.5552154762506486,0.5492759961128235,-0.005939480137825,0.0891823590070848,0.2986341557944852,5763.0,4667.0,4953.0,5565.0,0.0965642894325872,0.1405517959396147,8.17022164693788,3.3191450077710885,4.851076639166792,4.851076639166793,8.881784197001252e-16,54.39502490376387,0.2888884224450023,-0.0230018754773627,0.0170623953395377,1.0,1.0,0.0,39.6492753601633,0.0,73.83665454048287,-108.63485326147938,585.5626679669658,0.0634173351666406,4.851076639166791,8.881784197001252e-16,0.7134588720566791,0.0,0.0,0.0,0.0,108.63485326147938,108.63485326147938,108.63485326147938,strong,5,2900,72900
75.0,0.0047278773267132,60000.0,0.5415751541137696,0.5386448264837266,-0.0029303276300429,0.0889498353057623,0.2982445897342688,6900.0,5266.0,5614.0,6340.0,0.0918840579710145,0.1863768115942029,7.429053905179856,5.6790984231837545,1.7499554819961016,1.7499554819961012,4.440892098500626e-16,19.673510085551964,0.4332493459734396,-0.0082735748460869,0.005343247216044,1.0,1.0,9.313225746154783e-10,57.21200444741408,0.0,75.55826681764029,-131.02031578305824,674.9476567932707,0.0781414320893685,1.7499554819961247,2.3092638912203256e-14,0.7115986824460987,0.0,0.0,0.0,0.0,131.02031578305824,131.02031578305824,131.02031578305824,strong,5,2900,72900
80.0,0.0047145772242381,60000.0,0.5307078086137772,0.5272556226968765,-0.0034521859169006,0.0728707179090225,0.2699457684591897,5699.0,4657.0,4985.0,5661.0,0.0993332163537462,0.1252851377434637,6.036653616655618,3.5573783792206743,2.479275237434944,2.479275237434944,0.0,34.0229286684161,0.3707907562482287,-0.0116887345670283,0.0082365486501277,1.0,1.0,1.31708899342442e-09,40.09970114857424,0.0,51.97005628285001,-89.59048219398932,627.0704040815835,0.0601041635921933,2.4792752374349334,1.0658141036401504e-14,0.58296574327218,0.0,0.0,0.0,0.0,89.59048219398932,89.59048219398932,89.59048219398932,strong,5,2900,72900
85.0,0.0047016774463746,60000.0,0.5248180686473847,0.5170187677860261,-0.0077993008613586,0.1679348978123257,0.4097986064060317,7172.0,5606.0,5966.0,6722.0,0.0937255995538204,0.1681539319576129,12.032107800613824,6.392046885265817,5.640060915348007,5.640060915348006,8.881784197001252e-16,33.58480571233629,0.3469384074464328,-0.0265177472018707,0.0187184463405121,1.0,1.0,1.31708899342442e-09,58.95953634812031,0.0,77.08832066125706,-130.40779609402938,671.9793582952916,0.0806627431926217,5.640060915347988,1.9539925233402755e-14,1.3434791824986057,0.0,0.0,0.0,0.0,130.40779609402938,130.40779609402938,130.40779609402938,strong,5,2900,72900
90.0,0.0046891556009951,60000.0,0.5206361792087555,0.5100567118406295,-0.0105794673681259,0.2176769887516047,0.4665586659270244,7118.0,5496.0,5986.0,7098.0,0.0997190221972464,0.1590334363585276,13.99990433603047,6.878603344338615,7.121300991691856,7.121300991691856,0.0,32.71499221177717,0.3294585728847943,-0.033392888431564,0.022813421063438,1.0,1.0,0.0,55.17606695194263,0.0,83.16233524038671,-131.2171012006375,710.2010721080387,0.0720900378860395,7.12130099169184,1.5987211554602254e-14,1.741415910012838,0.0,0.0,0.0,0.0,131.2171012006375,131.2171012006375,131.2171012006375,strong,5,2900,72900
95.0,0.0046769910970246,60000.0,0.5119555125236512,0.5011940164566041,-0.0107614960670471,0.2020497734903386,0.4494994699555703,6021.0,4719.0,4999.0,5575.0,0.0925925925925925,0.1697392459724298,11.713756419582031,6.466581756787821,5.24717466279421,5.24717466279421,0.0,25.969713165974483,0.3556909499732437,-0.0245409891824216,0.0137794931153745,1.0,1.0,0.0,45.43566416797694,0.0,70.9129750683611,-111.10146457354384,650.3774324298429,0.0652986619397288,5.247174662794208,1.7763568394002505e-15,1.6163981879227094,0.0,0.0,0.0,0.0,111.10146457354384,111.10146457354384,111.10146457354384,strong,5,2900,72900
100.0,0.004665164957684,60000.0,0.497933400607109,0.4890405328750611,-0.0088928677320479,0.1307273497399751,0.3615623732358985,6516.0,5243.0,5548.0,6178.0,0.0948127685696746,0.1485573971761816,9.016924741253348,4.979301318268081,4.037623422985267,4.037623422985268,8.881784197001252e-16,30.885835527273755,0.3557602811709899,-0.0188361793052351,0.0099433115731871,1.0,1.0,9.313225746154783e-10,47.3025900964858,0.0,63.783672971565466,-107.048639645066,710.4061361179047,0.0624284615709991,4.037623422985263,4.440892098500626e-15,1.0458187979198017,0.0,0.0,0.0,0.0,107.048639645066,107.048639645066,107.048639645066,strong,5,2900,72900
105.0,0.0046536596572292,60000.0,0.4920528031349181,0.4877853804588319,-0.0042674226760862,0.1544359609497823,0.3929834105274449,6904.0,5355.0,5704.0,6446.0,0.0933661645422943,0.1738122827346465,10.78712978727005,6.185363060841529,4.601766726428521,4.601766726428522,8.881784197001252e-16,29.797248633852,0.3644345657526516,-0.0214150561667603,0.017147633490674,1.0,1.0,0.0,51.77848027588334,0.0,72.48671301720401,-119.6634265666588,690.4877602428605,0.0697572884895009,4.6017667264285365,1.5099033134902132e-14,1.2354876875982583,0.0,0.0,0.0,0.0,119.6634265666588,119.6634265666588,119.6634265666588,strong,5,2900,72900
110.0,0.0046424589777348,60000.0,0.4821984229326248,0.4766831678152085,-0.0055152551174163,0.1084790422095535,0.3293615675963932,6265.0,5012.0,5329.0,5979.0,0.0954349561053471,0.1494014365522745,8.238362075633411,4.989726612962862,3.248635462670549,3.2486354626705487,4.440892098500626e-16,29.94712523728799,0.3772069216064772,-0.0150816568690625,0.0095664017516462,1.0,1.0,1.31708899342442e-09,49.75556925334968,0.0,75.8619094823008,-122.36884327297994,658.9680088082896,0.0702044785774325,3.248635462670535,1.4210854715202004e-14,0.8678323376764281,0.0,0.0,0.0,0.0,122.36884327297994,122.36884327297994,122.36884327297994,strong,5,2900,72900
115.0,0.0046315478830482,60000.0,0.4782743054628372,0.4965007242918015,0.0182264188289642,0.079906452610355,0.2826772941188504,7091.0,5604.0,5937.0,6633.0,0.0935411084473276,0.1627415033140601,7.400163833935904,5.768600136677986,1.631563697257918,1.631563697257918,0.0,20.418422342108627,0.4380517525829017,-0.0075566653880932,0.0257830842170575,0.0,1.0,0.0,59.57045504701091,0.0,64.37223028284961,-122.3111216326026,687.8502458174771,0.0797013716346229,1.6315636972579313,1.3322676295501878e-14,0.6392516208828405,0.0,0.0,0.0,0.0,122.3111216326026,122.3111216326026,122.3111216326026,strong,5,2900,72900
120.0,0.0046209124075087,60000.0,0.4692018966436386,0.4730080090999603,0.0038061124563216,0.0518149148499461,0.2276288972207749,6939.0,5604.0,5965.0,6737.0,0.0970889177114858,0.140366046980833,5.559986802023351,3.891399278600528,1.668587523422823,1.668587523422823,2.220446049250313e-16,32.2028421402406,0.411727893179416,-0.0077103967899988,0.0115165092463205,0.0,1.0,0.0,50.46450154669583,0.0,56.52624758139154,-105.32216160466452,690.3471983494819,0.0681205514893572,1.668587523422843,2.042810365310288e-14,0.4145193187995688,0.0,0.0,0.0,0.0,105.32216160466452,105.32216160466452,105.32216160466452,strong,5,2900,72900
125.0,0.0046105395574086,60000.0,0.4647609175682068,0.4623542364358902,-0.0024066811323166,0.0745394734427723,0.2730191814557584,6453.0,5251.0,5517.0,6055.0,0.0938323260498992,0.1450488145048815,7.428498488773126,4.115985966402674,3.312512522370453,3.312512522370453,0.0,44.4397091819227,0.3565326786470167,-0.0152724700188004,0.0128657888864838,1.0,1.0,0.0,50.77221154037397,0.0,64.33909130272218,-111.7987903207257,710.5288991062116,0.066691366701478,3.3125125223704543,1.7763568394002505e-15,0.5963157875421786,0.0,0.0,0.0,0.0,111.7987903207257,111.7987903207257,111.7987903207257,strong,5,2900,72900
130.0,0.0046004172234895,60000.0,0.4748501784086227,0.4634434406995774,-0.0114067377090453,0.2638097723545942,0.5136241547616255,6349.0,5107.0,5425.0,6083.0,0.0958103638368247,0.145534729878721,14.803049167181545,7.921548820022281,6.881500347159264,6.881500347159263,8.881784197001252e-16,26.08508504343669,0.3485891730398438,-0.031657772720521,0.0202510350114756,1.0,1.0,1.6130979885176087e-09,45.44759483949747,0.0,76.28996638433523,-114.85606087667344,667.0564944597427,0.0637857319305997,6.881500347159246,1.7763568394002505e-14,2.110478178836754,0.0,0.0,0.0,0.0,114.85606087667344,114.85606087667344,114.85606087667344,strong,5,2900,72900
135.0,0.0045905341030286,60000.0,0.466215675330162,0.4538526147603988,-0.0123630605697632,0.2256155013566879,0.4749900013228572,6391.0,5070.0,5393.0,6067.0,0.0949303708339853,0.156157095916132,14.468747567415656,6.332445099789345,8.136302467626312,8.136302467626312,0.0,36.06269258406667,0.3044270201762531,-0.0373499739501947,0.0249869133804314,1.0,1.0,1.31708899342442e-09,46.52282823901624,0.0,86.02406765908518,-124.41059343047507,618.0188073074678,0.0700073941954868,8.136302467626322,1.0658141036401504e-14,1.8049240108535032,0.0,0.0,0.0,0.0,124.41059343047507,124.41059343047507,124.41059343047507,strong,5,2900,72900
140.0,0.0045808796302822,60000.0,0.452318003821373,0.4513868829250336,-0.0009311208963393,0.0665696582176166,0.2580109653049975,5960.0,4907.0,5164.0,5698.0,0.0956040268456375,0.1335570469798658,6.007162873531566,3.34555514758749,2.6616077259440765,2.661607725944076,4.440892098500626e-16,39.9822951958573,0.3577093995598931,-0.012192504615579,0.0112613837192396,1.0,1.0,0.0,44.99841764039593,0.0,63.202306305631055,-105.53911622008292,678.4535350404694,0.0621995938688771,2.661607725944066,1.0658141036401504e-14,0.5325572657409331,0.0,0.0,0.0,0.0,105.53911622008292,105.53911622008292,105.53911622008292,strong,5,2900,72900
145.0,0.0045714439142384,60000.0,0.4502350385904313,0.4514356119155884,0.0012005733251571,0.0526972348368007,0.2295587829659339,7464.0,5641.0,6150.0,7246.0,0.0970793140407288,0.1760450160771703,5.997199667357119,3.702261986064826,2.294937681292293,2.294937681292293,0.0,43.54948961552796,0.3816976774951914,-0.0104911788967,0.0116917522218572,0.0,1.0,9.313225746154783e-10,68.94873831816949,0.0,68.7413657335801,-135.39516637045728,710.7221199227133,0.0884331350715528,2.2949376812923106,1.7763568394002505e-14,0.421577878694406,0.0,0.0,0.0,0.0,135.39516637045728,135.39516637045728,135.39516637045728,strong,5,2900,72900
150.0,0.0045622176827774,60000.0,0.4481702581882477,0.4465309009552002,-0.0016393572330474,0.1260985684082226,0.3551036023588364,5731.0,4596.0,4821.0,5281.0,0.0921479671959518,0.1587855522596405,7.381894667525691,5.316266553357416,2.065628114168275,2.065628114168275,0.0,16.3810592003008,0.4186642822438263,-0.0094238451085006,0.0077844878754531,1.0,1.0,0.0,40.270220388658345,0.0,58.03313834764367,-96.23773062213372,657.5762514708949,0.0577064182632466,2.065628114168291,1.5987211554602254e-14,1.008788547265781,0.0,0.0,0.0,0.0,96.23773062213372,96.23773062213372,96.23773062213372,strong,5,2900,72900
1.0,0.0049950273089797,60000.0,2.3051766083717347,2.3041146272182464,-0.0010619811534882,0.612396820992636,0.7825578706987976,181.0,148.0,155.0,171.0,0.0944751381215469,0.1436464088397789,0.6491498742589101,0.4348165263099872,0.2143333479489229,0.2143333479489229,0.0,0.3499909545603278,0.4011346902282052,-0.0010706009262299,8.619772741715742e-06,1.0,1.0,9.313225746154783e-10,21.801836039870977,0.0,-12.157172612496652,-9.430330079425405,1031.5492256795496,0.0206975972514643,0.2143333479489229,0.0,4.899174567941088,4.684841219992165,0.0,0.0,12.157172612496652,9.430330079425405,21.58750269192205,16.90266147192989,strong,5,3000,73000
5.0,0.0049756643332495,60000.0,2.2070080547809603,2.0390919938087464,-0.1679160609722139,1.0662222464763496,1.0325803825738458,8538.0,6213.0,7716.0,11404.0,0.1335675802295619,0.0962754743499648,60.54684558796343,5.095638641220276,55.45120694674316,55.45120694674316,0.0,52.00717498626413,0.0776271449969717,-0.2759065926405488,0.1079905316683349,1.0,1.0,2.63417798684884e-09,125.53921119868755,0.0,157.70400174347742,-227.79200599542185,991.7692809616436,0.1123585939599866,55.45120694674313,2.8421709430404014e-14,8.529777971810796,0.0,0.0,0.0,0.0,227.79200599542185,227.79200599542185,227.79200599542185,strong,5,3000,73000
10.0,0.0049525712910726,60000.0,1.532133668041229,1.4621610567092898,-0.0699726113319392,0.2458596884361195,0.4958424028218235,8073.0,5980.0,6789.0,8945.0,0.1108014368883934,0.1590486807878112,24.660754687648367,6.9930660302574665,17.6676886573909,17.6676886573909,0.0,71.86086002863135,0.2209232841930405,-0.0875004876242033,0.0175278762922641,1.0,1.0,4.165001232792065e-09,95.17966019146844,0.0,74.97406631254125,-152.4860378466188,612.920626529416,0.1344155086170525,17.667688657390897,3.552713678800501e-15,1.9668775074889564,0.0,0.0,0.0,0.0,152.4860378466188,152.4860378466188,152.4860378466188,strong,5,3000,73000
15.0,0.004930605096731,60000.0,1.249378398513794,1.2027519726753235,-0.0466264258384705,0.2766212518418366,0.5259479554498113,6778.0,5028.0,5706.0,7330.0,0.1081439952788433,0.1581587488934789,19.75798127898506,7.074668022378596,12.683313256606464,12.683313256606462,1.7763568394002505e-15,45.850827339391785,0.2636589455972599,-0.0625364089864601,0.0159099831479895,1.0,1.0,1.862645149230957e-09,71.08506996562937,0.0,68.74761826554732,-127.14937497457022,577.4625791621802,0.1096065494358466,12.683313256606468,3.552713678800501e-15,2.2129700147346933,0.0,0.0,0.0,0.0,127.14937497457022,127.14937497457022,127.14937497457022,strong,5,3000,73000
20.0,0.0049096652228095,60000.0,1.0414316581726075,1.007373332452774,-0.0340583257198334,0.1804096458781276,0.4247465666466624,7083.0,5393.0,5945.0,7227.0,0.1020330368487928,0.1606663843004376,15.37426098968426,5.746973603787652,9.62728738589661,9.62728738589661,0.0,53.36348474626542,0.2720945870069503,-0.0472667580685297,0.0132084323486963,1.0,1.0,3.725290298461914e-09,64.16875572872232,0.0,78.65505479899502,-133.19652314182073,556.5868489261593,0.103372011863506,9.627287385896608,1.7763568394002505e-15,1.443277167025021,0.0,0.0,0.0,0.0,133.19652314182073,133.19652314182073,133.19652314182073,strong,5,3000,73000
25.0,0.0048896638427146,60000.0,0.8992460644245147,0.8720395564079285,-0.0272065080165861,0.1236404332704477,0.3516254161326336,6696.0,5069.0,5616.0,6910.0,0.1031959378733572,0.1612903225806451,12.498472159870293,4.1002469810824,8.398225178787893,8.398225178787893,0.0,67.92458548262962,0.2470218904400995,-0.0410644979996948,0.0138579899831086,1.0,1.0,1.6130979885176087e-09,57.509243433887605,0.0,74.96946829864055,-124.08048655374026,559.0218530479542,0.0932787393240291,8.398225178787897,3.552713678800501e-15,0.989123466163582,0.0,0.0,0.0,0.0,124.08048655374026,124.08048655374026,124.08048655374026,strong,5,3000,73000
30.0,0.0048705237912742,60000.0,0.8067435050487519,0.7925763778686524,-0.0141671271800994,0.2274323294891566,0.4768986574621033,6808.0,5314.0,5766.0,6786.0,0.0996768507638072,0.1530552291421856,12.94180094395676,7.045266841223096,5.896534102733664,5.896534102733663,8.881784197001252e-16,25.92654314352787,0.3524912667003144,-0.0287192096334244,0.0145520824533249,1.0,1.0,1.862645149230957e-09,54.62994187849108,0.0,79.80265518731744,-128.53606296307484,571.5693315634489,0.0872405066492883,5.896534102733682,1.7763568394002505e-14,1.8194586359132527,0.0,0.0,0.0,0.0,128.53606296307484,128.53606296307484,128.53606296307484,strong,5,3000,73000
35.0,0.0048521769173698,60000.0,0.7339979235172271,0.7491702402591706,0.0151723167419434,0.0912751380445703,0.3021177552620341,7228.0,5754.0,6208.0,7186.0,0.0994189263973436,0.1411178749308246,9.173608094369149,4.496725884488214,4.676882209880933,4.676882209880932,8.881784197001252e-16,51.23938796561641,0.3289404554009348,-0.0226930599040417,0.0378653766459851,0.0,1.0,1.31708899342442e-09,58.26745310216211,0.0,85.22759262493946,-138.81816351722065,597.5835871209383,0.0888425107663796,4.676882209880944,1.0658141036401504e-14,0.7302011043565626,0.0,0.0,0.0,0.0,138.81816351722065,138.81816351722065,138.81816351722065,strong,5,3000,73000
40.0,0.0048345627417287,60000.0,0.6896259880065917,0.6769836659193039,-0.0126423220872877,0.1023287453304599,0.3198886452040146,6706.0,5218.0,5674.0,6706.0,0.1,0.1538920369818073,10.514821144144566,4.10551274443211,6.409308399712456,6.409308399712456,0.0,62.63448632165152,0.280808412155339,-0.0309862035894989,0.0183438815022111,1.0,1.0,0.0,51.09088804258499,0.0,76.29577679505292,-120.97735643792544,597.569565381953,0.0787636856430136,6.409308399712458,1.7763568394002505e-15,0.8186299626436797,0.0,0.0,0.0,0.0,120.97735643792544,120.97735643792544,120.97735643792544,strong,5,3000,73000
45.0,0.0048176273546297,60000.0,0.657493117427826,0.6479722583293914,-0.0095208590984345,0.1597242933628992,0.3996552181104348,6584.0,5293.0,5666.0,6454.0,0.0980255164034022,0.1394289185905225,11.122761919061752,4.420237102432987,6.702524816628765,6.702524816628765,0.0,41.96308949322062,0.2843876587986751,-0.0322902669016755,0.0227694078032409,1.0,1.0,0.0,50.77480522089172,0.0,69.19563402730637,-113.26791443156932,627.1500529679361,0.0748973940217265,6.702524816628767,1.7763568394002505e-15,1.2777943469031938,0.0,0.0,0.0,0.0,113.26791443156932,113.26791443156932,113.26791443156932,strong,5,3000,73000
50.0,0.004801322503961,60000.0,0.6308356102228165,0.6244951300859451,-0.0063404801368713,0.1777096638247688,0.4215562404054396,7695.0,5983.0,6475.0,7501.0,0.097478882391163,0.1585445094217024,12.283936265078973,7.210816330846971,5.073119934232002,5.073119934232002,0.0,28.547237246672005,0.3698849880430851,-0.0243576849055217,0.0180172047686503,1.0,1.0,0.0,59.90453072392848,0.0,84.18964473745814,-139.02105552715466,666.2703808509177,0.0824932530291005,5.073119934231954,4.796163466380676e-14,1.4216773105981508,0.0,0.0,0.0,0.0,139.02105552715466,139.02105552715466,139.02105552715466,strong,5,3000,73000
55.0,0.0047856048355997,60000.0,0.6050325927734375,0.5983908734083175,-0.0066417193651199,0.0934249636015046,0.3056549747697633,6953.0,5418.0,5797.0,6599.0,0.0949086725154609,0.1662591687041564,9.513161749316057,4.423783241358312,5.089378507957743,5.089378507957743,0.0,54.47557389121398,0.3174141280114401,-0.0243557543978797,0.0177140350327598,1.0,1.0,0.0,52.027297273045406,0.0,81.74681924971355,-128.6847380148012,652.645104628089,0.0738318928521693,5.089378507957747,4.440892098500626e-15,0.7473997088120371,0.0,0.0,0.0,0.0,128.6847380148012,128.6847380148012,128.6847380148012,strong,5,3000,73000
60.0,0.0047704352566433,60000.0,0.5838974939346314,0.5864955117464067,0.0025980178117752,0.099371148518238,0.3152318964163335,7552.0,5776.0,6218.0,7154.0,0.0947298728813559,0.1766419491525424,8.766113130709002,5.740033109805843,3.026080020903158,3.026080020903159,4.440892098500626e-16,30.45229994848825,0.3956966250467168,-0.0144357188211405,0.0170337366329157,0.0,1.0,0.0,53.79699780361261,0.0,85.56235101040897,-136.33326879311846,648.8481249280303,0.0765635397773322,3.026080020903123,3.5527136788005016e-14,0.7949691881459043,0.0,0.0,0.0,0.0,136.33326879311846,136.33326879311846,136.33326879311846,strong,5,3000,73000
65.0,0.0047557783984597,60000.0,0.5658376704216004,0.5654545524835586,-0.0003831179380417,0.0793949255654439,0.2817710516810482,6401.0,5179.0,5473.0,6087.0,0.0950945164817997,0.1449773472894859,6.41246500822789,4.307142550165246,2.105322458062644,2.105322458062644,0.0,26.51709089804814,0.4018003949027854,-0.0100124470678464,0.0096293291298046,1.0,1.0,0.0,40.707496970600914,0.0,70.3833992002451,-108.98557371278338,625.7294439635298,0.0610822937179053,2.10532245806263,1.3322676295501878e-14,0.6351594045235518,0.0,0.0,0.0,0.0,108.98557371278338,108.98557371278338,108.98557371278338,strong,5,3000,73000
70.0,0.0047416021613943,60000.0,0.5532726465463638,0.5464466777801514,-0.0068259687662123,0.1695746640668202,0.4117944439484586,6276.0,5206.0,5542.0,6254.0,0.0996494582536647,0.1169534735500318,11.60274975147086,5.111371984252422,6.491377767218438,6.49137776721844,1.7763568394002505e-15,38.28035162529078,0.3058115804749602,-0.03077953085147,0.0239535620852577,1.0,1.0,0.0,46.29459803609643,0.0,77.27109338834225,-117.07431365722024,618.1355263004516,0.0696756458511312,6.491377767218438,0.0,1.3565973125345616,0.0,0.0,0.0,0.0,117.07431365722024,117.07431365722024,117.07431365722024,strong,5,3000,73000
75.0,0.0047278773267132,60000.0,0.5509101730108262,0.5388898096561432,-0.012020363354683,0.3041571115324094,0.5515044075367026,6985.0,5556.0,5911.0,6647.0,0.0951610594130279,0.1537580529706513,16.224530642146334,6.838923358237958,9.385607283908376,9.385607283908378,1.7763568394002505e-15,30.857760440391004,0.2965264161267434,-0.0443739998750254,0.0323536365203424,1.0,1.0,1.31708899342442e-09,52.79748976387782,0.0,88.69075502423323,-132.10263750420268,680.7055870366603,0.0719799158773468,9.38560728390837,5.3290705182007506e-15,2.433256892259275,0.0,0.0,0.0,0.0,132.10263750420268,132.10263750420268,132.10263750420268,strong,5,3000,73000
80.0,0.0047145772242381,60000.0,0.5389806770801544,0.529962618470192,-0.0090180586099624,0.1977242290365868,0.4446619266775454,6331.0,4967.0,5317.0,6059.0,0.0957036803032696,0.1601642710472279,13.886618389746602,6.246047149464053,7.640571240282549,7.640571240282551,1.7763568394002505e-15,38.6425643306908,0.3102444203078408,-0.036022063149605,0.0270040045396426,1.0,1.0,9.313225746154783e-10,44.46670114423614,0.0,83.5151648147604,-120.34129471871398,645.8075955844652,0.0644188858761938,7.640571240282554,5.3290705182007506e-15,1.5817938322926943,0.0,0.0,0.0,0.0,120.34129471871398,120.34129471871398,120.34129471871398,strong,5,3000,73000
85.0,0.0047016774463746,60000.0,0.5186542031526565,0.5179020090103149,-0.0007521941423416,0.074586889264297,0.2731060037133879,5535.0,4548.0,4769.0,5235.0,0.094579945799458,0.1383920505871725,4.842880752271281,3.330961597934236,1.5119191543370452,1.5119191543370452,0.0,20.27057528809911,0.4075147837724671,-0.0071085561886882,0.0063563620463466,1.0,1.0,1.862645149230957e-09,35.173550646868534,0.0,55.1670020100903,-88.82863350262178,603.9099769527238,0.055037485912023,1.5119191543370505,5.3290705182007506e-15,0.5966951141143766,0.0,0.0,0.0,0.0,88.82863350262178,88.82863350262178,88.82863350262178,strong,5,3000,73000
90.0,0.0046891556009951,60000.0,0.5107652066707611,0.5105474305391312,-0.0002177761316298,0.1198513093184468,0.3461954784777623,6910.0,5519.0,5912.0,6726.0,0.0973371924746743,0.1444283646888567,9.162413336269422,4.506867489445087,4.655545846824335,4.655545846824335,0.0,38.84434699377773,0.3297077254398647,-0.0218305788833259,0.021612802751696,1.0,1.0,0.0,53.91901148395846,0.0,75.49819428701198,-124.7616599241461,690.3760913663937,0.0724430555534629,4.655545846824339,3.552713678800501e-15,0.9588104745475744,0.0,0.0,0.0,0.0,124.7616599241461,124.7616599241461,124.7616599241461,strong,5,3000,73000
95.0,0.0046769910970246,60000.0,0.5068589082241058,0.5003263325691224,-0.0065325756549834,0.1340045439492323,0.366066310863527,6252.0,4928.0,5212.0,5820.0,0.0930902111324376,0.1663467690339091,8.861728027011171,5.550554466516516,3.3111735604946557,3.311173560494656,8.881784197001252e-16,24.709412553570523,0.3851266771248188,-0.0154863292631367,0.0089537536081533,1.0,1.0,0.0,42.02105848013889,0.0,67.9831566463713,-106.69304156601552,651.1213031357511,0.0606239941563767,3.311173560494666,1.0658141036401504e-14,1.072036351593859,0.0,0.0,0.0,0.0,106.69304156601552,106.69304156601552,106.69304156601552,strong,5,3000,73000
100.0,0.004665164957684,60000.0,0.500376672577858,0.5059828208208085,0.0056061482429504,0.1025398563574418,0.320218450994695,6333.0,5123.0,5471.0,6187.0,0.0976946155060792,0.1361124269698405,6.715349976844271,5.349634623313261,1.3657153535310105,1.3657153535310105,0.0,13.318873285430472,0.4434016951205566,-0.0063712874094639,0.0119774356524144,0.0,1.0,9.313225746154783e-10,48.79551072762115,0.0,69.41684348003503,-116.84663885412516,673.8453142405051,0.0675238777573539,1.36571535353103,1.9539925233402755e-14,0.8203188508595349,0.0,0.0,0.0,0.0,116.84663885412516,116.84663885412516,116.84663885412516,strong,5,3000,73000
105.0,0.0046536596572292,60000.0,0.493694393658638,0.4943358180761337,0.0006414244174957,0.2099929730224327,0.4582499023703471,6379.0,5109.0,5409.0,6031.0,0.0945445994670011,0.1520614516381878,10.944897247710038,7.797819767950704,3.147077479759334,3.147077479759334,0.0,14.986584715018749,0.4160453237081435,-0.0146454275057306,0.0152868519232264,0.0,1.0,0.0,49.0694129440235,0.0,75.04112294632705,-120.96345841059124,653.8655762171329,0.0698064738569639,3.147077479759318,1.5987211554602254e-14,1.6799437841794616,0.0,0.0,0.0,0.0,120.96345841059124,120.96345841059124,120.96345841059124,strong,5,3000,73000
110.0,0.0046424589777348,60000.0,0.4802809378385544,0.4863230610132217,0.0060421231746673,0.0818896499023222,0.2861636767696456,7063.0,5484.0,5851.0,6617.0,0.0936854028033413,0.1715984709047147,7.244195863717142,6.256766646584532,0.9874292171326092,0.9874292171326088,4.440892098500626e-16,12.05804663117271,0.4634311547647374,-0.0045840996339549,0.0106262228086222,0.0,1.0,9.313225746154783e-10,51.864159158751136,0.0,73.54969519504584,-124.42642513666438,653.2272671435785,0.0735566441798042,0.9874292171326003,8.881784197001252e-15,0.6551171992185779,0.0,0.0,0.0,0.0,124.42642513666438,124.42642513666438,124.42642513666438,strong,5,3000,73000
115.0,0.0046315478830482,60000.0,0.4799868660688399,0.4809906913280487,0.0010038252592087,0.1116220768674195,0.334098902822831,7213.0,5476.0,5885.0,6741.0,0.0934562595314016,0.184112019963954,7.697597739189438,6.452416680084067,1.245181059105371,1.2451810591053705,4.440892098500626e-16,11.155329609073211,0.456000714126152,-0.0057671156983112,0.00677094095752,0.0,1.0,1.6130979885176087e-09,58.21545315923868,0.0,70.89965433996889,-127.8699264401022,725.8011469563353,0.0742528323388267,1.245181059105363,7.993605777301127e-15,0.8929766149393561,0.0,0.0,0.0,0.0,127.8699264401022,127.8699264401022,127.8699264401022,strong,5,3000,73000
120.0,0.0046209124075087,60000.0,0.4815802165269852,0.4864946386814117,0.0049144221544264,0.2640655584113872,0.5138730956290544,6173.0,5058.0,5337.0,5909.0,0.0957233111939089,0.1354284788595496,9.15938753584912,8.282357631408223,0.8770299044408958,0.8770299044408958,0.0,3.321258212229906,0.4748583098757999,-0.0040526783671871,0.0089671005216136,0.0,1.0,0.0,44.06921197113115,0.0,59.29485083089594,-102.48703289758618,677.4597966050351,0.0610775331931496,0.8770299044409171,2.131628207280301e-14,2.112524467291098,1.235494562850202,0.0,0.0,0.0,102.48703289758618,102.48703289758618,101.25153833473595,strong,5,3000,73000
125.0,0.0046105395574086,60000.0,0.4725407895565032,0.473376049375534,0.0008352598190307,0.1089964637975289,0.3301461249167238,7420.0,5741.0,6150.0,7000.0,0.0943396226415094,0.1711590296495957,9.446047110093202,6.256788906598452,3.1892582034947505,3.1892582034947514,8.881784197001252e-16,29.26019883928613,0.398449611264339,-0.0147042011060025,0.0155394609250333,0.0,1.0,0.0,61.12835409626132,0.0,80.63429047836121,-138.57338637112778,729.2048982911001,0.077345036301599,3.189258203494745,5.3290705182007506e-15,0.8719717103802319,0.0,0.0,0.0,0.0,138.57338637112778,138.57338637112778,138.57338637112778,strong,5,3000,73000
130.0,0.0046004172234895,60000.0,0.4702478261232376,0.4640195651054382,-0.0062282610177993,0.1449020659647798,0.3806600398843827,6723.0,5227.0,5603.0,6387.0,0.0950022311468094,0.1665922951063513,10.502853537386557,5.879925927476069,4.6229276099104855,4.6229276099104855,0.0,31.90380743801225,0.3589089348414405,-0.0212673957995777,0.0150391347817783,1.0,1.0,1.6130979885176087e-09,53.51383029855788,0.0,72.82190017885182,-121.71280286749922,672.272779912124,0.0737321818089532,4.622927609910477,8.881784197001252e-15,1.159216527718239,0.0,0.0,0.0,0.0,121.71280286749922,121.71280286749922,121.71280286749922,strong,5,3000,73000
135.0,0.0045905341030286,60000.0,0.4715109571933746,0.4569525045871735,-0.0145584526062011,0.2956052342457543,0.5436959023624828,6924.0,5383.0,5796.0,6648.0,0.0960138648180242,0.1629116117850952,14.347418093269964,7.809602969572112,6.537815123697851,6.537815123697852,8.881784197001252e-16,22.11670960556325,0.3524662881089655,-0.0300120632846314,0.0154536106784302,1.0,1.0,9.313225746154783e-10,56.03978130535688,0.0,77.08285542336853,-126.58482160502756,727.9764780457626,0.0714778305130271,6.53781512369784,1.1546319456101628e-14,2.364841873966035,0.0,0.0,0.0,0.0,126.58482160502756,126.58482160502756,126.58482160502756,strong,5,3000,73000
140.0,0.0045808796302822,60000.0,0.4524142929315567,0.4558362171173096,0.0034219241857528,0.061962876801544,0.2489234356213654,6586.0,5280.0,5562.0,6144.0,0.0932887944123899,0.1554813240206498,5.044256039519132,4.435608075143833,0.6086479643752991,0.6086479643752991,0.0,9.822784153884417,0.4678978539663942,-0.0027881430620195,0.0062100672477723,0.0,1.0,0.0,46.86996984027792,0.0,68.4196263043466,-114.6809481802492,657.7382025875704,0.0665191970152423,0.608647964375308,8.881784197001252e-15,0.4957030144123524,0.0,0.0,0.0,0.0,114.6809481802492,114.6809481802492,114.6809481802492,strong,5,3000,73000
145.0,0.0045714439142384,60000.0,0.4448511893510819,0.4665597065210343,0.0217085171699523,0.0408068230406107,0.202006987603426,6231.0,5096.0,5417.0,6077.0,0.0975284865992617,0.1306371368961643,3.7478498240039535,3.5341452311486616,0.2137045928552918,0.2137045928552918,0.0,5.236981880275619,0.4853265079667914,-0.0009769385604531,0.0226854557304054,0.0,1.0,1.31708899342442e-09,43.55249181354884,0.0,54.38054167165092,-97.71932889234446,672.4295969917221,0.0608290242095623,0.2137045928552936,1.7763568394002505e-15,0.3264545843248856,0.1127499914695937,0.0,0.0,0.0,97.71932889234446,97.71932889234446,97.60657890087488,strong,5,3000,73000
150.0,0.0045622176827774,60000.0,0.4440676182508468,0.4508826977491378,0.006815079498291,0.0642353117857099,0.2534468618580826,5474.0,4429.0,4688.0,5246.0,0.095834855681403,0.1435878699305809,5.146091244516361,4.363207828259212,0.7828834162571496,0.7828834162571496,0.0,12.187742138916692,0.4588359031372518,-0.0035716845652015,0.0103867640634925,0.0,1.0,0.0,37.26516040263232,0.0,54.96974601712418,-91.45202300349932,653.4555466333622,0.0539511267333272,0.7828834162571638,1.4210854715202004e-14,0.5138824942856799,0.0,0.0,0.0,0.0,91.45202300349932,91.45202300349932,91.45202300349932,strong,5,3000,73000
1.0,0.0049950273089797,60000.0,2.3051766083717347,2.304108696699142,-0.001067911672592,0.612396836543381,0.7825578806346409,180.0,150.0,154.0,162.0,0.09,0.1444444444444445,0.6459608375560038,0.430536405131761,0.2154244324242427,0.2154244324242427,0.0,0.3517726081672573,0.3999419488124383,-0.0010760509229805,8.139250388539219e-06,1.0,1.0,0.0,21.62101688235998,0.0,-12.330016329477075,-9.075576120458663,1041.4128617989372,0.0203389725538955,0.2154244324242427,0.0,4.899174692347048,4.683750259922805,0.0,0.0,12.330016329477075,9.075576120458663,21.40559244993574,16.721842190012936,strong,5,3100,73100
5.0,0.0049756643332495,60000.0,2.1829807564735417,2.011031471443176,-0.1719492850303656,1.048577664273904,1.0240008126334197,7744.0,5819.0,7094.0,10322.0,0.1332902892561983,0.0839359504132231,59.65544443245171,4.752607646159433,54.90283678629228,54.90283678629228,0.0,52.35934223747765,0.073789029364819,-0.2731780867917751,0.1012288017614094,1.0,1.0,0.0,116.84930399106815,0.0,138.08381076057776,-200.03027796535363,990.0181737129524,0.1055675646315393,54.90283678629228,7.105427357601002e-15,8.388621314191232,0.0,0.0,0.0,0.0,200.03027796535363,200.03027796535363,200.03027796535363,strong,5,3100,73100
10.0,0.0049525712910726,60000.0,1.5368023658752443,1.4708548217773438,-0.0659475440979004,0.2966211021908334,0.5446293254965558,7580.0,5636.0,6394.0,8312.0,0.1096569920844327,0.1564643799472295,24.4617288191326,8.460172266686238,16.00155655244636,16.00155655244636,0.0,53.9461165583278,0.2569770270748572,-0.0792488495941206,0.0133013054962201,1.0,1.0,4.165001232792065e-09,95.35947943932842,0.0,70.4361677616962,-149.79409064857825,620.7967623725417,0.1331545742002745,16.001556552446374,1.4210854715202004e-14,2.3729688175266674,0.0,0.0,0.0,0.0,149.79409064857825,149.79409064857825,149.79409064857825,strong,5,3100,73100
15.0,0.004930605096731,60000.0,1.2407157105922697,1.202188796043396,-0.0385269145488735,0.1918305019870329,0.4379845910383525,7689.0,5443.0,6151.0,7827.0,0.1017947717518533,0.2000260111848094,17.73622148753786,8.045084237618134,9.691137249919729,9.691137249919723,1.7763568394002505e-15,50.51927169838098,0.3120510777608978,-0.0477831707175741,0.0092562561687006,1.0,1.0,0.0,78.04163650999544,0.0,80.45285537748168,-148.80335463755742,588.459073818176,0.1170916029055232,9.691137249919706,2.131628207280301e-14,1.534644015896263,0.0,0.0,0.0,0.0,148.80335463755742,148.80335463755742,148.80335463755742,strong,5,3100,73100
20.0,0.0049096652228095,60000.0,1.0413656183719635,1.0191541600704193,-0.0222114583015444,0.1577340886088157,0.3971575110819582,7647.0,5751.0,6465.0,8255.0,0.107950830391003,0.1545704197724597,15.303098993239098,6.457078038920216,8.846020954318883,8.846020954318881,1.7763568394002505e-15,56.08185923752489,0.2967383045357267,-0.043431001439664,0.0212195431381196,1.0,1.0,1.862645149230957e-09,69.92031127645168,0.0,76.1084495620089,-137.1827398841417,564.9990578362485,0.1101247098102635,8.846020954318874,8.881784197001252e-15,1.261872708870526,0.0,0.0,0.0,0.0,137.1827398841417,137.1827398841417,137.1827398841417,strong,5,3100,73100
25.0,0.0048896638427146,60000.0,0.8993847362041475,0.8866246194839478,-0.0127601167201997,0.0728039133485688,0.2698220030845683,6842.0,5398.0,5854.0,6932.0,0.1013154048523823,0.1444022215726396,9.175319452685503,3.679309721576351,5.496009731109153,5.496009731109153,0.0,75.49058118339727,0.2862244932699606,-0.0268736400614122,0.0141135233412125,1.0,1.0,1.31708899342442e-09,58.35601469979156,0.0,73.0429205080909,-125.9029254767733,523.1327050157779,0.1003562282830455,5.4960097311091545,1.7763568394002505e-15,0.5824313067885504,0.0,0.0,0.0,0.0,125.9029254767733,125.9029254767733,125.9029254767733,strong,5,3100,73100
30.0,0.0048705237912742,60000.0,0.8136533856391908,0.8085549667835237,-0.005098418855667,0.19663786775901,0.443438685456073,6796.0,5384.0,5760.0,6584.0,0.0968805179517363,0.1524426133019423,12.778446517206568,4.896437699562531,7.882008817644037,7.882008817644037,0.0,40.08388062518991,0.2770279929142065,-0.0383895114693688,0.0332910926137018,1.0,1.0,0.0,56.44719390105456,0.0,74.06091307076804,-122.62609815417856,579.0417952421994,0.0888248181564166,7.882008817644035,1.7763568394002505e-15,1.5731029420720803,0.0,0.0,0.0,0.0,122.62609815417856,122.62609815417856,122.62609815417856,strong,5,3100,73100
35.0,0.0048521769173698,60000.0,0.7464898693561554,0.7331435159444809,-0.0133463534116744,0.1405551469091791,0.3749068509765847,6976.0,5409.0,5854.0,6832.0,0.0979357798165137,0.1608371559633027,12.357854385245028,6.252396697171208,6.1054576880738205,6.1054576880738205,0.0,43.43816517810559,0.3359651983996465,-0.0296247608640498,0.0162784074523753,1.0,1.0,2.082500616396032e-09,57.3501398768276,0.0,83.68453700693476,-134.92921919568855,594.173379218948,0.0880246655660591,6.1054576880738125,7.993605777301127e-15,1.1244411752734331,0.0,0.0,0.0,0.0,134.92921919568855,134.92921919568855,134.92921919568855,strong,5,3100,73100
40.0,0.0048345627417287,60000.0,0.703833224248886,0.6916850874423979,-0.012148136806488,0.1219315978476963,0.3491870528065099,6307.0,5046.0,5363.0,6063.0,0.0961312827017599,0.1496749643253527,10.677205760009723,4.332408671901726,6.344797088107997,6.344797088107997,0.0,52.035708545648895,0.2886422360517625,-0.0306743196059959,0.0185261827995078,1.0,1.0,0.0,49.37798151775496,0.0,74.60613535247785,-117.63931978212482,585.8082893386163,0.0777377972152681,6.344797088107995,1.7763568394002505e-15,0.9754527827815708,0.0,0.0,0.0,0.0,117.63931978212482,117.63931978212482,117.63931978212482,strong,5,3100,73100
45.0,0.0048176273546297,60000.0,0.661100075364113,0.6541336991071701,-0.0069663762569428,0.148965870618968,0.3859609703311567,6267.0,4911.0,5289.0,6115.0,0.0975745970958991,0.1560555289612254,9.997358475233726,5.592548582132869,4.4048098931008575,4.4048098931008575,0.0,29.569255526775585,0.3587287955953694,-0.0212207326329464,0.0142543563760036,1.0,1.0,0.0,49.32999103917973,0.0,66.21256681408249,-111.13774796016136,600.7144021439308,0.0758871110288678,4.404809893100861,3.552713678800501e-15,1.1917269649517443,0.0,0.0,0.0,0.0,111.13774796016136,111.13774796016136,111.13774796016136,strong,5,3100,73100
50.0,0.004801322503961,60000.0,0.6296377658128739,0.6309186366796494,0.0012808708667755,0.0710777835479483,0.266604170162337,6561.0,5286.0,5639.0,6387.0,0.0973479652491998,0.1405273586343545,7.6879512235,3.462348835559311,4.225602387940689,4.225602387940689,0.0,59.450396129616806,0.3105162029022033,-0.0202884798380113,0.0215693507047868,0.0,1.0,0.0,47.71478503162507,0.0,71.21741329087195,-114.70659593455632,627.0912973313316,0.0707088840464256,4.2256023879406825,6.217248937900877e-15,0.5686222683835866,0.0,0.0,0.0,0.0,114.70659593455632,114.70659593455632,114.70659593455632,strong,5,3100,73100
55.0,0.0047856048355997,60000.0,0.6056053802967072,0.6017085959434508,-0.0038967843532563,0.0451036722480726,0.2123762516103733,6324.0,5028.0,5306.0,5888.0,0.0931056293485136,0.1609740670461733,4.920693646929243,2.960695301286412,1.9599983456428305,1.959998345642831,4.440892098500626e-16,43.45540502473357,0.3756565398230616,-0.0093797775606757,0.0054829932074193,1.0,1.0,0.0,49.48338671668898,0.0,78.53713431713686,-126.060522688183,611.7179410448189,0.0748386076056662,1.9599983456428447,1.4210854715202004e-14,0.3608293779845808,0.0,0.0,0.0,0.0,126.060522688183,126.060522688183,126.060522688183,strong,5,3100,73100
60.0,0.0047704352566433,60000.0,0.5893414572954178,0.5907263216495513,0.0013848643541335,0.067949103375866,0.2606704881183638,6305.0,5004.0,5317.0,5963.0,0.0945757335448057,0.156701030927835,6.860258539445282,3.516714519934178,3.3435440195111044,3.3435440195111044,0.0,49.2065951336549,0.3388959863161171,-0.0159501602728148,0.0173350246269483,0.0,1.0,0.0,47.66154609367368,0.0,73.00280293518199,-117.32080500934455,627.5170226996415,0.0705910233182531,3.343544019511114,9.769962616701378e-15,0.5435928270069285,0.0,0.0,0.0,0.0,117.32080500934455,117.32080500934455,117.32080500934455,strong,5,3100,73100
65.0,0.0047557783984597,60000.0,0.5811217499732971,0.5733451785087585,-0.0077765714645385,0.1734694709361695,0.4164966637755572,6068.0,4926.0,5178.0,5694.0,0.0938365194462755,0.1466710613052076,10.824316028390967,6.489787067066313,4.334528961324654,4.334528961324654,0.0,24.987272618820647,0.3748266387976542,-0.0206140592017657,0.0128374877372272,1.0,1.0,0.0,46.648398165008985,0.0,79.37106373937257,-121.68493294305692,632.4495901426781,0.0686917042432371,4.334528961324651,3.552713678800501e-15,1.3877557674893566,0.0,0.0,0.0,0.0,121.68493294305692,121.68493294305692,121.68493294305692,strong,5,3100,73100
70.0,0.0047416021613943,60000.0,0.5558981694936751,0.5573588736057282,0.0014607041120531,0.0494947946466412,0.2224742561435845,6245.0,4978.0,5293.0,5951.0,0.0952922337870296,0.1524419535628502,5.515429103483118,3.388794365124518,2.1266347383586,2.1266347383586,0.0,42.966836281296,0.3805828073690998,-0.0100836558718974,0.0115443599839505,0.0,1.0,1.31708899342442e-09,49.36894689523615,0.0,67.36242903553807,-114.60474119241564,674.272103075542,0.068222977258172,2.1266347383585757,2.4868995751603507e-14,0.3959583571731299,0.0,0.0,0.0,0.0,114.60474119241564,114.60474119241564,114.60474119241564,strong,5,3100,73100
75.0,0.0047278773267132,60000.0,0.5379537915229797,0.5445966703653335,0.0066428788423538,0.030893862074413,0.1757664987260458,6777.0,5187.0,5559.0,6369.0,0.0939796370075254,0.1797255422753431,3.7495862681546015,2.955258906437706,0.7943273617168956,0.7943273617168956,0.0,25.71149439987867,0.4407646753181594,-0.0037554823234492,0.0103983611658031,0.0,1.0,9.313225746154783e-10,50.697524397983216,0.0,69.89011266536886,-119.79330970163517,636.8912764468332,0.0737323300433237,0.7943273617169098,1.4210854715202004e-14,0.2471508965953045,0.0,0.0,0.0,0.0,119.79330970163517,119.79330970163517,119.79330970163517,strong,5,3100,73100
80.0,0.0047145772242381,60000.0,0.5399924045562744,0.5288307173728942,-0.0111616871833801,0.1843820502845348,0.4293973105231737,6099.0,4798.0,5099.0,5717.0,0.093736678143958,0.1639613051319888,10.788996131641738,5.548562819873292,5.240433311768446,5.240433311768446,0.0,28.42160233971533,0.3396200641931735,-0.0247064275368023,0.0135447403534221,1.0,1.0,0.0,42.56219635356683,0.0,65.8887285068422,-103.21049154864058,626.2816694380672,0.0636354738832669,5.240433311768456,9.769962616701378e-15,1.4750564022762789,0.0,0.0,0.0,0.0,103.21049154864058,103.21049154864058,103.21049154864058,strong,5,3100,73100
85.0,0.0047016774463746,60000.0,0.5211319211006165,0.5239255915403367,0.0027936704397202,0.0713298271541664,0.2670764444015354,6714.0,5298.0,5626.0,6302.0,0.0938635686624962,0.1620494489127196,5.72928740680586,4.534562384877039,1.1947250219288206,1.1947250219288206,0.0,16.749304878401574,0.4417993712799197,-0.0056172116902221,0.0084108821299423,0.0,1.0,9.313225746154783e-10,49.510001582384575,0.0,59.07150375652861,-107.38678031698436,676.1764347835633,0.0682250612679465,1.194725021928818,2.664535259100376e-15,0.5706386172333313,0.0,0.0,0.0,0.0,107.38678031698436,107.38678031698436,107.38678031698436,strong,5,3100,73100
90.0,0.0046891556009951,60000.0,0.5177823502779006,0.5164916319131851,-0.0012907183647155,0.0977144981179081,0.3125931830957101,6617.0,5322.0,5667.0,6381.0,0.0964334290463956,0.1435695934713616,7.564685909792384,5.518109655092991,2.046576254699393,2.046576254699393,0.0,20.944448307249885,0.421783679774357,-0.0095967145075872,0.0083059961428717,1.0,1.0,9.313225746154783e-10,47.07261707040016,0.0,58.99977958932288,-104.02582040502364,680.492381788812,0.0646988477238567,2.046576254699403,9.769962616701378e-15,0.781715984943265,0.0,0.0,0.0,0.0,104.02582040502364,104.02582040502364,104.02582040502364,strong,5,3100,73100
95.0,0.0046769910970246,60000.0,0.5010443582296371,0.5042219857931137,0.0031776275634766,0.0872525180372317,0.2953853720772776,6360.0,5009.0,5364.0,6118.0,0.0961949685534591,0.1566037735849056,7.741714528184245,3.923658318883742,3.818056209300503,3.818056209300503,4.440892098500626e-16,43.75869367656864,0.3363508711056696,-0.0178570148988379,0.0210346424623146,0.0,1.0,0.0,50.331926143495366,0.0,69.57461463815389,-116.08848457234876,664.2081974235152,0.0704396079148593,3.8180562093004937,8.881784197001252e-15,0.6980201442978538,0.0,0.0,0.0,0.0,116.08848457234876,116.08848457234876,116.08848457234876,strong,5,3100,73100
100.0,0.004665164957684,60000.0,0.4986837629079819,0.4929829704999925,-0.0057007924079894,0.1198547311603027,0.3462004205085585,6725.0,5209.0,5523.0,6173.0,0.0917918215613382,0.1787360594795539,8.842288106905768,5.282201499469528,3.56008660743624,3.56008660743624,0.0,29.703346484292823,0.3739746813283312,-0.0166083912873317,0.0109075988793423,1.0,1.0,9.313225746154783e-10,52.93889196694363,0.0,70.24119338955029,-119.61999874905769,672.7456956756942,0.0729502773910547,3.560086607436233,7.105427357601002e-15,0.958837849282422,0.0,0.0,0.0,0.0,119.61999874905769,119.61999874905769,119.61999874905769,strong,5,3100,73100
105.0,0.0046536596572292,60000.0,0.4964176317453385,0.484530945968628,-0.0118866857767104,0.21401686872526,0.4626195723542833,6299.0,4993.0,5339.0,6055.0,0.0961263692649627,0.152405143673599,10.515392197988923,5.454646324816073,5.06074587317285,5.06074587317285,0.0,23.646481248492076,0.341554988551024,-0.0235509889054738,0.0116643031287634,1.0,1.0,0.0,46.95112178858835,0.0,62.8220315167473,-104.71240743216282,668.2855929088073,0.0656441718158338,5.060745873172834,1.5987211554602254e-14,1.71213494980208,0.0,0.0,0.0,0.0,104.71240743216282,104.71240743216282,104.71240743216282,strong,5,3100,73100
110.0,0.0046424589777348,60000.0,0.4897511370658874,0.4819246995687485,-0.0078264374971389,0.205180431479911,0.4529684663195784,5244.0,4308.0,4558.0,5092.0,0.0971014492753623,0.1308161708619374,8.510745482403783,5.846545756919468,2.6641997254843144,2.664199725484315,4.440892098500626e-16,12.984667720348188,0.4072178838934699,-0.0123684379340532,0.0045420004369143,1.0,1.0,9.313225746154783e-10,37.87800647271797,0.0,58.3040847367879,-93.51789148402156,628.6796401243737,0.0568263025202586,2.664199725484309,5.3290705182007506e-15,1.6414434518392884,0.0,0.0,0.0,0.0,93.51789148402156,93.51789148402156,93.51789148402156,strong,5,3100,73100
115.0,0.0046315478830482,60000.0,0.4773806030750275,0.4793213350534439,0.0019407319784163,0.0648250041019026,0.2546075491848241,6342.0,5158.0,5394.0,5874.0,0.0926206244087038,0.1494796594134342,6.309789405736586,4.16100000407296,2.1487894016636258,2.148789401663626,4.440892098500626e-16,33.14753977162585,0.3973912415977665,-0.0099522210043916,0.0118929529828079,0.0,1.0,1.31708899342442e-09,51.1131681423285,0.0,60.85815948008968,-109.82253822075457,705.4744259348809,0.0675575023202302,2.148789401663634,8.881784197001252e-15,0.5186000328152209,0.0,0.0,0.0,0.0,109.82253822075457,109.82253822075457,109.82253822075457,strong,5,3100,73100
120.0,0.0046209124075087,60000.0,0.4734105788707733,0.4719694288730621,-0.0014411499977112,0.0887874153892358,0.2979721721725635,5463.0,4469.0,4709.0,5209.0,0.095350539996339,0.138019403258283,5.392956615848743,4.097624932390691,1.295331683458052,1.295331683458052,0.0,14.589136059197545,0.4317569910297886,-0.0059856142479305,0.0045444642502193,1.0,1.0,0.0,39.46189999417402,0.0,49.05279733997668,-87.21936565069264,650.2458326925698,0.0572153944692644,1.295331683458059,7.105427357601002e-15,0.710299323113887,0.0,0.0,0.0,0.0,87.21936565069264,87.21936565069264,87.21936565069264,strong,5,3100,73100
125.0,0.0046105395574086,60000.0,0.479537522816658,0.4741168493747711,-0.0054206734418869,0.1952038285649494,0.441818773441045,6525.0,5165.0,5479.0,6127.0,0.0939003831417624,0.1603065134099617,9.985757388205863,8.007166561710434,1.9785908264954308,1.9785908264954304,4.440892098500626e-16,10.13602469296396,0.4450175293353409,-0.009122371273483,0.0037016978315961,1.0,1.0,0.0,50.19506220967742,0.0,60.35716833999982,-108.5736397231818,698.8316633133691,0.0670137132618681,1.9785908264954344,3.552713678800501e-15,1.5616306285195956,0.0,0.0,0.0,0.0,108.5736397231818,108.5736397231818,108.5736397231818,strong,5,3100,73100
130.0,0.0046004172234895,60000.0,0.4577256770133971,0.4737092858552933,0.0159836088418961,0.0402802090744229,0.2006993001343625,5278.0,4340.0,4590.0,5110.0,0.0968169761273209,0.1303524062144752,3.5862516633616224,2.565638524006289,1.0206131393553337,1.0206131393553337,0.0,25.33783122797644,0.4170488168456723,-0.00469524626481,0.0206788551067062,0.0,1.0,0.0,39.65045217133593,0.0,63.158635790272,-101.7884748222526,630.2048723455518,0.059192561020445,1.0206131393553337,0.0,0.3222416725953835,0.0,0.0,0.0,0.0,101.7884748222526,101.7884748222526,101.7884748222526,strong,5,3100,73100
135.0,0.0045905341030286,60000.0,0.457223388671875,0.4647415589809417,0.0075181703090667,0.0418624870800002,0.2046032430828022,6352.0,4944.0,5300.0,6032.0,0.0949622166246851,0.1656171284634761,3.900316335331955,3.3334084521502607,0.5669078831816945,0.5669078831816949,4.440892098500626e-16,13.542145312540056,0.4608149397553308,-0.0026024099710213,0.010120580280088,0.0,1.0,0.0,45.44538414943963,0.0,53.68702934659496,-98.56550561285292,662.997600807892,0.0641482590898641,0.5669078831816705,2.398081733190338e-14,0.3348998966400022,0.0,0.0,0.0,0.0,98.56550561285292,98.56550561285292,98.56550561285292,strong,5,3100,73100
140.0,0.0045808796302822,60000.0,0.4544822498559952,0.4539410156011581,-0.000541234254837,0.1625162690435664,0.4031330661748877,5615.0,4589.0,4827.0,5311.0,0.0945859305431879,0.1403383793410507,9.150580744938724,4.386842262248704,4.76373848269002,4.76373848269002,0.0,29.312379066572,0.3240529796490511,-0.0218221125793463,0.0212808783245092,1.0,1.0,0.0,41.04781103722053,0.0,56.337739877107424,-92.62181243163796,670.6856674796145,0.0576730086137849,4.763738482690002,1.7763568394002505e-14,1.3001301523485316,0.0,0.0,0.0,0.0,92.62181243163796,92.62181243163796,92.62181243163796,strong,5,3100,73100
145.0,0.0045714439142384,60000.0,0.4479905788660049,0.4482363270998001,0.0002457482337951,0.0908731316198059,0.3014517069445883,6235.0,4997.0,5325.0,6011.0,0.0964073777064955,0.1459502806736167,6.229885146711876,3.7506173354286174,2.4792678112832576,2.4792678112832576,0.0,27.282737670536008,0.3757944394222757,-0.011333833747658,0.0115795819814532,0.0,1.0,1.6130979885176087e-09,48.70206090947613,0.0,55.57774631891334,-101.8005394171062,664.4556130579003,0.0682907338548866,2.4792678112832647,7.105427357601002e-15,0.7269850529584478,0.0,0.0,0.0,0.0,101.8005394171062,101.8005394171062,101.8005394171062,strong,5,3100,73100
150.0,0.0045622176827774,60000.0,0.4439091869592667,0.4427766826868057,-0.0011325042724609,0.0645401545814024,0.2540475439389297,5596.0,4624.0,4838.0,5290.0,0.0945318084345961,0.1354538956397426,5.295141710009187,3.592893808577177,1.7022479014320098,1.702247901432009,4.440892098500626e-16,26.37502051974509,0.4042393621249416,-0.0077660254763838,0.0066335212039229,1.0,1.0,0.0,37.91349965182599,0.0,49.35958716081427,-85.57083891120826,640.9935738035674,0.0558449029833492,1.7022479014320029,7.105427357601002e-15,0.5163212366512195,0.0,0.0,0.0,0.0,85.57083891120826,85.57083891120826,85.57083891120826,strong,5,3100,73100
1.0,0.0049950273089797,60000.0,2.305176560688019,2.303781240129471,-0.0013953205585481,0.6123968140337203,0.7825578662525349,186.0,148.0,154.0,166.0,0.0892473118279569,0.1720430107526881,0.6836119998019967,0.4011304718515447,0.282481527950452,0.282481527950452,0.0,0.4612720404108729,0.3697932756703775,-0.0014110029463948,1.5682387846647312e-05,1.0,1.0,0.0,22.22615833953023,0.0,-12.461965416441672,-9.481711395138106,1048.2113515792812,0.0207636206070693,0.282481527950452,0.0,4.899174512269762,4.61669298431931,0.0,0.0,12.461965416441672,9.481711395138106,21.943676811579778,17.326983827260467,strong,5,3200,73200
5.0,0.0049756643332495,60000.0,2.1874284571647644,2.0172454607963566,-0.1701829963684078,1.0461895934807497,1.0228340987084608,8174.0,6084.0,7702.0,11692.0,0.1430389038414485,0.0577440665524834,63.19004124564888,4.51762441729619,58.67241682835269,58.67241682835269,0.0,56.08201151489689,0.0667224954968221,-0.2919342517583844,0.1217512553899765,1.0,1.0,0.0,116.5882152360864,0.0,152.69889983786925,-210.61469824560297,953.302601854004,0.1089720683398192,58.67241682835268,7.105427357601002e-15,8.369516747845996,0.0,0.0,0.0,0.0,210.61469824560297,210.61469824560297,210.61469824560297,strong,5,3200,73200
10.0,0.0049525712910726,60000.0,1.5221386348724366,1.4743389268875122,-0.0477997079849243,0.2491689141558168,0.4991682223016774,7833.0,5840.0,6643.0,8551.0,0.1091663475041491,0.1519213583556746,21.912554308252588,8.511921799626176,13.400632508626412,13.400632508626412,0.0,53.78131760146604,0.2797721732149043,-0.0663675878444374,0.018567879859513,1.0,1.0,0.0,86.29765765677439,0.0,78.86212443406362,-151.7591495822116,590.9973079354277,0.1274151766081988,13.400632508626416,3.552713678800501e-15,1.9933513132465344,0.0,0.0,0.0,0.0,151.7591495822116,151.7591495822116,151.7591495822116,strong,5,3200,73200
15.0,0.004930605096731,60000.0,1.2441800590515135,1.2002653351306916,-0.0439147239208221,0.2152588234506776,0.4639599373336858,6905.0,5218.0,5773.0,7163.0,0.1037364228819695,0.1639391745112237,17.972437384301536,7.344036761575578,10.62840062272596,10.62840062272596,0.0,49.37498241581371,0.2900892406761777,-0.0524044462805119,0.0084897223596897,1.0,1.0,2.63417798684884e-09,73.74021729838569,0.0,71.04424997620708,-134.1560666518668,562.1967336193629,0.1159552329707653,10.628400622725962,3.552713678800501e-15,1.7220705876054214,0.0,0.0,0.0,0.0,134.1560666518668,134.1560666518668,134.1560666518668,strong,5,3200,73200
20.0,0.0049096652228095,60000.0,1.0356404758930204,1.0188151460170745,-0.0168253298759459,0.1032338407449238,0.3213002345858525,7443.0,5553.0,6107.0,7413.0,0.0995969367190648,0.1794975144431009,12.317593277083876,5.729850205171475,6.587743071912401,6.587743071912401,0.0,63.813794240105615,0.3174881922087852,-0.0323436130569729,0.0155182831810269,1.0,1.0,4.165001232792065e-09,67.004267895245,0.0,82.95747449915507,-143.3739993224877,546.6457396275546,0.1091897124970792,6.587743071912371,3.0198066269804264e-14,0.8258707259593907,0.0,0.0,0.0,0.0,143.3739993224877,143.3739993224877,143.3739993224877,strong,5,3200,73200
25.0,0.0048896638427146,60000.0,0.901814805984497,0.8854499105930329,-0.0163648953914641,0.0898614266810607,0.2997689554991656,6725.0,5115.0,5595.0,6695.0,0.0995539033457249,0.1680297397769516,10.31992241108708,4.911747884708435,5.408174526378646,5.408174526378647,8.881784197001252e-16,60.18349280802679,0.3224694199206933,-0.026444155436724,0.0100792600452599,1.0,1.0,2.2812651767623038e-09,62.46020081068855,0.0,71.97988937141827,-129.03191565572814,557.819355340911,0.1006968554601579,5.408174526378673,2.664535259100376e-14,0.718891413448486,0.0,0.0,0.0,0.0,129.03191565572814,129.03191565572814,129.03191565572814,strong,5,3200,73200
30.0,0.0048705237912742,60000.0,0.8070292991638183,0.7966320689678195,-0.0103972301959988,0.0894210891040522,0.2990335919324988,6795.0,5267.0,5731.0,6759.0,0.0994701986754966,0.1565857247976453,9.201030545382448,4.192959489468107,5.008071055914341,5.008071055914342,8.881784197001252e-16,56.00548043076108,0.313047828060064,-0.0243919292262228,0.013994699030224,1.0,1.0,0.0,58.70484079624293,0.0,69.69730522488771,-123.3940749652163,562.3404802331206,0.0945258563399873,5.008071055914343,1.7763568394002505e-15,0.715368712832418,0.0,0.0,0.0,0.0,123.3940749652163,123.3940749652163,123.3940749652163,strong,5,3200,73200
35.0,0.0048521769173698,60000.0,0.7386657428741455,0.7313917045593263,-0.0072740383148192,0.0560154952882461,0.236675928831485,6233.0,4911.0,5361.0,6341.0,0.1017327129793037,0.139900529440077,7.510582266375708,3.370019260573756,4.140563005801952,4.140563005801952,0.0,73.91817182897914,0.3097272933143238,-0.0200907442416675,0.0128167059268483,1.0,1.0,1.6130979885176087e-09,47.42670211585937,0.0,68.43688992017411,-111.72302903023152,569.5552551545734,0.076868863922177,4.140563005801951,8.881784197001252e-16,0.4481239623059694,0.0,0.0,0.0,0.0,111.72302903023152,111.72302903023152,111.72302903023152,strong,5,3200,73200
40.0,0.0048345627417287,60000.0,0.694025777745247,0.6868847900152206,-0.0071409877300263,0.1245809466316421,0.3529602621140829,6271.0,4962.0,5301.0,6017.0,0.0959496093127093,0.1546802742784244,7.997220427198172,5.2432986052398896,2.753921821958283,2.753921821958283,0.0,22.10548158781464,0.3960040080297673,-0.0133140078340732,0.0061730201040468,1.0,1.0,0.0,46.65668709692545,0.0,67.2289262080269,-111.13169148299409,547.2181245597603,0.0785631688381781,2.7539218219582864,3.552713678800501e-15,0.9966475730531368,0.0,0.0,0.0,0.0,111.13169148299409,111.13169148299409,111.13169148299409,strong,5,3200,73200
45.0,0.0048176273546297,60000.0,0.668719508099556,0.6531545518636704,-0.0155649562358856,0.214239741929471,0.4628603914027112,6522.0,5085.0,5398.0,6054.0,0.0928242870285188,0.1723397730757436,11.9146393552735,6.508044570094051,5.40659478517945,5.4065947851794505,8.881784197001252e-16,25.23618977733521,0.3532625645893346,-0.0260469589324791,0.0104820026965934,1.0,1.0,0.0,53.04973882762715,0.0,71.43045964757653,-119.07360369002424,616.1623463915166,0.0792719378495013,5.406594785179436,1.3322676295501878e-14,1.713917935435768,0.0,0.0,0.0,0.0,119.07360369002424,119.07360369002424,119.07360369002424,strong,5,3200,73200
50.0,0.004801322503961,60000.0,0.6269876430034638,0.6287156095266342,0.0017279665231704,0.0675337233115472,0.2598725135745356,6863.0,5472.0,5799.0,6479.0,0.0944047792510563,0.1550342415853125,7.545697352595872,3.5522244101627187,3.9934729424331534,3.9934729424331534,0.0,59.13301898090865,0.3200801452829622,-0.019173951507464,0.0209019180306344,0.0,1.0,0.0,55.25714379083365,0.0,81.41971354949874,-132.68338439789923,578.6659056259668,0.0871669579480812,3.993472942433158,4.440892098500626e-15,0.5402697864923776,0.0,0.0,0.0,0.0,132.68338439789923,132.68338439789923,132.68338439789923,strong,5,3200,73200
55.0,0.0047856048355997,60000.0,0.6081674031972886,0.6006042348384857,-0.0075631683588028,0.0712142955746946,0.2668600674036763,6168.0,4939.0,5258.0,5938.0,0.0962710765239948,0.1475356679636835,6.548304621180061,3.653560855016995,2.894743766163066,2.894743766163066,0.0,40.64835217146607,0.3581267429512245,-0.013853099765172,0.0062899314063691,1.0,1.0,0.0,43.24494555790443,0.0,64.80691257573449,-105.15711436747586,593.2144364544947,0.0679461200197406,2.89474376616306,5.773159728050814e-15,0.5697143645975573,0.0,0.0,0.0,0.0,105.15711436747586,105.15711436747586,105.15711436747586,strong,5,3200,73200
60.0,0.0047704352566433,60000.0,0.583824163722992,0.5833080421924591,-0.0005161215305328,0.0474258963066323,0.2177748752878356,6193.0,4841.0,5161.0,5825.0,0.0940578072016793,0.1666397545616018,4.842898995501594,3.353089857515482,1.489809137986112,1.4898091379861125,4.440892098500626e-16,31.413410267541263,0.4091135209732692,-0.0071070380375184,0.0065909165069855,1.0,1.0,0.0,47.48239615140483,0.0,70.24300107361387,-116.23558808703258,606.7035580476877,0.0725824145972938,1.4898091379861145,2.220446049250313e-15,0.3794071704530588,0.0,0.0,0.0,0.0,116.23558808703258,116.23558808703258,116.23558808703258,strong,5,3200,73200
65.0,0.0047557783984597,60000.0,0.5840718187332153,0.5756216334581374,-0.0084501852750779,0.2781648702671235,0.5274133770270939,5567.0,4573.0,4817.0,5335.0,0.0958325848751571,0.1347224717082809,10.587505623371843,6.912623676702051,3.674881946669794,3.674881946669794,0.0,13.211164814380698,0.3950041487220818,-0.0174769241788617,0.0090267389037838,1.0,1.0,0.0,40.68747151462594,0.0,70.69363957056589,-107.70622913852203,591.929795948723,0.0643160938015072,3.674881946669785,8.881784197001252e-15,2.2253189621369884,0.0,0.0,0.0,0.0,107.70622913852203,107.70622913852203,107.70622913852203,strong,5,3200,73200
70.0,0.0047416021613943,60000.0,0.5559870874166489,0.553790201830864,-0.0021968855857849,0.0510382078349416,0.2259163735432686,6989.0,5566.0,5903.0,6609.0,0.0945628845328373,0.1553870367720704,6.7016525363577895,2.7341769137658143,3.967475622591975,3.967475622591975,0.0,77.73540237586023,0.2897654019944158,-0.0188121909873614,0.0166153054015765,1.0,1.0,1.31708899342442e-09,56.23936960712308,0.0,88.16343746880739,-140.4353314533385,663.0910281811957,0.0781829459453386,3.9674756225919614,1.2878587085651816e-14,0.4083056626795335,0.0,0.0,0.0,0.0,140.4353314533385,140.4353314533385,140.4353314533385,strong,5,3200,73200
75.0,0.0047278773267132,60000.0,0.5470233855962754,0.5434804390907289,-0.0035429465055465,0.0775923520096549,0.2785540378627725,6431.0,4986.0,5309.0,5985.0,0.0930648421707355,0.1744674234178199,7.179764345697127,4.1441456536226,3.035618692074527,3.035618692074528,8.881784197001252e-16,39.122653373064416,0.3659641991036272,-0.0143520327868061,0.0108090862812596,1.0,1.0,9.313225746154783e-10,48.81672435079236,0.0,70.52055947118834,-116.30166512990616,659.1831183518225,0.0689501909554761,3.0356186920745216,5.3290705182007506e-15,0.6207388160772392,0.0,0.0,0.0,0.0,116.30166512990616,116.30166512990616,116.30166512990616,strong,5,3200,73200
80.0,0.0047145772242381,60000.0,0.5340132733106613,0.5300228174448014,-0.0039904558658598,0.1106396567697795,0.3326254000670718,6288.0,5017.0,5314.0,5924.0,0.0942111959287531,0.1548982188295165,8.229362700288814,4.68712924657288,3.5422334537159337,3.542233453715933,8.881784197001252e-16,32.01594760083773,0.36287943087455,-0.0167001331638235,0.0127096772979636,1.0,1.0,9.313225746154783e-10,46.8023432585469,0.0,70.12851570920202,-113.38862551403298,632.5484642447118,0.0688927469307856,3.542233453715937,3.552713678800501e-15,0.8851172541582365,0.0,0.0,0.0,0.0,113.38862551403298,113.38862551403298,113.38862551403298,strong,5,3200,73200
85.0,0.0047016774463746,60000.0,0.5220141838312149,0.5190635497093201,-0.0029506341218947,0.1297842377995189,0.3602557949561935,6505.0,5282.0,5569.0,6171.0,0.0948654880860876,0.1438893159108378,9.19220211825237,6.412933117288501,2.7792690009638683,2.779269000963868,4.440892098500626e-16,21.41453421529567,0.4109501789310338,-0.0130672263792399,0.0101165922573451,1.0,1.0,0.0,49.32960778533016,0.0,67.1622969836967,-113.712635768063,665.3540920242303,0.0690229926867995,2.7792690009638505,1.7763568394002505e-14,1.0382739023961516,0.0,0.0,0.0,0.0,113.712635768063,113.712635768063,113.712635768063,strong,5,3200,73200
90.0,0.0046891556009951,60000.0,0.5086158715486527,0.5189256787061691,0.0103098071575163,0.053580690080722,0.2314750312252318,6413.0,5182.0,5527.0,6257.0,0.0975674411351941,0.1381568688601279,5.943853315193289,3.51139951449636,2.4324538006969294,2.4324538006969294,0.0,45.39795581266896,0.3713702401981793,-0.0114061543636998,0.0217159615212162,0.0,1.0,1.31708899342442e-09,51.479318132274784,0.0,74.49205785389324,-123.53892218547112,658.6126053921053,0.0724966957471771,2.432453800696919,1.021405182655144e-14,0.4286455206457763,0.0,0.0,0.0,0.0,123.53892218547112,123.53892218547112,123.53892218547112,strong,5,3200,73200
95.0,0.0046769910970246,60000.0,0.5125109778881073,0.5036238139152527,-0.0088871639728546,0.173921479305452,0.4170389421929947,5518.0,4589.0,4796.0,5220.0,0.0945994925697716,0.1308445088800289,8.860890492510507,5.587354677098189,3.273535815412318,3.273535815412318,0.0,18.82191796254864,0.3867151070256591,-0.0153102978644746,0.00642313389162,1.0,1.0,0.0,39.58334476547316,0.0,66.21537433713047,-102.52518328719133,616.7508028665616,0.0603097445230977,3.273535815412316,1.7763568394002505e-15,1.391371834443616,0.0,0.0,0.0,0.0,102.52518328719133,102.52518328719133,102.52518328719133,strong,5,3200,73200
100.0,0.004665164957684,60000.0,0.500095873761177,0.49891966381073,-0.001176209950447,0.1256048359441113,0.3544077255705797,6833.0,5338.0,5723.0,6559.0,0.0959900482950387,0.1624469486316405,9.97334098692338,4.894669567144476,5.078671419778905,5.078671419778905,0.0,40.4337251954112,0.3292081041606003,-0.0236928399391439,0.0225166299886969,1.0,1.0,2.63417798684884e-09,55.96128125418909,0.0,75.20605240474856,-126.08866223915877,707.7157597149599,0.0732787268073046,5.0786714197789,5.3290705182007506e-15,1.0048386875528907,0.0,0.0,0.0,0.0,126.08866223915877,126.08866223915877,126.08866223915877,strong,5,3200,73200
105.0,0.0046536596572292,60000.0,0.4873236619472504,0.50574061024189,0.0184169482946395,0.0669497315505335,0.2587464619092086,7142.0,5573.0,5988.0,6856.0,0.0959955194623354,0.1615793895267432,6.888837703547806,4.511045518851461,2.3777921846963457,2.3777921846963457,0.0,35.51608243420054,0.395709800780051,-0.0110654355631963,0.0294823838578359,0.0,1.0,0.0,53.16068162873853,0.0,70.64442018398671,-121.4273096280289,679.7198517748548,0.0725366266475292,2.3777921846963466,8.881784197001252e-16,0.5355978524042683,0.0,0.0,0.0,0.0,121.4273096280289,121.4273096280289,121.4273096280289,strong,5,3200,73200
110.0,0.0046424589777348,60000.0,0.4829352699756622,0.4875735326766968,0.0046382627010345,0.0562145336884675,0.2370960431733678,7095.0,5587.0,5917.0,6605.0,0.0930937279774489,0.1660324171952079,6.348550553243452,4.2050953555617525,2.1434551976817,2.1434551976817,0.0,38.12991155562021,0.3984495397986892,-0.0099509028258497,0.0145891655268843,0.0,1.0,9.313225746154783e-10,57.91980650118785,0.0,71.86976460825213,-127.64611591175829,679.2012279616611,0.078575707099981,2.143455197681689,1.0658141036401504e-14,0.4497162695077402,0.0,0.0,0.0,0.0,127.64611591175829,127.64611591175829,127.64611591175829,strong,5,3200,73200
115.0,0.0046315478830482,60000.0,0.4773476217985153,0.4800336409807205,0.0026860191822052,0.053467456118321,0.2312303096878112,5652.0,4572.0,4820.0,5336.0,0.0944090587402689,0.1472045293701345,4.5324977113270455,4.177550900177177,0.3549468111498681,0.3549468111498681,0.0,6.6385580485517535,0.4796242921835674,-0.0016439531517758,0.0043299723339811,0.0,1.0,1.31708899342442e-09,39.59885603154544,0.0,56.69229507061391,-95.93620429100946,641.7943436610803,0.0581145453893704,0.3549468111498868,1.8651746813702633e-14,0.4277396489465687,0.0727928377967005,0.0,0.0,0.0,95.93620429100946,95.93620429100946,95.86341145321276,strong,5,3200,73200
120.0,0.0046209124075087,60000.0,0.476506828546524,0.4714509227275849,-0.0050559058189391,0.1185870781100592,0.3443647457421553,6501.0,5197.0,5529.0,6225.0,0.0957544993077988,0.1495154591601292,8.078794725326707,5.244808186873607,2.8339865384531,2.8339865384531,0.0,23.89793714137143,0.3936478909973352,-0.0130956035582508,0.0080396977393116,1.0,1.0,0.0,46.22093605599366,0.0,68.7225367334438,-112.10948625098436,660.0584215280396,0.0654428528310687,2.833986538453104,3.552713678800501e-15,0.9486966248804742,0.0,0.0,0.0,0.0,112.10948625098436,112.10948625098436,112.10948625098436,strong,5,3200,73200
125.0,0.0046105395574086,60000.0,0.4635797082424164,0.4755757491111755,0.0119960408687591,0.0477273992184616,0.2184660138750684,6006.0,4841.0,5100.0,5638.0,0.0938727938727938,0.1508491508491508,4.920366300049719,3.2345930839720545,1.6857732160776644,1.6857732160776646,2.220446049250313e-16,35.320869011978026,0.3966412254988882,-0.007772324097546,0.0197683649663052,0.0,1.0,0.0,45.16821711708326,0.0,65.32223828909957,-108.80468219010515,624.5131045257294,0.0674473300319619,1.6857732160776635,8.881784197001252e-16,0.3818191937476928,0.0,0.0,0.0,0.0,108.80468219010515,108.80468219010515,108.80468219010515,strong,5,3200,73200
130.0,0.0046004172234895,60000.0,0.4658513308525085,0.4677992394924163,0.0019479086399077,0.1369245550066782,0.370033180953652,6855.0,5447.0,5823.0,6611.0,0.0964405543398978,0.1505470459518599,9.720150878178332,6.397314467484733,3.322836410693599,3.3228364106935997,4.440892098500626e-16,24.267644401192577,0.3969181462646136,-0.0152864338545931,0.0172343424945009,0.0,1.0,1.862645149230957e-09,51.62157081993064,0.0,74.64484219623898,-122.94357660547604,653.2492356528455,0.0732355069126052,3.322836410693597,1.7763568394002505e-15,1.0953964400534255,0.0,0.0,0.0,0.0,122.94357660547604,122.94357660547604,122.94357660547604,strong,5,3200,73200
135.0,0.0045905341030286,60000.0,0.4587251142024994,0.4552635849714279,-0.0034615292310715,0.1297945744987982,0.3602701410036616,6807.0,5383.0,5759.0,6535.0,0.0960041134126634,0.1539591596885559,9.57291476743138,5.06208278309474,4.510831984336642,4.510831984336642,0.0,34.75362511688351,0.3458888712224458,-0.0207071280571297,0.0172455988260582,1.0,1.0,1.6130979885176087e-09,57.17319445370231,0.0,79.04435897548342,-131.70672144484908,687.0573882347162,0.0768218826041425,4.510831984336647,5.3290705182007506e-15,1.0383565959903858,0.0,0.0,0.0,0.0,131.70672144484908,131.70672144484908,131.70672144484908,strong,5,3200,73200
140.0,0.0045808796302822,60000.0,0.4499795298337936,0.4537701202630997,0.003790590429306,0.0685212977344624,0.2617657306342112,6376.0,5099.0,5468.0,6218.0,0.0975219573400251,0.1424090338770388,6.8732359588431535,3.429208559863317,3.444027398979836,3.444027398979836,0.0,50.26214495128687,0.3328538730431206,-0.0157766749581206,0.0195672653874267,0.0,1.0,0.0,50.99762843665667,0.0,65.85469014614273,-113.40829118381956,688.8165084652173,0.0689330277604857,3.4440273989798413,5.3290705182007506e-15,0.5481703818756996,0.0,0.0,0.0,0.0,113.40829118381956,113.40829118381956,113.40829118381956,strong,5,3200,73200
145.0,0.0045714439142384,60000.0,0.4537744076490402,0.4552140570402146,0.0014396493911744,0.1345959294637189,0.3668731789920312,6408.0,5174.0,5446.0,6010.0,0.0937890137328339,0.1501248439450686,8.005943180458257,6.080958089386563,1.9249850910716937,1.9249850910716944,8.881784197001252e-16,14.301956223650755,0.4316746439050999,-0.0087999613795793,0.0102396107707538,0.0,1.0,0.0,49.65579304401763,0.0,65.7073112497369,-113.43811920268284,707.1172414524335,0.0656151722914626,1.9249850910717043,1.0658141036401504e-14,1.0767674357097516,0.0,0.0,0.0,0.0,113.43811920268284,113.43811920268284,113.43811920268284,strong,5,3200,73200
150.0,0.0045622176827774,60000.0,0.4431265933275223,0.4442599539279938,0.0011333606004715,0.0637900431850533,0.2525669083333233,6218.0,5029.0,5256.0,5712.0,0.0918623351559987,0.154712126085558,5.739858343721727,4.07501918056701,1.664839163154717,1.6648391631547168,2.220446049250313e-16,26.09873077409681,0.4151879807448048,-0.0075953586691247,0.0087287192695963,0.0,1.0,0.0,48.36405180604197,0.0,53.54991309118918,-100.24912573407644,694.6170025957472,0.0650945963150867,1.664839163154724,7.105427357601002e-15,0.5103203454804269,0.0,0.0,0.0,0.0,100.24912573407644,100.24912573407644,100.24912573407644,strong,5,3200,73200
1.0,0.0049950273089797,60000.0,2.305176560688019,2.303738702058792,-0.0014378586292269,0.61239682553013,0.7825578735979404,184.0,147.0,156.0,182.0,0.0989130434782608,0.1521739130434782,0.7161001209450433,0.4221563751975736,0.2939437457474696,0.2939437457474696,0.0,0.4799890095658367,0.3708798294832485,-0.0014682570373124,3.0398408085447e-05,1.0,1.0,9.313225746154783e-10,21.32139640301466,0.0,-11.838944094080944,-9.188508563186248,1031.4174925191874,0.0202532618746929,0.2939437457474696,0.0,4.89917460424104,4.60523085849357,0.0,0.0,11.838944094080944,9.188508563186248,21.02745265726719,16.42222179877362,strong,5,3300,73300
5.0,0.0049756643332495,60000.0,2.1961113784313206,2.023205889606476,-0.1729054888248447,1.0642152676095618,1.031608097879016,7831.0,5803.0,7277.0,11017.0,0.1406844592006129,0.0707444770782786,62.37057736010629,4.169275925686087,58.2013014344202,58.2013014344202,0.0,54.68940655695708,0.0626583276007359,-0.2895901396959497,0.116684650871105,1.0,1.0,1.862645149230957e-09,114.62572337314488,0.0,145.86236660024224,-202.2867885389669,997.2604544037912,0.1030912387114329,58.2013014344202,0.0,8.513722140876494,0.0,0.0,0.0,0.0,202.2867885389669,202.2867885389669,202.2867885389669,strong,5,3300,73300
10.0,0.0049525712910726,60000.0,1.5354739060401916,1.4476749678611756,-0.087798938179016,0.3652894035263775,0.6043917632846906,7576.0,5694.0,6510.0,8750.0,0.1154963041182682,0.1407074973600844,30.59321317168778,7.626071346506507,22.967141825181272,22.967141825181272,0.0,62.87382443472061,0.1995346444247567,-0.1137464072413857,0.0259474690623696,1.0,1.0,4.5625303535246076e-09,93.22974911070196,0.0,74.88448654879812,-145.1470938343188,609.0830750077184,0.1327467560167775,22.967141825181272,0.0,2.92231522821102,0.0,0.0,0.0,0.0,145.1470938343188,145.1470938343188,145.1470938343188,strong,5,3300,73300
15.0,0.004930605096731,60000.0,1.23201539812088,1.18480308675766,-0.0472123113632201,0.209657293492228,0.4578834933607326,6542.0,4965.0,5548.0,7018.0,0.1072760623662488,0.1519413023540201,17.612447786020272,5.715935740409801,11.896512045610471,11.896512045610471,0.0,56.74265773182592,0.2450206519424669,-0.0586570029254091,0.011444691562189,1.0,1.0,1.862645149230957e-09,68.5111261854181,0.0,72.01975976060112,-128.63437390040875,557.5318270896787,0.109435184641896,11.896512045610478,7.105427357601002e-15,1.6772583479378245,0.0,0.0,0.0,0.0,128.63437390040875,128.63437390040875,128.63437390040875,strong,5,3300,73300
20.0,0.0049096652228095,60000.0,1.0338191088676454,1.004195426940918,-0.0296236819267272,0.1597920566312518,0.3997399862801467,6849.0,5343.0,5845.0,7063.0,0.1031245437290115,0.1465907431741859,14.421121985572588,5.221074771859582,9.200047213713006,9.200047213713006,0.0,57.57512236633718,0.2658091066053517,-0.0451691518533727,0.0155454699266455,1.0,1.0,0.0,63.38686911232071,0.0,73.00214634949089,-127.18896824809858,543.734557760683,0.1044055872624964,9.20004721371302,1.4210854715202004e-14,1.2783364530500148,0.0,0.0,0.0,0.0,127.18896824809858,127.18896824809858,127.18896824809858,strong,5,3300,73300
25.0,0.0048896638427146,60000.0,0.8948530817508697,0.8865905623435976,-0.0082625194072721,0.1027265676874562,0.3205098558351307,6328.0,5005.0,5444.0,6480.0,0.102402022756005,0.1396965865992414,10.426828711954991,5.409767836459544,5.017060875495449,5.017060875495449,0.0,48.83898088330728,0.3415991447354979,-0.0245317411596083,0.0162692217523361,1.0,1.0,2.9451006078318187e-09,56.47038185026031,0.0,68.924956132342,-120.37827710710684,552.2383179077733,0.0927707816114797,5.01706087549546,1.0658141036401504e-14,0.8218125414996503,0.0,0.0,0.0,0.0,120.37827710710684,120.37827710710684,120.37827710710684,strong,5,3300,73300
30.0,0.0048705237912742,60000.0,0.807139904689789,0.7852303490638733,-0.0219095556259156,0.1896680769724053,0.4355089860983414,7427.0,5617.0,6133.0,7263.0,0.0977918405816615,0.1742291638615861,14.096979260420332,7.186093666335184,6.9108855940851495,6.9108855940851495,0.0,36.43673571431111,0.3376436142969446,-0.0336596327047663,0.0117500770788506,1.0,1.0,0.0,61.75157688558102,0.0,83.81645249673147,-138.65714378822733,611.0903612095062,0.0917772412647295,6.910885594085158,8.881784197001252e-15,1.5173446157792427,0.0,0.0,0.0,0.0,138.65714378822733,138.65714378822733,138.65714378822733,strong,5,3300,73300
35.0,0.0048521769173698,60000.0,0.7318505170822144,0.7245118787288666,-0.0073386383533478,0.0602487941807535,0.2454562979040332,7178.0,5563.0,6068.0,7168.0,0.0998606854276957,0.1546391752577319,7.992157574592967,3.2321088545205736,4.760048720072393,4.760048720072393,0.0,79.00653921457221,0.2879572464653118,-0.0230965985250909,0.0157579601717431,1.0,1.0,1.6130979885176087e-09,54.705103943822905,0.0,68.36117174206197,-118.30622696581248,588.3739737319556,0.0850674603526809,4.76004872007239,2.664535259100376e-15,0.4819903534460281,0.0,0.0,0.0,0.0,118.30622696581248,118.30622696581248,118.30622696581248,strong,5,3300,73300
40.0,0.0048345627417287,60000.0,0.6853842381715773,0.6817391736030578,-0.0036450645685195,0.0732045007167555,0.2705633026054264,7077.0,5467.0,5843.0,6639.0,0.093810936837643,0.1743676699166313,7.612092704899867,4.855637241816616,2.7564554630832507,2.7564554630832503,4.440892098500626e-16,37.65418022245093,0.3894564016519625,-0.0133262568810569,0.0096811923125373,1.0,1.0,0.0,54.07987967017107,0.0,75.77965691592658,-127.1030811230144,610.68718174901,0.0813516234614849,2.756455463083256,5.3290705182007506e-15,0.5856360057340442,0.0,0.0,0.0,0.0,127.1030811230144,127.1030811230144,127.1030811230144,strong,5,3300,73300
45.0,0.0048176273546297,60000.0,0.649702674460411,0.6461657721281051,-0.0035369023323058,0.046163503467311,0.2148569372101143,6553.0,5237.0,5533.0,6185.0,0.0943842514878681,0.1556538989775675,5.128193090307892,3.289096144233939,1.8390969460739532,1.8390969460739532,0.0,39.838764563791,0.390754796774305,-0.0088600837552219,0.005323181422916,1.0,1.0,0.0,50.84676267579198,0.0,59.568189135205785,-108.5758548649238,615.6007697238892,0.0762952223601275,1.8390969460739652,1.199040866595169e-14,0.3693080277384882,0.0,0.0,0.0,0.0,108.5758548649238,108.5758548649238,108.5758548649238,strong,5,3300,73300
50.0,0.004801322503961,60000.0,0.6365558260679245,0.6149719247817993,-0.0215839012861251,0.3206095537305179,0.5662239430918812,7069.0,5540.0,6003.0,6991.0,0.0988965907483378,0.1507992643938321,16.255343404542835,8.082867767298099,8.172475637244736,8.172475637244734,1.7763568394002505e-15,25.490430781466824,0.3321060742808369,-0.0392386911901769,0.0176547899040517,1.0,1.0,0.0,51.333187755488325,0.0,71.99657737808798,-115.15728949633156,650.4611477061881,0.073145628514825,8.172475637244744,8.881784197001252e-15,2.5648764298441438,0.0,0.0,0.0,0.0,115.15728949633156,115.15728949633156,115.15728949633156,strong,5,3300,73300
55.0,0.0047856048355997,60000.0,0.5979095795631408,0.6002098538398744,0.0023002742767335,0.091518455259987,0.3025201733107844,6572.0,5151.0,5586.0,6530.0,0.0993609251369446,0.1500304321363359,8.783939402882647,4.741945561942632,4.041993840940014,4.041993840940014,0.0,44.16588795623194,0.3505830172498356,-0.0193433852706667,0.0216436595474002,0.0,1.0,0.0,48.94592968735378,0.0,83.27006519672727,-128.17400104314103,619.0946514936513,0.0732678987866635,4.041993840940023,8.881784197001252e-15,0.7321476420798965,0.0,0.0,0.0,0.0,128.17400104314103,128.17400104314103,128.17400104314103,strong,5,3300,73300
60.0,0.0047704352566433,60000.0,0.5862147332668304,0.5796125453710557,-0.0066021878957747,0.1128187708983852,0.3358850560807748,6414.0,5167.0,5528.0,6296.0,0.0981602743997505,0.1381353289678827,7.954849794737299,5.116652804948316,2.838196989788983,2.838196989788983,0.0,25.15713446608383,0.3914357026614046,-0.0135394349853884,0.0069372470896137,1.0,1.0,0.0,44.07432338094805,0.0,75.15053310401913,-116.3866594951782,617.7429394491191,0.066595910769201,2.838196989788969,1.4210854715202004e-14,0.902550167187082,0.0,0.0,0.0,0.0,116.3866594951782,116.3866594951782,116.3866594951782,strong,5,3300,73300
65.0,0.0047557783984597,60000.0,0.5723014768123627,0.5607684170246124,-0.0115330597877502,0.2094577492634876,0.457665543015298,6642.0,5304.0,5636.0,6326.0,0.0952423968684131,0.1514604034929237,12.51912221143575,6.808147989600755,5.710974221834995,5.710974221834995,0.0,27.265518902577664,0.3522560567935579,-0.0271601278383631,0.0156270680506129,1.0,1.0,0.0,50.067387482733466,0.0,72.46001712264069,-116.81643038353916,647.602786732954,0.0717636919752498,5.710974221834988,7.105427357601002e-15,1.6756619941079012,0.0,0.0,0.0,0.0,116.81643038353916,116.81643038353916,116.81643038353916,strong,5,3300,73300
70.0,0.0047416021613943,60000.0,0.5489821581840515,0.5496691540479661,0.0006869958639146,0.0999323270389866,0.3161207475617293,7013.0,5474.0,5809.0,6501.0,0.0926992727791244,0.1716811635534008,7.541221977293105,5.094065949753739,2.447156027539366,2.447156027539366,0.0,24.488132119495795,0.4031618415951949,-0.0116034403094498,0.0122904361733644,0.0,1.0,9.313225746154783e-10,51.85684123483952,0.0,79.58678377911247,-128.99646898641262,645.7839832850332,0.0743317182886024,2.447156027539364,1.7763568394002505e-15,0.7994586163118929,0.0,0.0,0.0,0.0,128.99646898641262,128.99646898641262,128.99646898641262,strong,5,3300,73300
75.0,0.0047278773267132,60000.0,0.5377500732660294,0.5390860047101974,0.0013359314441679,0.1284996792956215,0.3584685192532553,7100.0,5582.0,5962.0,6750.0,0.0950704225352112,0.160281690140845,10.698049014759484,6.138699586386625,4.55934942837286,4.559349428372858,1.7763568394002505e-15,35.48140706159891,0.3646012500280934,-0.0215560447869672,0.0228919762311352,0.0,1.0,9.313225746154783e-10,55.13461427006405,0.0,77.7738982800472,-128.3491631217384,672.3693674405913,0.0757859965802803,4.559349428372855,5.3290705182007506e-15,1.027997434364972,0.0,0.0,0.0,0.0,128.3491631217384,128.3491631217384,128.3491631217384,strong,5,3300,73300
80.0,0.0047145772242381,60000.0,0.5336854287385941,0.5273690754413605,-0.0063163532972336,0.1556498887971492,0.3945248899589849,6445.0,5210.0,5499.0,6101.0,0.0946625290923196,0.1467804499612102,10.197002384427687,6.576514299349492,3.620488085078195,3.620488085078194,8.881784197001252e-16,23.260460467123096,0.3920772503067344,-0.0170690706665352,0.0107527173693015,1.0,1.0,0.0,45.79429990123026,0.0,72.11997670475853,-114.2937885209106,643.8171807432518,0.0664059418767692,3.620488085078193,1.7763568394002505e-15,1.2451991103771936,0.0,0.0,0.0,0.0,114.2937885209106,114.2937885209106,114.2937885209106,strong,5,3300,73300
85.0,0.0047016774463746,60000.0,0.5181086480379106,0.5232815859556198,0.0051729379177092,0.116177614052423,0.3408483739911678,6438.0,5206.0,5488.0,6070.0,0.0942839391115253,0.1475613544579062,5.80910701197476,6.147011844668564,-0.3379048326938036,-0.3379048326938036,0.0,-2.908519299951627,0.5141310418851369,0.0015887195308974,0.0035842183868117,0.0,0.0,9.313225746154783e-10,44.59988136444008,0.0,72.4750550982321,-117.412841295366,630.6477935064322,0.0660496629965722,-0.337904832693809,5.3290705182007506e-15,0.929420912419384,1.2673257451131876,0.0,0.0,0.0,117.412841295366,117.412841295366,116.1455155502528,strong,5,3300,73300
90.0,0.0046891556009951,60000.0,0.5142922981739044,0.5128026870965958,-0.0014896110773086,0.1862859752690594,0.4316085903559606,6973.0,5440.0,5793.0,6525.0,0.0935752187007027,0.169224150293991,11.336884478523782,6.846913078650559,4.489971399873223,4.489971399873223,0.0,24.102573440583484,0.3765392271401052,-0.0210541745380234,0.0195645634607148,1.0,1.0,1.862645149230957e-09,55.61061067960691,0.0,71.93686492814328,-123.05750420787696,718.1963944968666,0.0718662538689791,4.489971399873227,3.552713678800501e-15,1.4902878021524752,0.0,0.0,0.0,0.0,123.05750420787696,123.05750420787696,123.05750420787696,strong,5,3300,73300
95.0,0.0046769910970246,60000.0,0.5129886675834656,0.4980437071323395,-0.014944960451126,0.261288345258987,0.5111637166886819,5731.0,4535.0,4809.0,5379.0,0.0938579654510556,0.1608794276740534,13.301044226302343,6.843480780832001,6.457563445470344,6.457563445470344,0.0,24.71431873116903,0.3397191434599886,-0.0302019667429363,0.0152570062918102,1.0,1.0,0.0,42.92817648267373,0.0,77.84163754941437,-114.31225058661776,628.4384864807362,0.0639414776616833,6.457563445470356,1.2434497875801752e-14,2.0903067620718963,0.0,0.0,0.0,0.0,114.31225058661776,114.31225058661776,114.31225058661776,strong,5,3300,73300
100.0,0.004665164957684,60000.0,0.4909292669534683,0.4978329938173294,0.006903726863861,0.0986578940290707,0.3140985419085398,4933.0,4065.0,4277.0,4727.0,0.0958240421650111,0.1329819582404217,4.5467387394764165,4.358337037505366,0.1884017019710508,0.1884017019710507,1.6653345369377348e-16,1.9096464994026328,0.4894216676708108,-0.0008789250180033,0.0077826518818644,0.0,1.0,9.313225746154783e-10,34.620961320295464,0.0,51.59871114919497,-86.03127076751939,606.8383412960757,0.0539721868232079,0.1884017019710455,5.3290705182007506e-15,0.7892631522325659,0.600861450261515,0.0,0.0,0.0,86.03127076751939,86.03127076751939,85.43040931725787,strong,5,3300,73300
105.0,0.0046536596572292,60000.0,0.4902395572423935,0.4811971833467483,-0.0090423738956452,0.1703031122596278,0.4126779764654613,6604.0,4993.0,5328.0,6032.0,0.0913385826771653,0.1932162325863113,10.550921494220976,5.502358306437262,5.048563187783714,5.048563187783712,1.7763568394002505e-15,29.64457384717173,0.3427560208731705,-0.0234942948339617,0.0144519209383165,1.0,1.0,0.0,53.13923907693243,0.0,66.72675638400551,-114.81743227315422,681.8537743496345,0.0722989716993297,5.048563187783714,0.0,1.3624248980770224,0.0,0.0,0.0,0.0,114.81743227315422,114.81743227315422,114.81743227315422,strong,5,3300,73300
110.0,0.0046424589777348,60000.0,0.4809448509216309,0.481619544839859,0.0006746939182281,0.1059501547037727,0.3254998536155934,6186.0,5040.0,5308.0,5854.0,0.0946330423537019,0.1419333979954736,5.937909644197212,4.601299058117837,1.3366105860793756,1.3366105860793749,6.661338147750939e-16,12.615466110610416,0.4365886650586122,-0.0062051598150795,0.0068798537333076,0.0,1.0,9.313225746154783e-10,44.85967370553408,0.0,48.16672799827506,-91.68979111772975,708.8727887685309,0.0595167064428748,1.3366105860793738,1.7763568394002505e-15,0.8476012376301819,0.0,0.0,0.0,0.0,91.68979111772975,91.68979111772975,91.68979111772975,strong,5,3300,73300
115.0,0.0046315478830482,60000.0,0.475815925836563,0.47781463201046,0.0019987061738969,0.0838307074255193,0.2895353301853149,7061.0,5358.0,5739.0,6523.0,0.0923806826228579,0.1872256054383232,7.410236432535495,5.1981841068336845,2.2120523257018103,2.212052325701811,8.881784197001252e-16,26.38713657125155,0.4122787696208742,-0.0102452262662961,0.012243932440193,0.0,1.0,0.0,53.82454324525315,0.0,69.17738930366295,-120.78988022321428,696.7876907843947,0.0717075219468474,2.212052325701819,8.881784197001252e-15,0.6706456594041548,0.0,0.0,0.0,0.0,120.78988022321428,120.78988022321428,120.78988022321428,strong,5,3300,73300
120.0,0.0046209124075087,60000.0,0.4724120174646377,0.4690299796581268,-0.0033820378065109,0.1298841793346134,0.3603944773919454,5920.0,4825.0,5072.0,5586.0,0.0943581081081081,0.1432432432432432,6.892326568197495,4.873454988166539,2.018871580030956,2.018871580030956,0.0,15.543629642759244,0.414205802208738,-0.0093290287333319,0.0059469909268209,1.0,1.0,0.0,43.74512265162775,0.0,64.93338294480486,-106.65963401640168,662.8907404640158,0.0619061739362479,2.0188715800309467,8.881784197001252e-15,1.0390734346769075,0.0,0.0,0.0,0.0,106.65963401640168,106.65963401640168,106.65963401640168,strong,5,3300,73300
125.0,0.0046105395574086,60000.0,0.4639331728696823,0.4632681403160095,-0.0006650325536728,0.1015144722153132,0.3186133585010416,5865.0,4747.0,4991.0,5495.0,0.0936913895993179,0.1490196078431372,6.379490477767839,4.435413786569489,1.94407669119835,1.9440766911983496,4.440892098500626e-16,19.15073436105684,0.410120485411552,-0.008963242487406,0.0082982099337332,1.0,1.0,0.0,39.96580277557951,0.0,53.05916604209392,-91.08089212647508,640.3398689156456,0.0587468316649858,1.9440766911983476,2.664535259100376e-15,0.8121157777225062,0.0,0.0,0.0,0.0,91.08089212647508,91.08089212647508,91.08089212647508,strong,5,3300,73300
130.0,0.0046004172234895,60000.0,0.4601238339662551,0.4575709289073943,-0.0025529050588607,0.0818108275917988,0.2860259211886204,6529.0,5229.0,5529.0,6155.0,0.0942717108286108,0.1531628120692295,7.215736813399159,4.43314651058755,2.782590302811609,2.782590302811609,0.0,34.01249424703961,0.3805640753100402,-0.0128010763549696,0.0102481712961088,1.0,1.0,9.313225746154783e-10,54.01397877407726,0.0,55.23086741262296,-106.46225588388862,691.1274095711415,0.072488227897298,2.782590302811599,1.0658141036401504e-14,0.6544866207343911,0.0,0.0,0.0,0.0,106.46225588388862,106.46225588388862,106.46225588388862,strong,5,3300,73300
135.0,0.0045905341030286,60000.0,0.4521756849765778,0.4529773428440094,0.0008016578674315,0.0422981067802672,0.2056650353858604,6108.0,4852.0,5168.0,5812.0,0.0951538965291421,0.1538965291421087,4.689412350700966,3.0270494858633565,1.6623628648376094,1.6623628648376094,0.0,39.3011175056452,0.3922846441771712,-0.0076311334226454,0.008432791290077,0.0,1.0,9.313225746154783e-10,45.62551103765145,0.0,55.156897420695714,-99.12004559350956,685.9685814889745,0.0623645153832224,1.662362864837604,5.3290705182007506e-15,0.3383848542421377,0.0,0.0,0.0,0.0,99.12004559350956,99.12004559350956,99.12004559350956,strong,5,3300,73300
140.0,0.0045808796302822,60000.0,0.4494972601652145,0.451791558933258,0.0022942987680435,0.0719803587316932,0.2682915554610193,5802.0,4741.0,4992.0,5506.0,0.0948983109272664,0.139607032057911,4.857422819458993,3.865859857826916,0.9915629616320772,0.9915629616320772,0.0,13.775465684022608,0.4431657210757393,-0.0045422305730827,0.0068365293411262,0.0,1.0,0.0,43.91757907916326,0.0,64.23729600891454,-107.16331212644572,667.4488099516748,0.0617369329734517,0.9915629616320842,7.105427357601002e-15,0.5758428698535458,0.0,0.0,0.0,0.0,107.16331212644572,107.16331212644572,107.16331212644572,strong,5,3300,73300
145.0,0.0045714439142384,60000.0,0.4453927322149277,0.4430189180612565,-0.0023738141536712,0.0607851477085479,0.246546441281451,6171.0,5007.0,5269.0,5803.0,0.0940366229136282,0.1461675579322637,6.535855547157928,4.080531188565489,2.4553243585924385,2.4553243585924385,0.0,40.393491685916494,0.3843615808413215,-0.0112243775965687,0.0088505634428975,1.0,1.0,0.0,46.253772258904064,0.0,72.76201881460292,-116.56046671491453,635.5087867469774,0.0678444007343985,2.455324358592464,2.4868995751603507e-14,0.4862811816683837,0.0,0.0,0.0,0.0,116.56046671491453,116.56046671491453,116.56046671491453,strong,5,3300,73300
150.0,0.0045622176827774,60000.0,0.4482632156610489,0.4403123231649399,-0.007950892496109,0.1545017685995479,0.393067129889473,6016.0,4984.0,5250.0,5804.0,0.0964760638297872,0.1273271276595744,9.550332127916016,5.523364483365771,4.026967644550243,4.026967644550243,0.0,26.064217135194838,0.3664240183281819,-0.0183719029959395,0.0104210104998305,1.0,1.0,0.0,42.09851344011258,0.0,62.94172158414585,-101.0132673797082,679.9088737138736,0.0583075937852336,4.02696764455024,3.552713678800501e-15,1.2360141487963832,0.0,0.0,0.0,0.0,101.0132673797082,101.0132673797082,101.0132673797082,strong,5,3300,73300
1.0,0.0049950273089797,60000.0,2.305176584529877,2.303683260345459,-0.0014933241844179,0.6123968272007293,0.782557874665337,197.0,162.0,169.0,189.0,0.0959390862944162,0.1421319796954314,0.7615285493588999,0.4599306025697842,0.3015979467891156,0.3015979467891156,0.0,0.4924877683767929,0.3765419431698176,-0.0015064899805438,1.3165796125909216e-05,1.0,1.0,9.313225746154783e-10,23.454064588993788,0.0,-13.01707092075958,-10.135395721445091,1040.942299725244,0.0220350852138663,0.3015979467891156,0.0,4.899174617605834,4.597576670816719,0.0,0.0,13.01707092075958,10.135395721445091,23.152466642204672,18.554889971387954,strong,5,3400,73400
5.0,0.0049756643332495,60000.0,2.2057274779319767,2.016390947723389,-0.1893365302085876,1.0363723739297517,1.0180237590202654,8645.0,6278.0,7883.0,12041.0,0.1392828224407171,0.0881434355118565,66.78291826038185,4.821407890215028,61.96151037016682,61.96151037016683,7.105427357601002e-15,59.78691822440141,0.0673340306293049,-0.3082996771831103,0.1189631469745227,1.0,1.0,3.725290298461914e-09,128.42889057274442,0.0,158.82432768031686,-225.29170788289449,984.964208255024,0.1153490988115161,61.96151037016682,0.0,8.290978991438013,0.0,0.0,0.0,0.0,225.29170788289449,225.29170788289449,225.29170788289449,strong,5,3400,73400
10.0,0.0049525712910726,60000.0,1.5282369212150575,1.4628258338928222,-0.0654110873222353,0.3086132500891199,0.555529702256432,7862.0,5692.0,6642.0,9020.0,0.1147290765708471,0.1551767997964894,25.066416199449407,7.452364519714792,17.614051679734615,17.614051679734615,0.0,57.07483938116109,0.2291710929777546,-0.0872348466685229,0.0218237593462875,1.0,1.0,4.5625303535246076e-09,89.15020071709296,0.0,73.52237758533465,-145.05852662269297,603.3987248392768,0.1287276572488691,17.614051679734644,2.8421709430404014e-14,2.468906000712959,0.0,0.0,0.0,0.0,145.05852662269297,145.05852662269297,145.05852662269297,strong,5,3400,73400
15.0,0.004930605096731,60000.0,1.2385186071872714,1.1964962690353391,-0.042022338151932,0.2230223735458709,0.4722524468394747,7675.0,5427.0,6109.0,7739.0,0.1008338762214983,0.2040390879478827,18.699011772278972,7.753609297576723,10.945402474702252,10.945402474702252,0.0,49.07759836235002,0.2931130823331686,-0.0539674572275394,0.0119451190756073,1.0,1.0,1.862645149230957e-09,75.93970562692266,0.0,79.41375023854243,-144.40805339076283,552.3652434144933,0.1208644078687926,10.945402474702265,1.0658141036401504e-14,1.7841789883669676,0.0,0.0,0.0,0.0,144.40805339076283,144.40805339076283,144.40805339076283,strong,5,3400,73400
20.0,0.0049096652228095,60000.0,1.0372773480892183,1.0086497581005098,-0.0286275899887085,0.1398909847340916,0.374020032530467,7614.0,5548.0,6040.0,7222.0,0.0948515891778303,0.2067244549514053,13.572499506065716,6.222112080160088,7.3503874259056285,7.3503874259056285,0.0,52.54368206698548,0.3143336282733519,-0.0360879415191455,0.007460351530437,1.0,1.0,2.63417798684884e-09,75.92897235287819,0.0,67.42535406006846,-136.003938987041,598.1838241382975,0.1126354116819856,7.350387425905637,8.881784197001252e-15,1.119127877872733,0.0,0.0,0.0,0.0,136.003938987041,136.003938987041,136.003938987041,strong,5,3400,73400
25.0,0.0048896638427146,60000.0,0.8950814702033998,0.890573254108429,-0.0045082160949707,0.1047582833025717,0.3236638430572246,6905.0,5282.0,5797.0,6963.0,0.1008399710354815,0.1604634322954381,9.965807933750378,6.1857341335849245,3.7800738001654537,3.7800738001654537,0.0,36.083769998860376,0.3829810248332191,-0.0184832901834619,0.0139750740884911,1.0,1.0,3.4846900920371127e-09,61.13178235050873,0.0,70.80702470205688,-128.15873325240017,553.7514163920569,0.0994201540642565,3.78007380016544,1.4210854715202004e-14,0.8380662664205739,0.0,0.0,0.0,0.0,128.15873325240017,128.15873325240017,128.15873325240017,strong,5,3400,73400
30.0,0.0048705237912742,60000.0,0.8150778573036195,0.7923029682636261,-0.0227748890399933,0.1642244180213138,0.4052461203038393,6546.0,5128.0,5528.0,6456.0,0.0986251145737855,0.1555148182095936,11.27241935890426,4.277843220084442,6.994576138819818,6.994576138819818,0.0,42.59157208833604,0.2750978125517059,-0.0340672494940012,0.0112923604540079,1.0,1.0,0.0,50.63177388039185,0.0,63.771757901174624,-107.40895564274666,596.5145147796866,0.0782385293211297,6.994576138819809,8.881784197001252e-15,1.3137953441705104,0.0,0.0,0.0,0.0,107.40895564274666,107.40895564274666,107.40895564274666,strong,5,3400,73400
35.0,0.0048521769173698,60000.0,0.7482700279235841,0.732390734243393,-0.0158792936801911,0.1267119198080162,0.3559661778989911,6626.0,5195.0,5594.0,6448.0,0.0973136130395412,0.1557500754603078,10.913864540841823,4.1992715139670285,6.714593026874795,6.714593026874795,0.0,52.99101329257903,0.2778557341598775,-0.0325803932945341,0.016701099614343,1.0,1.0,1.31708899342442e-09,55.722515666042455,0.0,73.90775700395943,-122.91567964312708,603.2715668667952,0.0845569287236593,6.714593026874795,0.0,1.0136953584641295,0.0,0.0,0.0,0.0,122.91567964312708,122.91567964312708,122.91567964312708,strong,5,3400,73400
40.0,0.0048345627417287,60000.0,0.7033353299617768,0.686109854221344,-0.0172254757404328,0.229192725145764,0.4787407702982523,6164.0,4877.0,5236.0,5996.0,0.0972744970798183,0.1505515898767034,11.156828523343515,5.741848745085679,5.414979778257837,5.414979778257837,0.0,23.626316126805374,0.3397809576381956,-0.0261790594831799,0.008953583742747,1.0,1.0,0.0,45.21773658040911,0.0,71.25331725662534,-111.0560740587766,594.8460004576627,0.0706456778658583,5.414979778257845,7.993605777301127e-15,1.833541801166112,0.0,0.0,0.0,0.0,111.0560740587766,111.0560740587766,111.0560740587766,strong,5,3400,73400
45.0,0.0048176273546297,60000.0,0.6618961468458177,0.6606893274068832,-0.0012068194389344,0.1380926165831233,0.3716081492420791,7424.0,5832.0,6332.0,7384.0,0.0994612068965517,0.1470905172413793,11.830357257132256,5.939828324509518,5.890528932622738,5.890528932622739,8.881784197001252e-16,42.65636410095103,0.3342580918595416,-0.0283783733190413,0.0271715538801069,1.0,1.0,0.0,60.711123944143765,0.0,86.91461986756212,-141.73521487908317,631.5743913675469,0.0876966549225134,5.890528932622715,2.3092638912203256e-14,1.1047409326649869,0.0,0.0,0.0,0.0,141.73521487908317,141.73521487908317,141.73521487908317,strong,5,3400,73400
50.0,0.004801322503961,60000.0,0.6308705965995789,0.6261047232389451,-0.0047658733606338,0.073701113001753,0.2714794890995506,6504.0,5231.0,5560.0,6246.0,0.0960332103321033,0.1451414514145141,6.8014056345543175,4.094436377606586,2.7069692569477315,2.7069692569477315,0.0,36.729014619946696,0.3757797123927426,-0.0129970324109139,0.0082311590502801,1.0,1.0,0.0,50.96675373683684,0.0,67.03233416565581,-115.29211864554492,625.7223563593434,0.0753178276056382,2.7069692569477297,1.7763568394002505e-15,0.5896089040140244,0.0,0.0,0.0,0.0,115.29211864554492,115.29211864554492,115.29211864554492,strong,5,3400,73400
55.0,0.0047856048355997,60000.0,0.6050400560379029,0.6168017204761507,0.0117616644382477,0.0795341124261389,0.2820179292636178,7539.0,5830.0,6213.0,7003.0,0.0928903037538135,0.1758853959411062,7.435453603740186,6.426317841280509,1.0091357624596764,1.0091357624596768,4.440892098500626e-16,12.68808730840911,0.463600043238984,-0.0048293249846036,0.0165909894228513,0.0,1.0,0.0,59.77162275806768,0.0,79.60503438298178,-138.36752137858977,654.0853093801998,0.0837305348832705,1.0091357624596924,1.5987211554602254e-14,0.6362728994091114,0.0,0.0,0.0,0.0,138.36752137858977,138.36752137858977,138.36752137858977,strong,5,3400,73400
60.0,0.0047704352566433,60000.0,0.5931413203954697,0.5861840147018433,-0.0069573056936264,0.1018490973913023,0.3191380538126132,6168.0,5034.0,5384.0,6108.0,0.0990272373540856,0.1271076523994811,7.654150071360775,4.675627845982289,2.978522225378485,2.978522225378485,0.0,29.244463639526007,0.3792142792292756,-0.0142088474366413,0.0072515417430149,1.0,1.0,0.0,40.49264033895452,0.0,63.67236295126759,-101.18648106484362,619.2797164564654,0.0613736539912513,2.978522225378484,1.7763568394002505e-15,0.814792779130419,0.0,0.0,0.0,0.0,101.18648106484362,101.18648106484362,101.18648106484362,strong,5,3400,73400
65.0,0.0047557783984597,60000.0,0.5745626952171325,0.5721083065748216,-0.0024543886423109,0.1366753972819949,0.369696358221169,6150.0,4825.0,5176.0,5900.0,0.0959349593495935,0.1583739837398373,8.965902602121547,5.3027333966053,3.663169205516248,3.663169205516248,0.0,26.80196493563673,0.3716356207473825,-0.0174212209774969,0.014966832335186,1.0,1.0,0.0,44.80345117271645,0.0,76.45058064206023,-117.59086260926044,612.7083200207635,0.0681409111374411,3.663169205516226,2.131628207280301e-14,1.0934031782559597,0.0,0.0,0.0,0.0,117.59086260926044,117.59086260926044,117.59086260926044,strong,5,3400,73400
70.0,0.0047416021613943,60000.0,0.5686129171848298,0.557217707180977,-0.0113952100038527,0.232563546308543,0.4822484280000745,6867.0,5360.0,5779.0,6659.0,0.0969710208242318,0.1584389107324887,11.39111349147693,6.447264203205306,4.943849288271624,4.943849288271622,1.7763568394002505e-15,21.25805770829018,0.3614266001962323,-0.0234417664708765,0.0120465564670237,1.0,1.0,1.6130979885176087e-09,53.13166947633727,0.0,71.80619561113326,-119.9940157991989,685.8389966697359,0.071899565044216,4.943849288271622,1.7763568394002505e-15,1.8605083704683445,0.0,0.0,0.0,0.0,119.9940157991989,119.9940157991989,119.9940157991989,strong,5,3400,73400
75.0,0.0047278773267132,60000.0,0.5456666654348374,0.544212345290184,-0.0014543201446534,0.122509702354415,0.35001386023187,5908.0,4926.0,5182.0,5720.0,0.0968178740690589,0.1228842247799594,7.642144146653188,4.469463882878007,3.172680263775181,3.172680263775181,0.0,25.897379577306957,0.3690231612499605,-0.0150000430840133,0.0135457229393599,1.0,1.0,0.0,46.81166554172523,0.0,57.65419393935281,-101.29317921730284,662.0780600512808,0.0660351869292025,3.172680263775192,1.0658141036401504e-14,0.9800776188353202,0.0,0.0,0.0,0.0,101.29317921730284,101.29317921730284,101.29317921730284,strong,5,3400,73400
80.0,0.0047145772242381,60000.0,0.5322906171560289,0.528668750333786,-0.0036218668222428,0.0844319127663898,0.2905716998718041,6537.0,5142.0,5491.0,6219.0,0.0951353832033042,0.1600122380296772,8.308342121077827,4.646766584293935,3.661575536783891,3.661575536783891,0.0,43.36719869079491,0.3586821762728382,-0.0172627806305488,0.013640913808306,1.0,1.0,9.313225746154783e-10,45.69499535975047,0.0,73.30788950931083,-115.3413093322774,635.6787384631025,0.0670630420450437,3.661575536783886,5.3290705182007506e-15,0.6754553021311187,0.0,0.0,0.0,0.0,115.3413093322774,115.3413093322774,115.3413093322774,strong,5,3400,73400
85.0,0.0047016774463746,60000.0,0.5282419584035873,0.5244332525491715,-0.0038087058544158,0.1160377987430949,0.3406432132643991,6761.0,5260.0,5651.0,6483.0,0.0958881822215648,0.1641768969087412,8.431466875501439,5.773407212100296,2.658059663401142,2.658059663401143,4.440892098500626e-16,22.906843219992705,0.4064384644661812,-0.0124973391705312,0.0086886333161154,1.0,1.0,1.31708899342442e-09,48.4198784956825,0.0,60.92458104169498,-106.68639987397634,663.4228750600087,0.0680204697650186,2.658059663401133,9.769962616701378e-15,0.9283023899447596,0.0,0.0,0.0,0.0,106.68639987397634,106.68639987397634,106.68639987397634,strong,5,3400,73400
90.0,0.0046891556009951,60000.0,0.5133216294288635,0.5208810813426972,0.0075594519138336,0.0798814648291696,0.2826330922400447,7118.0,5443.0,5872.0,6762.0,0.0949985951109862,0.1750491711154819,7.859101347842595,4.781064674402455,3.07803667344014,3.0780366734401405,4.440892098500626e-16,38.532551700481086,0.3782438194236058,-0.0144333929073302,0.0219928448211639,0.0,1.0,1.31708899342442e-09,58.52280200098176,0.0,90.59943494575988,-146.04420027330147,634.5732462734777,0.0844367849833812,3.0780366734401525,1.2434497875801752e-14,0.639051718633357,0.0,0.0,0.0,0.0,146.04420027330147,146.04420027330147,146.04420027330147,strong,5,3400,73400
95.0,0.0046769910970246,60000.0,0.5075839000225068,0.5055027276754379,-0.0020811723470688,0.115310778126992,0.3395744073498354,6008.0,4931.0,5224.0,5834.0,0.097103861517976,0.1304926764314248,6.832441325193447,4.1921247463860105,2.640316578807436,2.640316578807436,0.0,22.897396251195616,0.3802530384568158,-0.0123487371324088,0.01026756478534,1.0,1.0,0.0,43.42699579591863,0.0,59.53093383857674,-100.31761305568791,643.5178793283085,0.0632175846541766,2.640316578807443,7.105427357601002e-15,0.922486225015936,0.0,0.0,0.0,0.0,100.31761305568791,100.31761305568791,100.31761305568791,strong,5,3400,73400
100.0,0.004665164957684,60000.0,0.5029555133819581,0.4968778398275375,-0.0060776735544205,0.1283327056338934,0.3582355449057134,6204.0,4928.0,5196.0,5750.0,0.0926821405544809,0.1624758220502901,9.198161348744277,5.607900899547904,3.5902604491963714,3.5902604491963723,8.881784197001252e-16,27.976192284441023,0.3787570797356841,-0.0167491572365498,0.0106714836821292,1.0,1.0,9.313225746154783e-10,43.68708142882679,0.0,67.3810286767457,-107.47784965637612,650.4496899030892,0.0629372815749259,3.5902604491963643,7.105427357601002e-15,1.0266616450711477,0.0,0.0,0.0,0.0,107.47784965637612,107.47784965637612,107.47784965637612,strong,5,3400,73400
105.0,0.0046536596572292,60000.0,0.505659695005417,0.4902920933246613,-0.0153676016807556,0.2902651321229953,0.5387625934704406,6351.0,5092.0,5383.0,5987.0,0.0942686191150999,0.1524169422138246,12.788415501035834,6.57790290764776,6.210512593388074,6.210512593388075,8.881784197001252e-16,21.395999402217097,0.3396568603714745,-0.0289016119065642,0.0135340102258085,1.0,1.0,0.0,44.978302923904266,0.0,70.43926509767448,-109.20705542819069,676.4561632522164,0.0623456530463626,6.21051259338806,1.4210854715202004e-14,2.3221210569839625,0.0,0.0,0.0,0.0,109.20705542819069,109.20705542819069,109.20705542819069,strong,5,3400,73400
110.0,0.0046424589777348,60000.0,0.484338962841034,0.4969677450180054,0.0126287821769714,0.063647008051713,0.2522835865681972,6404.0,5077.0,5414.0,6098.0,0.0952217364147407,0.1545908806995627,6.298449810901269,4.541608359919358,1.756841450981911,1.756841450981911,0.0,27.602891396787744,0.4189653125796412,-0.0081560643665676,0.020784846543539,0.0,1.0,0.0,50.48695744946599,0.0,75.94310223973127,-124.67321823821536,646.5174445198791,0.0724342017163995,1.7568414509819092,1.7763568394002505e-15,0.5091760644137046,0.0,0.0,0.0,0.0,124.67321823821536,124.67321823821536,124.67321823821536,strong,5,3400,73400
115.0,0.0046315478830482,60000.0,0.4761369692087173,0.4768513706684112,0.0007144014596938,0.0407127964634338,0.2017741223830098,6686.0,5282.0,5576.0,6180.0,0.0924319473526772,0.1660185462159736,4.48376551221334,3.5536430576027738,0.9301224546105664,0.9301224546105664,1.1102230246251563e-16,22.845948581447967,0.4421379138231462,-0.0043079066856272,0.005022308145321,0.0,1.0,9.313225746154783e-10,48.66037821862847,0.0,59.35674767960632,-107.0870034436242,670.4424802416252,0.0676681752076751,0.9301224546105686,2.220446049250313e-15,0.3257023717074708,0.0,0.0,0.0,0.0,107.0870034436242,107.0870034436242,107.0870034436242,strong,5,3400,73400
120.0,0.0046209124075087,60000.0,0.477735755777359,0.4745681015253066,-0.0031676542520523,0.1232864998912114,0.3511217735931672,6731.0,5549.0,5903.0,6621.0,0.0983657703164462,0.1230129252711336,8.225778154669255,5.9045209514671,2.321257203202156,2.321257203202156,4.440892098500626e-16,18.82815397671638,0.4178624179938942,-0.0107263262112959,0.0075586719592436,1.0,1.0,0.0,49.09323473251425,0.0,65.62923100501155,-112.40120853432364,700.6604169200436,0.0654791538851543,2.3212572032021512,4.440892098500626e-15,0.9862919991296912,0.0,0.0,0.0,0.0,112.40120853432364,112.40120853432364,112.40120853432364,strong,5,3400,73400
125.0,0.0046105395574086,60000.0,0.4760196337938309,0.4699700235366821,-0.0060496102571487,0.1384928789597135,0.3721463139139142,5990.0,4867.0,5158.0,5794.0,0.0967278797996661,0.13889816360601,8.599736378545423,5.43741116221277,3.1623252163326523,3.1623252163326514,8.881784197001252e-16,22.833847054710635,0.3873586956626857,-0.0145800255032925,0.0085304152461437,1.0,1.0,0.0,42.11500191158848,0.0,56.840495206039805,-95.7931719012956,680.2201465476319,0.0583039631968927,3.1623252163326754,2.3092638912203256e-14,1.1079430316777086,0.0,0.0,0.0,0.0,95.7931719012956,95.7931719012956,95.7931719012956,strong,5,3400,73400
130.0,0.0046004172234895,60000.0,0.4671535613298416,0.462620434975624,-0.0045331263542175,0.0785076574122731,0.2801921794273943,5652.0,4586.0,4848.0,5390.0,0.0953644727530077,0.1422505307855626,5.887369473677202,3.642187901064153,2.245181572613049,2.245181572613049,4.440892098500626e-16,28.59824947804467,0.3821990631713896,-0.0103287719765105,0.0057956456222929,1.0,1.0,1.6130979885176087e-09,40.31106451689266,0.0,55.41877633309287,-93.48465927737249,628.2550079465072,0.0602948103070238,2.245181572613049,4.440892098500626e-16,0.6280612592981849,0.0,0.0,0.0,0.0,93.48465927737249,93.48465927737249,93.48465927737249,strong,5,3400,73400
135.0,0.0045905341030286,60000.0,0.4617146526336669,0.4647125200986863,0.0029978674650193,0.1077948678800309,0.328321287582805,6988.0,5364.0,5714.0,6450.0,0.0923010875787063,0.1823125357756153,9.042789435704552,5.70591182041442,3.336877615290132,3.336877615290131,8.881784197001252e-16,30.955811542010245,0.3868755439091383,-0.0153180504906222,0.0183159179556415,0.0,1.0,9.313225746154783e-10,61.50051204115152,0.0,66.99636153094593,-125.15999595680734,730.8625488429752,0.0776165814349404,3.3368776152901205,1.1546319456101628e-14,0.8623589430402477,0.0,0.0,0.0,0.0,125.15999595680734,125.15999595680734,125.15999595680734,strong,5,3400,73400
140.0,0.0045808796302822,60000.0,0.4566593944311142,0.45237199780941,-0.0042873966217041,0.1079968050627574,0.3286286735249336,6409.0,5263.0,5573.0,6215.0,0.096973006709315,0.1304415665470432,7.643785119044583,4.670934336636615,2.972850782407968,2.972850782407968,0.0,27.527210464054296,0.3792968531233372,-0.0136182715930012,0.009330874971297,1.0,1.0,0.0,50.10126880614553,0.0,57.45305013518828,-104.58146815892584,696.7798145243723,0.0670806503529748,2.97285078240796,7.993605777301127e-15,0.8639744405020594,0.0,0.0,0.0,0.0,104.58146815892584,104.58146815892584,104.58146815892584,strong,5,3400,73400
145.0,0.0045714439142384,60000.0,0.4502099421024322,0.4503471213340759,0.0001371792316436,0.0436199232494914,0.2088538322595289,6281.0,5155.0,5433.0,6003.0,0.0955739531921668,0.1350103486705938,5.403849506670959,2.4820366257712783,2.9218128808996804,2.9218128808996804,0.0,66.98344846202231,0.3147441624296695,-0.0133569037129322,0.0134940829445759,0.0,1.0,1.6130979885176087e-09,43.45605153258657,0.0,55.6786103418458,-96.2128489935327,671.5213473180556,0.0607796156947675,2.9218128808996653,1.5099033134902132e-14,0.3489593859959317,0.0,0.0,0.0,0.0,96.2128489935327,96.2128489935327,96.2128489935327,strong,5,3400,73400
150.0,0.0045622176827774,60000.0,0.4486080971717835,0.4419798344373704,-0.0066282627344131,0.0943616166429236,0.3071833599707569,6147.0,4995.0,5275.0,5843.0,0.0950544981291687,0.1418578168212135,7.201575651197604,4.357894552833811,2.8436810983637937,2.8436810983637937,0.0,30.135993845089,0.3769977754961448,-0.0129734921911351,0.006345229456722,1.0,1.0,0.0,40.224667777947616,0.0,49.03324204340242,-86.41422872298625,660.3163557080334,0.0574194321665625,2.8436810983637884,5.3290705182007506e-15,0.7548929331433889,0.0,0.0,0.0,0.0,86.41422872298625,86.41422872298625,86.41422872298625,strong,5,3400,73400
