round,train_objective,train_ce,test_ce,test_accuracy,macro_accuracy,worst_class_accuracy,uplink_packetized_bits,point_id,benchmark,comparison,method,configuration,partition_seed,train_seed,rounds,seed_index
1,2.362436026,2.329025488,2.328578577,0.1315,0.1315,0.012,6583040,cifar_dense_gain2,cifar_cnn,quality-selected,dense,dense_gain_2p0,3500,83500,1800,0
60,1.653884861,1.621090149,1.638336111,0.4114,0.4114,0.156,394982400,cifar_dense_gain2,cifar_cnn,quality-selected,dense,dense_gain_2p0,3500,83500,1800,0
120,1.574618331,1.541532214,1.560604108,0.4328,0.4328,0.174,789964800,cifar_dense_gain2,cifar_cnn,quality-selected,dense,dense_gain_2p0,3500,83500,1800,0
180,1.503723298,1.470306714,1.49568483,0.4698,0.4698,0.262,1184947200,cifar_dense_gain2,cifar_cnn,quality-selected,dense,dense_gain_2p0,3500,83500,1800,0
240,1.495224519,1.461219446,1.508705865,0.4724,0.4724,0.253,1579929600,cifar_dense_gain2,cifar_cnn,quality-selected,dense,dense_gain_2p0,3500,83500,1800,0
300,1.331942057,1.297293616,1.366970947,0.5078,0.5078,0.3,1974912000,cifar_dense_gain2,cifar_cnn,quality-selected,dense,dense_gain_2p0,3500,83500,1800,0
360,1.326052914,1.290630219,1.372394556,0.5014,0.5014,0.271,2369894400,cifar_dense_gain2,cifar_cnn,quality-selected,dense,dense_gain_2p0,3500,83500,1800,0
420,1.311152708,1.274904883,1.380169171,0.5062,0.5062,0.216,2764876800,cifar_dense_gain2,cifar_cnn,quality-selected,dense,dense_gain_2p0,3500,83500,1800,0
480,1.267508167,1.230289447,1.346883392,0.5176,0.5176,0.266,3159859200,cifar_dense_gain2,cifar_cnn,quality-selected,dense,dense_gain_2p0,3500,83500,1800,0
540,1.260177295,1.22214519,1.353372629,0.5211,0.5211,0.186,3554841600,cifar_dense_gain2,cifar_cnn,quality-selected,dense,dense_gain_2p0,3500,83500,1800,0
600,1.212786716,1.173846069,1.304320422,0.5327,0.5327,0.384,3949824000,cifar_dense_gain2,cifar_cnn,quality-selected,dense,dense_gain_2p0,3500,83500,1800,0
660,1.308202037,1.268327502,1.400252191,0.5032,0.5032,0.328,4344806400,cifar_dense_gain2,cifar_cnn,quality-selected,dense,dense_gain_2p0,3500,83500,1800,0
720,1.223607468,1.182751892,1.33706319,0.5306,0.5306,0.23,4739788800,cifar_dense_gain2,cifar_cnn,quality-selected,dense,dense_gain_2p0,3500,83500,1800,0
780,1.259021471,1.217252417,1.383236911,0.5291,0.5291,0.225,5134771200,cifar_dense_gain2,cifar_cnn,quality-selected,dense,dense_gain_2p0,3500,83500,1800,0
840,1.124677361,1.08184967,1.260795853,0.5576,0.5576,0.333,5529753600,cifar_dense_gain2,cifar_cnn,quality-selected,dense,dense_gain_2p0,3500,83500,1800,0
900,1.130606695,1.086775751,1.277751352,0.5553,0.5553,0.316,5924736000,cifar_dense_gain2,cifar_cnn,quality-selected,dense,dense_gain_2p0,3500,83500,1800,0
960,1.119904272,1.075217615,1.266483432,0.5602,0.5602,0.382,6319718400,cifar_dense_gain2,cifar_cnn,quality-selected,dense,dense_gain_2p0,3500,83500,1800,0
1020,1.116906449,1.071251843,1.27362934,0.5549,0.5549,0.335,6714700800,cifar_dense_gain2,cifar_cnn,quality-selected,dense,dense_gain_2p0,3500,83500,1800,0
1080,1.120848329,1.074145807,1.276515302,0.5572,0.5572,0.274,7109683200,cifar_dense_gain2,cifar_cnn,quality-selected,dense,dense_gain_2p0,3500,83500,1800,0
1140,1.0796146,1.031946124,1.25980752,0.5634,0.5634,0.336,7504665600,cifar_dense_gain2,cifar_cnn,quality-selected,dense,dense_gain_2p0,3500,83500,1800,0
1200,1.12818847,1.079568628,1.315312323,0.5523,0.5523,0.207,7899648000,cifar_dense_gain2,cifar_cnn,quality-selected,dense,dense_gain_2p0,3500,83500,1800,0
1260,1.105737089,1.055988092,1.302601617,0.5569,0.5569,0.249,8294630400,cifar_dense_gain2,cifar_cnn,quality-selected,dense,dense_gain_2p0,3500,83500,1800,0
1320,1.074709158,1.024011755,1.281353955,0.5639,0.5639,0.258,8689612800,cifar_dense_gain2,cifar_cnn,quality-selected,dense,dense_gain_2p0,3500,83500,1800,0
1380,1.051234064,0.9995020386,1.277134891,0.5681,0.5681,0.333,9084595200,cifar_dense_gain2,cifar_cnn,quality-selected,dense,dense_gain_2p0,3500,83500,1800,0
1440,1.0875869,1.034831433,1.328292535,0.5536,0.5536,0.198,9479577600,cifar_dense_gain2,cifar_cnn,quality-selected,dense,dense_gain_2p0,3500,83500,1800,0
1500,1.07389905,1.020266699,1.303007803,0.552,0.552,0.255,9874560000,cifar_dense_gain2,cifar_cnn,quality-selected,dense,dense_gain_2p0,3500,83500,1800,0
1560,1.072702842,1.018097308,1.314438965,0.559,0.559,0.369,10269542400,cifar_dense_gain2,cifar_cnn,quality-selected,dense,dense_gain_2p0,3500,83500,1800,0
1620,1.060620097,1.005070972,1.313764508,0.5574,0.5574,0.314,10664524800,cifar_dense_gain2,cifar_cnn,quality-selected,dense,dense_gain_2p0,3500,83500,1800,0
1680,1.07818603,1.021790991,1.323233087,0.5517,0.5517,0.395,11059507200,cifar_dense_gain2,cifar_cnn,quality-selected,dense,dense_gain_2p0,3500,83500,1800,0
1740,1.093700024,1.036309753,1.348704059,0.5582,0.5582,0.373,11454489600,cifar_dense_gain2,cifar_cnn,quality-selected,dense,dense_gain_2p0,3500,83500,1800,0
1800,1.091404898,1.033125189,1.366024918,0.5471,0.5471,0.35,11849472000,cifar_dense_gain2,cifar_cnn,quality-selected,dense,dense_gain_2p0,3500,83500,1800,0
1,2.367972256,2.334537244,2.335993616,0.1272,0.1272,0.015,6583040,cifar_dense_gain2,cifar_cnn,quality-selected,dense,dense_gain_2p0,3600,83600,1800,1
60,1.758797629,1.726064185,1.723660941,0.3843,0.3843,0.133,394982400,cifar_dense_gain2,cifar_cnn,quality-selected,dense,dense_gain_2p0,3600,83600,1800,1
120,1.58804975,1.55491123,1.562261349,0.4384,0.4384,0.285,789964800,cifar_dense_gain2,cifar_cnn,quality-selected,dense,dense_gain_2p0,3600,83600,1800,1
180,1.537803318,1.504149902,1.527443597,0.46,0.46,0.253,1184947200,cifar_dense_gain2,cifar_cnn,quality-selected,dense,dense_gain_2p0,3600,83600,1800,1
240,1.462527788,1.4281802,1.457966443,0.4901,0.4901,0.24,1579929600,cifar_dense_gain2,cifar_cnn,quality-selected,dense,dense_gain_2p0,3600,83600,1800,1
300,1.416620802,1.38172373,1.4281341,0.4975,0.4975,0.214,1974912000,cifar_dense_gain2,cifar_cnn,quality-selected,dense,dense_gain_2p0,3600,83600,1800,1
360,1.328336388,1.292578442,1.352223889,0.518,0.518,0.29,2369894400,cifar_dense_gain2,cifar_cnn,quality-selected,dense,dense_gain_2p0,3600,83600,1800,1
420,1.299953255,1.263435455,1.346742197,0.5186,0.5186,0.263,2764876800,cifar_dense_gain2,cifar_cnn,quality-selected,dense,dense_gain_2p0,3600,83600,1800,1
480,1.317555754,1.279983313,1.374404709,0.5124,0.5124,0.236,3159859200,cifar_dense_gain2,cifar_cnn,quality-selected,dense,dense_gain_2p0,3600,83600,1800,1
540,1.235605872,1.19715354,1.310267084,0.5389,0.5389,0.286,3554841600,cifar_dense_gain2,cifar_cnn,quality-selected,dense,dense_gain_2p0,3600,83600,1800,1
600,1.217774727,1.178461426,1.316931406,0.5378,0.5378,0.285,3949824000,cifar_dense_gain2,cifar_cnn,quality-selected,dense,dense_gain_2p0,3600,83600,1800,1
660,1.195721239,1.155529944,1.301203632,0.5426,0.5426,0.41,4344806400,cifar_dense_gain2,cifar_cnn,quality-selected,dense,dense_gain_2p0,3600,83600,1800,1
720,1.199124841,1.15788009,1.306349432,0.5407,0.5407,0.344,4739788800,cifar_dense_gain2,cifar_cnn,quality-selected,dense,dense_gain_2p0,3600,83600,1800,1
780,1.172129667,1.130096521,1.304716571,0.5476,0.5476,0.269,5134771200,cifar_dense_gain2,cifar_cnn,quality-selected,dense,dense_gain_2p0,3600,83600,1800,1
840,1.16973346,1.126643262,1.312712106,0.5406,0.5406,0.208,5529753600,cifar_dense_gain2,cifar_cnn,quality-selected,dense,dense_gain_2p0,3600,83600,1800,1
900,1.126116813,1.082124438,1.272881897,0.5587,0.5587,0.368,5924736000,cifar_dense_gain2,cifar_cnn,quality-selected,dense,dense_gain_2p0,3600,83600,1800,1
960,1.141221127,1.096180695,1.289305005,0.5481,0.5481,0.295,6319718400,cifar_dense_gain2,cifar_cnn,quality-selected,dense,dense_gain_2p0,3600,83600,1800,1
1020,1.133953151,1.087887988,1.301586441,0.5524,0.5524,0.337,6714700800,cifar_dense_gain2,cifar_cnn,quality-selected,dense,dense_gain_2p0,3600,83600,1800,1
1080,1.171100876,1.124155151,1.347836816,0.5453,0.5453,0.279,7109683200,cifar_dense_gain2,cifar_cnn,quality-selected,dense,dense_gain_2p0,3600,83600,1800,1
1140,1.116896343,1.069033447,1.295530878,0.5522,0.5522,0.336,7504665600,cifar_dense_gain2,cifar_cnn,quality-selected,dense,dense_gain_2p0,3600,83600,1800,1
1200,1.144223959,1.09534884,1.331417911,0.5479,0.5479,0.373,7899648000,cifar_dense_gain2,cifar_cnn,quality-selected,dense,dense_gain_2p0,3600,83600,1800,1
1260,1.141446719,1.091632056,1.346589163,0.5437,0.5437,0.332,8294630400,cifar_dense_gain2,cifar_cnn,quality-selected,dense,dense_gain_2p0,3600,83600,1800,1
1320,1.091937823,1.041148883,1.301189648,0.5585,0.5585,0.374,8689612800,cifar_dense_gain2,cifar_cnn,quality-selected,dense,dense_gain_2p0,3600,83600,1800,1
1380,1.122311278,1.070513525,1.337011975,0.5472,0.5472,0.393,9084595200,cifar_dense_gain2,cifar_cnn,quality-selected,dense,dense_gain_2p0,3600,83600,1800,1
1440,1.121597408,1.068745483,1.343159509,0.5411,0.5411,0.296,9479577600,cifar_dense_gain2,cifar_cnn,quality-selected,dense,dense_gain_2p0,3600,83600,1800,1
1500,1.096272,1.042435101,1.332278766,0.5542,0.5542,0.325,9874560000,cifar_dense_gain2,cifar_cnn,quality-selected,dense,dense_gain_2p0,3600,83600,1800,1
1560,1.041260195,0.9866053528,1.282811121,0.5681,0.5681,0.418,10269542400,cifar_dense_gain2,cifar_cnn,quality-selected,dense,dense_gain_2p0,3600,83600,1800,1
1620,1.088491851,1.032864612,1.327948984,0.5541,0.5541,0.415,10664524800,cifar_dense_gain2,cifar_cnn,quality-selected,dense,dense_gain_2p0,3600,83600,1800,1
1680,1.083689142,1.027042993,1.328874982,0.5578,0.5578,0.355,11059507200,cifar_dense_gain2,cifar_cnn,quality-selected,dense,dense_gain_2p0,3600,83600,1800,1
1740,1.082335021,1.02482146,1.338076318,0.5539,0.5539,0.28,11454489600,cifar_dense_gain2,cifar_cnn,quality-selected,dense,dense_gain_2p0,3600,83600,1800,1
1800,1.053655941,0.9953616638,1.317974115,0.5573,0.5573,0.36,11849472000,cifar_dense_gain2,cifar_cnn,quality-selected,dense,dense_gain_2p0,3600,83600,1800,1
1,2.371315143,2.337882251,2.335569244,0.1235,0.1235,0.015,6583040,cifar_dense_gain2,cifar_cnn,quality-selected,dense,dense_gain_2p0,3700,83700,1800,2
60,1.745782525,1.713026135,1.719455597,0.3817,0.3817,0.195,394982400,cifar_dense_gain2,cifar_cnn,quality-selected,dense,dense_gain_2p0,3700,83700,1800,2
120,1.541773879,1.508679309,1.529484781,0.4482,0.4482,0.219,789964800,cifar_dense_gain2,cifar_cnn,quality-selected,dense,dense_gain_2p0,3700,83700,1800,2
180,1.453131641,1.419655701,1.437167242,0.4804,0.4804,0.246,1184947200,cifar_dense_gain2,cifar_cnn,quality-selected,dense,dense_gain_2p0,3700,83700,1800,2
240,1.437955441,1.404078137,1.455878662,0.4757,0.4757,0.243,1579929600,cifar_dense_gain2,cifar_cnn,quality-selected,dense,dense_gain_2p0,3700,83700,1800,2
300,1.395077811,1.36060387,1.416091266,0.4911,0.4911,0.178,1974912000,cifar_dense_gain2,cifar_cnn,quality-selected,dense,dense_gain_2p0,3700,83700,1800,2
360,1.36973486,1.334464551,1.414141159,0.4932,0.4932,0.268,2369894400,cifar_dense_gain2,cifar_cnn,quality-selected,dense,dense_gain_2p0,3700,83700,1800,2
420,1.296899741,1.26101969,1.364275369,0.5133,0.5133,0.299,2764876800,cifar_dense_gain2,cifar_cnn,quality-selected,dense,dense_gain_2p0,3700,83700,1800,2
480,1.35819012,1.321397327,1.407574646,0.4998,0.4998,0.319,3159859200,cifar_dense_gain2,cifar_cnn,quality-selected,dense,dense_gain_2p0,3700,83700,1800,2
540,1.416403268,1.378630029,1.4841164,0.4954,0.4954,0.276,3554841600,cifar_dense_gain2,cifar_cnn,quality-selected,dense,dense_gain_2p0,3700,83700,1800,2
600,1.240769065,1.202136462,1.327508051,0.5299,0.5299,0.315,3949824000,cifar_dense_gain2,cifar_cnn,quality-selected,dense,dense_gain_2p0,3700,83700,1800,2
660,1.230906856,1.191462634,1.321082132,0.5361,0.5361,0.336,4344806400,cifar_dense_gain2,cifar_cnn,quality-selected,dense,dense_gain_2p0,3700,83700,1800,2
720,1.194392733,1.153966223,1.307990796,0.5343,0.5343,0.272,4739788800,cifar_dense_gain2,cifar_cnn,quality-selected,dense,dense_gain_2p0,3700,83700,1800,2
780,1.168935532,1.127490051,1.29537706,0.548,0.548,0.29,5134771200,cifar_dense_gain2,cifar_cnn,quality-selected,dense,dense_gain_2p0,3700,83700,1800,2
840,1.194078191,1.151640131,1.340143439,0.534,0.534,0.27,5529753600,cifar_dense_gain2,cifar_cnn,quality-selected,dense,dense_gain_2p0,3700,83700,1800,2
900,1.136632858,1.093270801,1.29376636,0.5474,0.5474,0.373,5924736000,cifar_dense_gain2,cifar_cnn,quality-selected,dense,dense_gain_2p0,3700,83700,1800,2
960,1.157573087,1.113186395,1.30917074,0.5432,0.5432,0.351,6319718400,cifar_dense_gain2,cifar_cnn,quality-selected,dense,dense_gain_2p0,3700,83700,1800,2
1020,1.135219765,1.089824982,1.306770731,0.5485,0.5485,0.224,6714700800,cifar_dense_gain2,cifar_cnn,quality-selected,dense,dense_gain_2p0,3700,83700,1800,2
1080,1.147317594,1.100902734,1.321127789,0.5456,0.5456,0.346,7109683200,cifar_dense_gain2,cifar_cnn,quality-selected,dense,dense_gain_2p0,3700,83700,1800,2
1140,1.110035112,1.062622217,1.299735855,0.5522,0.5522,0.343,7504665600,cifar_dense_gain2,cifar_cnn,quality-selected,dense,dense_gain_2p0,3700,83700,1800,2
1200,1.168235094,1.119891107,1.361015793,0.5452,0.5452,0.268,7899648000,cifar_dense_gain2,cifar_cnn,quality-selected,dense,dense_gain_2p0,3700,83700,1800,2
1260,1.081009795,1.031709277,1.297524902,0.5586,0.5586,0.41,8294630400,cifar_dense_gain2,cifar_cnn,quality-selected,dense,dense_gain_2p0,3700,83700,1800,2
1320,1.074427877,1.024233728,1.296522778,0.5565,0.5565,0.332,8689612800,cifar_dense_gain2,cifar_cnn,quality-selected,dense,dense_gain_2p0,3700,83700,1800,2
1380,1.084924399,1.033808203,1.312450626,0.5533,0.5533,0.222,9084595200,cifar_dense_gain2,cifar_cnn,quality-selected,dense,dense_gain_2p0,3700,83700,1800,2
1440,1.074707323,1.022642371,1.315675507,0.5518,0.5518,0.268,9479577600,cifar_dense_gain2,cifar_cnn,quality-selected,dense,dense_gain_2p0,3700,83700,1800,2
1500,1.061121171,1.008010571,1.318129987,0.5511,0.5511,0.248,9874560000,cifar_dense_gain2,cifar_cnn,quality-selected,dense,dense_gain_2p0,3700,83700,1800,2
1560,1.064873334,1.010772748,1.326725845,0.548,0.548,0.304,10269542400,cifar_dense_gain2,cifar_cnn,quality-selected,dense,dense_gain_2p0,3700,83700,1800,2
1620,1.11669677,1.061696564,1.353674072,0.5507,0.5507,0.294,10664524800,cifar_dense_gain2,cifar_cnn,quality-selected,dense,dense_gain_2p0,3700,83700,1800,2
1680,1.09405125,1.037994873,1.358014688,0.5425,0.5425,0.4,11059507200,cifar_dense_gain2,cifar_cnn,quality-selected,dense,dense_gain_2p0,3700,83700,1800,2
1740,1.040870496,0.9839702393,1.309859778,0.5591,0.5591,0.394,11454489600,cifar_dense_gain2,cifar_cnn,quality-selected,dense,dense_gain_2p0,3700,83700,1800,2
1800,1.119087325,1.061398718,1.39890177,0.5405,0.5405,0.413,11849472000,cifar_dense_gain2,cifar_cnn,quality-selected,dense,dense_gain_2p0,3700,83700,1800,2
1,2.339734052,2.306285352,2.319902686,0.1375,0.1375,0.009,6583040,cifar_dense_gain2,cifar_cnn,quality-selected,dense,dense_gain_2p0,3800,83800,1800,3
60,1.66128164,1.628348767,1.647271893,0.4098,0.4098,0.09,394982400,cifar_dense_gain2,cifar_cnn,quality-selected,dense,dense_gain_2p0,3800,83800,1800,3
120,1.551419414,1.518190234,1.558983075,0.4305,0.4305,0.227,789964800,cifar_dense_gain2,cifar_cnn,quality-selected,dense,dense_gain_2p0,3800,83800,1800,3
180,1.461795798,1.428176624,1.487848541,0.462,0.462,0.221,1184947200,cifar_dense_gain2,cifar_cnn,quality-selected,dense,dense_gain_2p0,3800,83800,1800,3
240,1.384226817,1.350092322,1.414279584,0.4924,0.4924,0.243,1579929600,cifar_dense_gain2,cifar_cnn,quality-selected,dense,dense_gain_2p0,3800,83800,1800,3
300,1.319314043,1.284588037,1.369460889,0.5095,0.5095,0.216,1974912000,cifar_dense_gain2,cifar_cnn,quality-selected,dense,dense_gain_2p0,3800,83800,1800,3
360,1.314397365,1.279051349,1.372511615,0.5119,0.5119,0.382,2369894400,cifar_dense_gain2,cifar_cnn,quality-selected,dense,dense_gain_2p0,3800,83800,1800,3
420,1.27456897,1.238344421,1.346121021,0.5192,0.5192,0.29,2764876800,cifar_dense_gain2,cifar_cnn,quality-selected,dense,dense_gain_2p0,3800,83800,1800,3
480,1.257654587,1.220723358,1.346962256,0.525,0.525,0.398,3159859200,cifar_dense_gain2,cifar_cnn,quality-selected,dense,dense_gain_2p0,3800,83800,1800,3
540,1.209528311,1.171692328,1.302194275,0.542,0.542,0.353,3554841600,cifar_dense_gain2,cifar_cnn,quality-selected,dense,dense_gain_2p0,3800,83800,1800,3
600,1.222639332,1.183964264,1.32239314,0.5367,0.5367,0.376,3949824000,cifar_dense_gain2,cifar_cnn,quality-selected,dense,dense_gain_2p0,3800,83800,1800,3
660,1.191057319,1.151578235,1.311689294,0.536,0.536,0.313,4344806400,cifar_dense_gain2,cifar_cnn,quality-selected,dense,dense_gain_2p0,3800,83800,1800,3
720,1.157571061,1.117108044,1.278037955,0.5543,0.5543,0.31,4739788800,cifar_dense_gain2,cifar_cnn,quality-selected,dense,dense_gain_2p0,3800,83800,1800,3
780,1.159858939,1.118366595,1.295734683,0.5572,0.5572,0.262,5134771200,cifar_dense_gain2,cifar_cnn,quality-selected,dense,dense_gain_2p0,3800,83800,1800,3
840,1.173429144,1.130958246,1.319077023,0.5442,0.5442,0.375,5529753600,cifar_dense_gain2,cifar_cnn,quality-selected,dense,dense_gain_2p0,3800,83800,1800,3
900,1.134044289,1.090662384,1.293639209,0.5576,0.5576,0.334,5924736000,cifar_dense_gain2,cifar_cnn,quality-selected,dense,dense_gain_2p0,3800,83800,1800,3
960,1.100138243,1.055837256,1.264751907,0.5649,0.5649,0.257,6319718400,cifar_dense_gain2,cifar_cnn,quality-selected,dense,dense_gain_2p0,3800,83800,1800,3
1020,1.129586501,1.084184973,1.304973459,0.5619,0.5619,0.299,6714700800,cifar_dense_gain2,cifar_cnn,quality-selected,dense,dense_gain_2p0,3800,83800,1800,3
1080,1.148454644,1.102193951,1.32282027,0.5521,0.5521,0.248,7109683200,cifar_dense_gain2,cifar_cnn,quality-selected,dense,dense_gain_2p0,3800,83800,1800,3
1140,1.134399932,1.087236957,1.328518054,0.5421,0.5421,0.257,7504665600,cifar_dense_gain2,cifar_cnn,quality-selected,dense,dense_gain_2p0,3800,83800,1800,3
1200,1.06784427,1.019646283,1.27902037,0.5641,0.5641,0.337,7899648000,cifar_dense_gain2,cifar_cnn,quality-selected,dense,dense_gain_2p0,3800,83800,1800,3
1260,1.059712726,1.010539447,1.263698294,0.5651,0.5651,0.398,8294630400,cifar_dense_gain2,cifar_cnn,quality-selected,dense,dense_gain_2p0,3800,83800,1800,3
1320,1.125642632,1.075541901,1.345958304,0.5482,0.5482,0.337,8689612800,cifar_dense_gain2,cifar_cnn,quality-selected,dense,dense_gain_2p0,3800,83800,1800,3
1380,1.05677901,1.005757373,1.28304563,0.5631,0.5631,0.378,9084595200,cifar_dense_gain2,cifar_cnn,quality-selected,dense,dense_gain_2p0,3800,83800,1800,3
1440,1.255833368,1.2038005,1.504421985,0.5138,0.5138,0.299,9479577600,cifar_dense_gain2,cifar_cnn,quality-selected,dense,dense_gain_2p0,3800,83800,1800,3
1500,1.022946056,0.9699694397,1.265853116,0.5714,0.5714,0.374,9874560000,cifar_dense_gain2,cifar_cnn,quality-selected,dense,dense_gain_2p0,3800,83800,1800,3
1560,1.046169003,0.9923242798,1.312765701,0.553,0.553,0.426,10269542400,cifar_dense_gain2,cifar_cnn,quality-selected,dense,dense_gain_2p0,3800,83800,1800,3
1620,1.089643689,1.034979779,1.347641708,0.5509,0.5509,0.247,10664524800,cifar_dense_gain2,cifar_cnn,quality-selected,dense,dense_gain_2p0,3800,83800,1800,3
1680,1.053035696,0.9974280029,1.331740973,0.5524,0.5524,0.432,11059507200,cifar_dense_gain2,cifar_cnn,quality-selected,dense,dense_gain_2p0,3800,83800,1800,3
1740,1.050666525,0.9940858398,1.333780719,0.5544,0.5544,0.398,11454489600,cifar_dense_gain2,cifar_cnn,quality-selected,dense,dense_gain_2p0,3800,83800,1800,3
1800,1.034747057,0.9773562073,1.327552618,0.5546,0.5546,0.387,11849472000,cifar_dense_gain2,cifar_cnn,quality-selected,dense,dense_gain_2p0,3800,83800,1800,3
1,2.355820232,2.322403442,2.325478741,0.1253,0.1253,0.01,6583040,cifar_dense_gain2,cifar_cnn,quality-selected,dense,dense_gain_2p0,3900,83900,1800,4
60,1.696468797,1.663838403,1.681288605,0.3894,0.3894,0.154,394982400,cifar_dense_gain2,cifar_cnn,quality-selected,dense,dense_gain_2p0,3900,83900,1800,4
120,1.543384695,1.510523962,1.542225037,0.4441,0.4441,0.229,789964800,cifar_dense_gain2,cifar_cnn,quality-selected,dense,dense_gain_2p0,3900,83900,1800,4
180,1.460142184,1.426840015,1.469709448,0.4781,0.4781,0.131,1184947200,cifar_dense_gain2,cifar_cnn,quality-selected,dense,dense_gain_2p0,3900,83900,1800,4
240,1.349183953,1.315370862,1.371956812,0.5024,0.5024,0.303,1579929600,cifar_dense_gain2,cifar_cnn,quality-selected,dense,dense_gain_2p0,3900,83900,1800,4
300,1.331835908,1.297428479,1.374690826,0.5077,0.5077,0.231,1974912000,cifar_dense_gain2,cifar_cnn,quality-selected,dense,dense_gain_2p0,3900,83900,1800,4
360,1.338966602,1.30381499,1.37706886,0.5075,0.5075,0.259,2369894400,cifar_dense_gain2,cifar_cnn,quality-selected,dense,dense_gain_2p0,3900,83900,1800,4
420,1.30411005,1.26815863,1.359680112,0.5206,0.5206,0.333,2764876800,cifar_dense_gain2,cifar_cnn,quality-selected,dense,dense_gain_2p0,3900,83900,1800,4
480,1.332283694,1.295480017,1.402658099,0.5059,0.5059,0.415,3159859200,cifar_dense_gain2,cifar_cnn,quality-selected,dense,dense_gain_2p0,3900,83900,1800,4
540,1.213341228,1.175738708,1.294453815,0.5349,0.5349,0.377,3554841600,cifar_dense_gain2,cifar_cnn,quality-selected,dense,dense_gain_2p0,3900,83900,1800,4
600,1.189087798,1.150578284,1.290100082,0.5416,0.5416,0.393,3949824000,cifar_dense_gain2,cifar_cnn,quality-selected,dense,dense_gain_2p0,3900,83900,1800,4
660,1.224583234,1.185181653,1.326805505,0.5308,0.5308,0.277,4344806400,cifar_dense_gain2,cifar_cnn,quality-selected,dense,dense_gain_2p0,3900,83900,1800,4
720,1.185242903,1.144879797,1.311745386,0.5442,0.5442,0.272,4739788800,cifar_dense_gain2,cifar_cnn,quality-selected,dense,dense_gain_2p0,3900,83900,1800,4
780,1.126502293,1.085237042,1.262968091,0.5531,0.5531,0.342,5134771200,cifar_dense_gain2,cifar_cnn,quality-selected,dense,dense_gain_2p0,3900,83900,1800,4
840,1.179790128,1.137507672,1.322634644,0.5455,0.5455,0.253,5529753600,cifar_dense_gain2,cifar_cnn,quality-selected,dense,dense_gain_2p0,3900,83900,1800,4
900,1.15715634,1.113874487,1.293140265,0.5486,0.5486,0.288,5924736000,cifar_dense_gain2,cifar_cnn,quality-selected,dense,dense_gain_2p0,3900,83900,1800,4
960,1.118885606,1.074639246,1.27989057,0.5569,0.5569,0.294,6319718400,cifar_dense_gain2,cifar_cnn,quality-selected,dense,dense_gain_2p0,3900,83900,1800,4
1020,1.119348932,1.074198938,1.273699994,0.5559,0.5559,0.241,6714700800,cifar_dense_gain2,cifar_cnn,quality-selected,dense,dense_gain_2p0,3900,83900,1800,4
1080,1.079632457,1.033595752,1.255699948,0.5661,0.5661,0.338,7109683200,cifar_dense_gain2,cifar_cnn,quality-selected,dense,dense_gain_2p0,3900,83900,1800,4
1140,1.070328897,1.023171655,1.261976526,0.566,0.566,0.294,7504665600,cifar_dense_gain2,cifar_cnn,quality-selected,dense,dense_gain_2p0,3900,83900,1800,4
1200,1.095805636,1.047625708,1.288187927,0.5562,0.5562,0.352,7899648000,cifar_dense_gain2,cifar_cnn,quality-selected,dense,dense_gain_2p0,3900,83900,1800,4
1260,1.152697825,1.103452338,1.335220117,0.5422,0.5422,0.274,8294630400,cifar_dense_gain2,cifar_cnn,quality-selected,dense,dense_gain_2p0,3900,83900,1800,4
1320,1.217283617,1.167039667,1.426997504,0.5228,0.5228,0.24,8689612800,cifar_dense_gain2,cifar_cnn,quality-selected,dense,dense_gain_2p0,3900,83900,1800,4
1380,1.129040548,1.077944299,1.344298483,0.5448,0.5448,0.29,9084595200,cifar_dense_gain2,cifar_cnn,quality-selected,dense,dense_gain_2p0,3900,83900,1800,4
1440,1.062921348,1.010841937,1.301601154,0.5575,0.5575,0.317,9479577600,cifar_dense_gain2,cifar_cnn,quality-selected,dense,dense_gain_2p0,3900,83900,1800,4
1500,1.054440884,1.00128291,1.323355103,0.5551,0.5551,0.259,9874560000,cifar_dense_gain2,cifar_cnn,quality-selected,dense,dense_gain_2p0,3900,83900,1800,4
1560,1.109466055,1.055640234,1.356165189,0.5413,0.5413,0.396,10269542400,cifar_dense_gain2,cifar_cnn,quality-selected,dense,dense_gain_2p0,3900,83900,1800,4
1620,1.051255294,0.9964254028,1.331950281,0.5515,0.5515,0.413,10664524800,cifar_dense_gain2,cifar_cnn,quality-selected,dense,dense_gain_2p0,3900,83900,1800,4
1680,1.06183631,1.00621189,1.335888461,0.5568,0.5568,0.293,11059507200,cifar_dense_gain2,cifar_cnn,quality-selected,dense,dense_gain_2p0,3900,83900,1800,4
1740,1.002954472,0.9464088135,1.307366138,0.5654,0.5654,0.385,11454489600,cifar_dense_gain2,cifar_cnn,quality-selected,dense,dense_gain_2p0,3900,83900,1800,4
1800,1.078900764,1.021508942,1.356840643,0.5469,0.5469,0.393,11849472000,cifar_dense_gain2,cifar_cnn,quality-selected,dense,dense_gain_2p0,3900,83900,1800,4
1,2.348104756,2.314688916,2.32247627,0.1292,0.1292,0.012,6583040,cifar_dense_gain2,cifar_cnn,quality-selected,dense,dense_gain_2p0,4000,84000,1800,5
60,1.695550525,1.662821399,1.666224188,0.3974,0.3974,0.083,394982400,cifar_dense_gain2,cifar_cnn,quality-selected,dense,dense_gain_2p0,4000,84000,1800,5
120,1.61130481,1.578300183,1.593276349,0.4386,0.4386,0.182,789964800,cifar_dense_gain2,cifar_cnn,quality-selected,dense,dense_gain_2p0,4000,84000,1800,5
180,1.436197749,1.402984912,1.425500287,0.4895,0.4895,0.305,1184947200,cifar_dense_gain2,cifar_cnn,quality-selected,dense,dense_gain_2p0,4000,84000,1800,5
240,1.407887447,1.37423114,1.409147214,0.4908,0.4908,0.264,1579929600,cifar_dense_gain2,cifar_cnn,quality-selected,dense,dense_gain_2p0,4000,84000,1800,5
300,1.435867489,1.401612732,1.45690744,0.4962,0.4962,0.259,1974912000,cifar_dense_gain2,cifar_cnn,quality-selected,dense,dense_gain_2p0,4000,84000,1800,5
360,1.366734421,1.3317724,1.4030897,0.4982,0.4982,0.214,2369894400,cifar_dense_gain2,cifar_cnn,quality-selected,dense,dense_gain_2p0,4000,84000,1800,5
420,1.29257083,1.256911932,1.338502087,0.5243,0.5243,0.343,2764876800,cifar_dense_gain2,cifar_cnn,quality-selected,dense,dense_gain_2p0,4000,84000,1800,5
480,1.248920516,1.212418353,1.314245212,0.5323,0.5323,0.387,3159859200,cifar_dense_gain2,cifar_cnn,quality-selected,dense,dense_gain_2p0,4000,84000,1800,5
540,1.271478202,1.23416402,1.362108163,0.5272,0.5272,0.23,3554841600,cifar_dense_gain2,cifar_cnn,quality-selected,dense,dense_gain_2p0,4000,84000,1800,5
600,1.211713669,1.173462311,1.303032324,0.5334,0.5334,0.295,3949824000,cifar_dense_gain2,cifar_cnn,quality-selected,dense,dense_gain_2p0,4000,84000,1800,5
660,1.231406706,1.192310431,1.334386761,0.5323,0.5323,0.364,4344806400,cifar_dense_gain2,cifar_cnn,quality-selected,dense,dense_gain_2p0,4000,84000,1800,5
720,1.184920926,1.14485481,1.300673053,0.5384,0.5384,0.312,4739788800,cifar_dense_gain2,cifar_cnn,quality-selected,dense,dense_gain_2p0,4000,84000,1800,5
780,1.173560604,1.132443787,1.306258401,0.547,0.547,0.233,5134771200,cifar_dense_gain2,cifar_cnn,quality-selected,dense,dense_gain_2p0,4000,84000,1800,5
840,1.141028716,1.099040729,1.289707428,0.5521,0.5521,0.334,5529753600,cifar_dense_gain2,cifar_cnn,quality-selected,dense,dense_gain_2p0,4000,84000,1800,5
900,1.140963975,1.097991772,1.2997694,0.5503,0.5503,0.375,5924736000,cifar_dense_gain2,cifar_cnn,quality-selected,dense,dense_gain_2p0,4000,84000,1800,5
960,1.221432644,1.177326782,1.371621948,0.5193,0.5193,0.253,6319718400,cifar_dense_gain2,cifar_cnn,quality-selected,dense,dense_gain_2p0,4000,84000,1800,5
1020,1.149458773,1.104399023,1.318561633,0.5406,0.5406,0.18,6714700800,cifar_dense_gain2,cifar_cnn,quality-selected,dense,dense_gain_2p0,4000,84000,1800,5
1080,1.13002676,1.083844086,1.314274805,0.5415,0.5415,0.426,7109683200,cifar_dense_gain2,cifar_cnn,quality-selected,dense,dense_gain_2p0,4000,84000,1800,5
1140,1.145217028,1.097935889,1.33513895,0.5423,0.5423,0.329,7504665600,cifar_dense_gain2,cifar_cnn,quality-selected,dense,dense_gain_2p0,4000,84000,1800,5
1200,1.071107974,1.022799213,1.298241855,0.5489,0.5489,0.229,7899648000,cifar_dense_gain2,cifar_cnn,quality-selected,dense,dense_gain_2p0,4000,84000,1800,5
1260,1.08672531,1.037340643,1.318172748,0.5441,0.5441,0.369,8294630400,cifar_dense_gain2,cifar_cnn,quality-selected,dense,dense_gain_2p0,4000,84000,1800,5
1320,1.062379346,1.011980432,1.30373876,0.5509,0.5509,0.286,8689612800,cifar_dense_gain2,cifar_cnn,quality-selected,dense,dense_gain_2p0,4000,84000,1800,5
1380,1.066558215,1.015157733,1.311373755,0.5528,0.5528,0.298,9084595200,cifar_dense_gain2,cifar_cnn,quality-selected,dense,dense_gain_2p0,4000,84000,1800,5
1440,1.055174472,1.002861011,1.297014673,0.5573,0.5573,0.341,9479577600,cifar_dense_gain2,cifar_cnn,quality-selected,dense,dense_gain_2p0,4000,84000,1800,5
1500,1.058304255,1.0050474,1.323269864,0.5546,0.5546,0.289,9874560000,cifar_dense_gain2,cifar_cnn,quality-selected,dense,dense_gain_2p0,4000,84000,1800,5
1560,1.040249429,0.9858367859,1.323662701,0.547,0.547,0.253,10269542400,cifar_dense_gain2,cifar_cnn,quality-selected,dense,dense_gain_2p0,4000,84000,1800,5
1620,1.020368769,0.9650812744,1.306438763,0.5518,0.5518,0.363,10664524800,cifar_dense_gain2,cifar_cnn,quality-selected,dense,dense_gain_2p0,4000,84000,1800,5
1680,1.090228773,1.034076636,1.380685995,0.5359,0.5359,0.372,11059507200,cifar_dense_gain2,cifar_cnn,quality-selected,dense,dense_gain_2p0,4000,84000,1800,5
1740,1.060381405,1.003355927,1.355958734,0.544,0.544,0.335,11454489600,cifar_dense_gain2,cifar_cnn,quality-selected,dense,dense_gain_2p0,4000,84000,1800,5
1800,1.038096949,0.9801255859,1.3379026,0.5525,0.5525,0.398,11849472000,cifar_dense_gain2,cifar_cnn,quality-selected,dense,dense_gain_2p0,4000,84000,1800,5
1,2.367977522,2.334560583,2.338491101,0.1253,0.1253,0.009,6583040,cifar_dense_gain2,cifar_cnn,quality-selected,dense,dense_gain_2p0,4100,84100,1800,6
60,1.690833637,1.657966553,1.670381927,0.3966,0.3966,0.215,394982400,cifar_dense_gain2,cifar_cnn,quality-selected,dense,dense_gain_2p0,4100,84100,1800,6
120,1.538585076,1.505566418,1.534425833,0.4467,0.4467,0.14,789964800,cifar_dense_gain2,cifar_cnn,quality-selected,dense,dense_gain_2p0,4100,84100,1800,6
180,1.511998421,1.478659058,1.513139142,0.4608,0.4608,0.204,1184947200,cifar_dense_gain2,cifar_cnn,quality-selected,dense,dense_gain_2p0,4100,84100,1800,6
240,1.418497439,1.384581213,1.423988702,0.4856,0.4856,0.263,1579929600,cifar_dense_gain2,cifar_cnn,quality-selected,dense,dense_gain_2p0,4100,84100,1800,6
300,1.356675121,1.322128052,1.391344919,0.4967,0.4967,0.281,1974912000,cifar_dense_gain2,cifar_cnn,quality-selected,dense,dense_gain_2p0,4100,84100,1800,6
360,1.355435515,1.320220984,1.392322879,0.5059,0.5059,0.299,2369894400,cifar_dense_gain2,cifar_cnn,quality-selected,dense,dense_gain_2p0,4100,84100,1800,6
420,1.299490288,1.263467255,1.354874478,0.5132,0.5132,0.258,2764876800,cifar_dense_gain2,cifar_cnn,quality-selected,dense,dense_gain_2p0,4100,84100,1800,6
480,1.253370013,1.216557483,1.32673143,0.5286,0.5286,0.309,3159859200,cifar_dense_gain2,cifar_cnn,quality-selected,dense,dense_gain_2p0,4100,84100,1800,6
540,1.240223042,1.202670715,1.336781387,0.5217,0.5217,0.207,3554841600,cifar_dense_gain2,cifar_cnn,quality-selected,dense,dense_gain_2p0,4100,84100,1800,6
600,1.252663313,1.214267175,1.350276593,0.5224,0.5224,0.217,3949824000,cifar_dense_gain2,cifar_cnn,quality-selected,dense,dense_gain_2p0,4100,84100,1800,6
660,1.213495511,1.174284467,1.330082687,0.5289,0.5289,0.296,4344806400,cifar_dense_gain2,cifar_cnn,quality-selected,dense,dense_gain_2p0,4100,84100,1800,6
720,1.183905005,1.143866583,1.318614563,0.5325,0.5325,0.264,4739788800,cifar_dense_gain2,cifar_cnn,quality-selected,dense,dense_gain_2p0,4100,84100,1800,6
780,1.174376622,1.133350568,1.327111047,0.5339,0.5339,0.272,5134771200,cifar_dense_gain2,cifar_cnn,quality-selected,dense,dense_gain_2p0,4100,84100,1800,6
840,1.2111364,1.169171503,1.35746272,0.5273,0.5273,0.22,5529753600,cifar_dense_gain2,cifar_cnn,quality-selected,dense,dense_gain_2p0,4100,84100,1800,6
900,1.165643423,1.122788611,1.324077051,0.5375,0.5375,0.316,5924736000,cifar_dense_gain2,cifar_cnn,quality-selected,dense,dense_gain_2p0,4100,84100,1800,6
960,1.158960197,1.115138306,1.332350281,0.5326,0.5326,0.18,6319718400,cifar_dense_gain2,cifar_cnn,quality-selected,dense,dense_gain_2p0,4100,84100,1800,6
1020,1.178665354,1.133839636,1.358446863,0.5245,0.5245,0.211,6714700800,cifar_dense_gain2,cifar_cnn,quality-selected,dense,dense_gain_2p0,4100,84100,1800,6
1080,1.142950797,1.097138678,1.336726004,0.5399,0.5399,0.359,7109683200,cifar_dense_gain2,cifar_cnn,quality-selected,dense,dense_gain_2p0,4100,84100,1800,6
1140,1.121434523,1.074642737,1.300947449,0.5426,0.5426,0.354,7504665600,cifar_dense_gain2,cifar_cnn,quality-selected,dense,dense_gain_2p0,4100,84100,1800,6
1200,1.090773081,1.042960425,1.300400897,0.5463,0.5463,0.358,7899648000,cifar_dense_gain2,cifar_cnn,quality-selected,dense,dense_gain_2p0,4100,84100,1800,6
1260,1.220395219,1.171524866,1.433038031,0.5197,0.5197,0.324,8294630400,cifar_dense_gain2,cifar_cnn,quality-selected,dense,dense_gain_2p0,4100,84100,1800,6
1320,1.105292374,1.055475903,1.329019946,0.5388,0.5388,0.217,8689612800,cifar_dense_gain2,cifar_cnn,quality-selected,dense,dense_gain_2p0,4100,84100,1800,6
1380,1.169078773,1.118274872,1.394042526,0.5294,0.5294,0.253,9084595200,cifar_dense_gain2,cifar_cnn,quality-selected,dense,dense_gain_2p0,4100,84100,1800,6
1440,1.113598854,1.06177713,1.352540973,0.546,0.546,0.383,9479577600,cifar_dense_gain2,cifar_cnn,quality-selected,dense,dense_gain_2p0,4100,84100,1800,6
1500,1.0871505,1.034422076,1.346970532,0.5399,0.5399,0.353,9874560000,cifar_dense_gain2,cifar_cnn,quality-selected,dense,dense_gain_2p0,4100,84100,1800,6
1560,1.08812497,1.034494824,1.340957214,0.5394,0.5394,0.3,10269542400,cifar_dense_gain2,cifar_cnn,quality-selected,dense,dense_gain_2p0,4100,84100,1800,6
1620,1.061227915,1.006618567,1.334671405,0.5487,0.5487,0.321,10664524800,cifar_dense_gain2,cifar_cnn,quality-selected,dense,dense_gain_2p0,4100,84100,1800,6
1680,1.108227291,1.052649384,1.386817847,0.5433,0.5433,0.293,11059507200,cifar_dense_gain2,cifar_cnn,quality-selected,dense,dense_gain_2p0,4100,84100,1800,6
1740,1.09104371,1.034612012,1.379752036,0.5382,0.5382,0.288,11454489600,cifar_dense_gain2,cifar_cnn,quality-selected,dense,dense_gain_2p0,4100,84100,1800,6
1800,1.038390833,0.9810049988,1.34556778,0.546,0.546,0.276,11849472000,cifar_dense_gain2,cifar_cnn,quality-selected,dense,dense_gain_2p0,4100,84100,1800,6
1,2.365544974,2.332124243,2.334894928,0.118,0.118,0.015,6583040,cifar_dense_gain2,cifar_cnn,quality-selected,dense,dense_gain_2p0,4200,84200,1800,7
60,1.674265134,1.64146322,1.662387296,0.4004,0.4004,0.126,394982400,cifar_dense_gain2,cifar_cnn,quality-selected,dense,dense_gain_2p0,4200,84200,1800,7
120,1.520025265,1.487075195,1.527219485,0.4465,0.4465,0.205,789964800,cifar_dense_gain2,cifar_cnn,quality-selected,dense,dense_gain_2p0,4200,84200,1800,7
180,1.400301855,1.366836951,1.434706311,0.4819,0.4819,0.157,1184947200,cifar_dense_gain2,cifar_cnn,quality-selected,dense,dense_gain_2p0,4200,84200,1800,7
240,1.46084692,1.426961853,1.49831861,0.4697,0.4697,0.183,1579929600,cifar_dense_gain2,cifar_cnn,quality-selected,dense,dense_gain_2p0,4200,84200,1800,7
300,1.352203699,1.31753219,1.399992542,0.5041,0.5041,0.352,1974912000,cifar_dense_gain2,cifar_cnn,quality-selected,dense,dense_gain_2p0,4200,84200,1800,7
360,1.419365926,1.383945032,1.478334375,0.4812,0.4812,0.325,2369894400,cifar_dense_gain2,cifar_cnn,quality-selected,dense,dense_gain_2p0,4200,84200,1800,7
420,1.321230066,1.285154382,1.396540314,0.4992,0.4992,0.272,2764876800,cifar_dense_gain2,cifar_cnn,quality-selected,dense,dense_gain_2p0,4200,84200,1800,7
480,1.216882607,1.180029553,1.309214853,0.5294,0.5294,0.35,3159859200,cifar_dense_gain2,cifar_cnn,quality-selected,dense,dense_gain_2p0,4200,84200,1800,7
540,1.231868207,1.194203259,1.339557275,0.5224,0.5224,0.24,3554841600,cifar_dense_gain2,cifar_cnn,quality-selected,dense,dense_gain_2p0,4200,84200,1800,7
600,1.174960242,1.136382666,1.298824857,0.5334,0.5334,0.331,3949824000,cifar_dense_gain2,cifar_cnn,quality-selected,dense,dense_gain_2p0,4200,84200,1800,7
660,1.200734573,1.161163391,1.323723163,0.5366,0.5366,0.306,4344806400,cifar_dense_gain2,cifar_cnn,quality-selected,dense,dense_gain_2p0,4200,84200,1800,7
720,1.216629636,1.176085706,1.349011026,0.5291,0.5291,0.18,4739788800,cifar_dense_gain2,cifar_cnn,quality-selected,dense,dense_gain_2p0,4200,84200,1800,7
780,1.175766956,1.134215515,1.319525586,0.5282,0.5282,0.214,5134771200,cifar_dense_gain2,cifar_cnn,quality-selected,dense,dense_gain_2p0,4200,84200,1800,7
840,1.150027856,1.107471082,1.301700946,0.5409,0.5409,0.33,5529753600,cifar_dense_gain2,cifar_cnn,quality-selected,dense,dense_gain_2p0,4200,84200,1800,7
900,1.106219044,1.062708069,1.278685873,0.5498,0.5498,0.317,5924736000,cifar_dense_gain2,cifar_cnn,quality-selected,dense,dense_gain_2p0,4200,84200,1800,7
960,1.093406259,1.04882168,1.282102386,0.5503,0.5503,0.346,6319718400,cifar_dense_gain2,cifar_cnn,quality-selected,dense,dense_gain_2p0,4200,84200,1800,7
1020,1.094314809,1.048772943,1.281881436,0.5541,0.5541,0.323,6714700800,cifar_dense_gain2,cifar_cnn,quality-selected,dense,dense_gain_2p0,4200,84200,1800,7
1080,1.118809375,1.072246539,1.334206589,0.5454,0.5454,0.307,7109683200,cifar_dense_gain2,cifar_cnn,quality-selected,dense,dense_gain_2p0,4200,84200,1800,7
1140,1.083747012,1.036173773,1.306822903,0.5534,0.5534,0.389,7504665600,cifar_dense_gain2,cifar_cnn,quality-selected,dense,dense_gain_2p0,4200,84200,1800,7
1200,1.088186514,1.039612848,1.313538245,0.5513,0.5513,0.19,7899648000,cifar_dense_gain2,cifar_cnn,quality-selected,dense,dense_gain_2p0,4200,84200,1800,7
1260,1.050684138,1.001207416,1.295560828,0.5502,0.5502,0.409,8294630400,cifar_dense_gain2,cifar_cnn,quality-selected,dense,dense_gain_2p0,4200,84200,1800,7
1320,1.04021422,0.9896113831,1.28896821,0.5558,0.5558,0.453,8689612800,cifar_dense_gain2,cifar_cnn,quality-selected,dense,dense_gain_2p0,4200,84200,1800,7
1380,1.034226167,0.9827433899,1.293432993,0.555,0.555,0.413,9084595200,cifar_dense_gain2,cifar_cnn,quality-selected,dense,dense_gain_2p0,4200,84200,1800,7
1440,1.068766224,1.016275146,1.328362958,0.5485,0.5485,0.278,9479577600,cifar_dense_gain2,cifar_cnn,quality-selected,dense,dense_gain_2p0,4200,84200,1800,7
1500,1.105589678,1.052132941,1.387526465,0.5356,0.5356,0.324,9874560000,cifar_dense_gain2,cifar_cnn,quality-selected,dense,dense_gain_2p0,4200,84200,1800,7
1560,1.057580665,1.003249988,1.359919604,0.5428,0.5428,0.27,10269542400,cifar_dense_gain2,cifar_cnn,quality-selected,dense,dense_gain_2p0,4200,84200,1800,7
1620,1.02230386,0.9668523682,1.315793973,0.5532,0.5532,0.254,10664524800,cifar_dense_gain2,cifar_cnn,quality-selected,dense,dense_gain_2p0,4200,84200,1800,7
1680,1.077535706,1.021113934,1.376786023,0.5448,0.5448,0.312,11059507200,cifar_dense_gain2,cifar_cnn,quality-selected,dense,dense_gain_2p0,4200,84200,1800,7
1740,1.013019579,0.9556360413,1.33411922,0.5588,0.5588,0.346,11454489600,cifar_dense_gain2,cifar_cnn,quality-selected,dense,dense_gain_2p0,4200,84200,1800,7
1800,1.081388553,1.02314455,1.407837274,0.5388,0.5388,0.258,11849472000,cifar_dense_gain2,cifar_cnn,quality-selected,dense,dense_gain_2p0,4200,84200,1800,7
1,2.364923428,2.331500122,2.33894516,0.1188,0.1188,0.019,6583040,cifar_dense_gain2,cifar_cnn,quality-selected,dense,dense_gain_2p0,4300,84300,1800,8
60,1.683268134,1.650577747,1.653022412,0.4101,0.4101,0.205,394982400,cifar_dense_gain2,cifar_cnn,quality-selected,dense,dense_gain_2p0,4300,84300,1800,8
120,1.66319433,1.630398706,1.63619585,0.4051,0.4051,0.128,789964800,cifar_dense_gain2,cifar_cnn,quality-selected,dense,dense_gain_2p0,4300,84300,1800,8
180,1.624455383,1.591209399,1.626489917,0.4335,0.4335,0.172,1184947200,cifar_dense_gain2,cifar_cnn,quality-selected,dense,dense_gain_2p0,4300,84300,1800,8
240,1.380562759,1.346746216,1.403606558,0.4929,0.4929,0.325,1579929600,cifar_dense_gain2,cifar_cnn,quality-selected,dense,dense_gain_2p0,4300,84300,1800,8
300,1.378104707,1.343586755,1.413746289,0.4935,0.4935,0.182,1974912000,cifar_dense_gain2,cifar_cnn,quality-selected,dense,dense_gain_2p0,4300,84300,1800,8
360,1.375130139,1.339800885,1.425431781,0.5004,0.5004,0.237,2369894400,cifar_dense_gain2,cifar_cnn,quality-selected,dense,dense_gain_2p0,4300,84300,1800,8
420,1.376862186,1.340690918,1.444936465,0.4954,0.4954,0.267,2764876800,cifar_dense_gain2,cifar_cnn,quality-selected,dense,dense_gain_2p0,4300,84300,1800,8
480,1.297215307,1.2602539,1.383836963,0.5199,0.5199,0.22,3159859200,cifar_dense_gain2,cifar_cnn,quality-selected,dense,dense_gain_2p0,4300,84300,1800,8
540,1.291810891,1.253989636,1.382369125,0.5168,0.5168,0.195,3554841600,cifar_dense_gain2,cifar_cnn,quality-selected,dense,dense_gain_2p0,4300,84300,1800,8
600,1.199590374,1.160901062,1.310236832,0.5384,0.5384,0.294,3949824000,cifar_dense_gain2,cifar_cnn,quality-selected,dense,dense_gain_2p0,4300,84300,1800,8
660,1.234733385,1.195110205,1.352963556,0.5279,0.5279,0.284,4344806400,cifar_dense_gain2,cifar_cnn,quality-selected,dense,dense_gain_2p0,4300,84300,1800,8
720,1.186483887,1.146071381,1.307078561,0.5382,0.5382,0.33,4739788800,cifar_dense_gain2,cifar_cnn,quality-selected,dense,dense_gain_2p0,4300,84300,1800,8
780,1.16435244,1.122952698,1.305074054,0.5448,0.5448,0.324,5134771200,cifar_dense_gain2,cifar_cnn,quality-selected,dense,dense_gain_2p0,4300,84300,1800,8
840,1.220512381,1.178162085,1.369976178,0.5274,0.5274,0.405,5529753600,cifar_dense_gain2,cifar_cnn,quality-selected,dense,dense_gain_2p0,4300,84300,1800,8
900,1.133505,1.090077502,1.289176865,0.5482,0.5482,0.312,5924736000,cifar_dense_gain2,cifar_cnn,quality-selected,dense,dense_gain_2p0,4300,84300,1800,8
960,1.142691553,1.098301794,1.323714987,0.5386,0.5386,0.355,6319718400,cifar_dense_gain2,cifar_cnn,quality-selected,dense,dense_gain_2p0,4300,84300,1800,8
1020,1.142063365,1.096605396,1.325607275,0.5452,0.5452,0.306,6714700800,cifar_dense_gain2,cifar_cnn,quality-selected,dense,dense_gain_2p0,4300,84300,1800,8
1080,1.115086552,1.068710175,1.301691858,0.5466,0.5466,0.355,7109683200,cifar_dense_gain2,cifar_cnn,quality-selected,dense,dense_gain_2p0,4300,84300,1800,8
1140,1.085403084,1.03811203,1.294588889,0.5475,0.5475,0.298,7504665600,cifar_dense_gain2,cifar_cnn,quality-selected,dense,dense_gain_2p0,4300,84300,1800,8
1200,1.07936888,1.031158423,1.287381134,0.5552,0.5552,0.437,7899648000,cifar_dense_gain2,cifar_cnn,quality-selected,dense,dense_gain_2p0,4300,84300,1800,8
1260,1.110466355,1.061250104,1.325556348,0.5427,0.5427,0.307,8294630400,cifar_dense_gain2,cifar_cnn,quality-selected,dense,dense_gain_2p0,4300,84300,1800,8
1320,1.137427943,1.087229236,1.368113672,0.5356,0.5356,0.277,8689612800,cifar_dense_gain2,cifar_cnn,quality-selected,dense,dense_gain_2p0,4300,84300,1800,8
1380,1.074939378,1.023756879,1.324081049,0.5508,0.5508,0.325,9084595200,cifar_dense_gain2,cifar_cnn,quality-selected,dense,dense_gain_2p0,4300,84300,1800,8
1440,1.095163445,1.042970184,1.347493793,0.544,0.544,0.264,9479577600,cifar_dense_gain2,cifar_cnn,quality-selected,dense,dense_gain_2p0,4300,84300,1800,8
1500,1.07671598,1.023659412,1.335946643,0.5504,0.5504,0.431,9874560000,cifar_dense_gain2,cifar_cnn,quality-selected,dense,dense_gain_2p0,4300,84300,1800,8
1560,1.036578032,0.9824761719,1.320550928,0.5504,0.5504,0.394,10269542400,cifar_dense_gain2,cifar_cnn,quality-selected,dense,dense_gain_2p0,4300,84300,1800,8
1620,1.075086642,1.020213019,1.337606711,0.546,0.546,0.312,10664524800,cifar_dense_gain2,cifar_cnn,quality-selected,dense,dense_gain_2p0,4300,84300,1800,8
1680,1.096551207,1.040809821,1.374110324,0.5387,0.5387,0.257,11059507200,cifar_dense_gain2,cifar_cnn,quality-selected,dense,dense_gain_2p0,4300,84300,1800,8
1740,1.039198334,0.9826499023,1.345236884,0.5463,0.5463,0.335,11454489600,cifar_dense_gain2,cifar_cnn,quality-selected,dense,dense_gain_2p0,4300,84300,1800,8
1800,1.098134068,1.040688611,1.412586145,0.5324,0.5324,0.329,11849472000,cifar_dense_gain2,cifar_cnn,quality-selected,dense,dense_gain_2p0,4300,84300,1800,8
1,2.361675528,2.328286108,2.330795306,0.1165,0.1165,0.013,6583040,cifar_dense_gain2,cifar_cnn,quality-selected,dense,dense_gain_2p0,4400,84400,1800,9
60,1.671812092,1.638997742,1.651439761,0.3934,0.3934,0.113,394982400,cifar_dense_gain2,cifar_cnn,quality-selected,dense,dense_gain_2p0,4400,84400,1800,9
120,1.513821571,1.480856189,1.522679077,0.4465,0.4465,0.217,789964800,cifar_dense_gain2,cifar_cnn,quality-selected,dense,dense_gain_2p0,4400,84400,1800,9
180,1.452106362,1.418897412,1.473075571,0.4642,0.4642,0.114,1184947200,cifar_dense_gain2,cifar_cnn,quality-selected,dense,dense_gain_2p0,4400,84400,1800,9
240,1.466036365,1.432347339,1.502862347,0.4642,0.4642,0.176,1579929600,cifar_dense_gain2,cifar_cnn,quality-selected,dense,dense_gain_2p0,4400,84400,1800,9
300,1.458250313,1.42400592,1.51386824,0.4712,0.4712,0.262,1974912000,cifar_dense_gain2,cifar_cnn,quality-selected,dense,dense_gain_2p0,4400,84400,1800,9
360,1.340162056,1.305298828,1.40087063,0.4999,0.4999,0.244,2369894400,cifar_dense_gain2,cifar_cnn,quality-selected,dense,dense_gain_2p0,4400,84400,1800,9
420,1.248573967,1.213064392,1.334826065,0.5228,0.5228,0.354,2764876800,cifar_dense_gain2,cifar_cnn,quality-selected,dense,dense_gain_2p0,4400,84400,1800,9
480,1.33236321,1.296065533,1.419819586,0.496,0.496,0.147,3159859200,cifar_dense_gain2,cifar_cnn,quality-selected,dense,dense_gain_2p0,4400,84400,1800,9
540,1.235103051,1.197909253,1.335628992,0.5276,0.5276,0.283,3554841600,cifar_dense_gain2,cifar_cnn,quality-selected,dense,dense_gain_2p0,4400,84400,1800,9
600,1.215413094,1.177432202,1.321540564,0.5281,0.5281,0.339,3949824000,cifar_dense_gain2,cifar_cnn,quality-selected,dense,dense_gain_2p0,4400,84400,1800,9
660,1.203354967,1.164570673,1.329394324,0.528,0.528,0.292,4344806400,cifar_dense_gain2,cifar_cnn,quality-selected,dense,dense_gain_2p0,4400,84400,1800,9
720,1.194968897,1.155243689,1.330679639,0.5301,0.5301,0.264,4739788800,cifar_dense_gain2,cifar_cnn,quality-selected,dense,dense_gain_2p0,4400,84400,1800,9
780,1.164889517,1.124392828,1.313577899,0.5329,0.5329,0.336,5134771200,cifar_dense_gain2,cifar_cnn,quality-selected,dense,dense_gain_2p0,4400,84400,1800,9
840,1.134598305,1.093131744,1.293492578,0.5441,0.5441,0.317,5529753600,cifar_dense_gain2,cifar_cnn,quality-selected,dense,dense_gain_2p0,4400,84400,1800,9
900,1.130764453,1.088398334,1.300056421,0.5372,0.5372,0.273,5924736000,cifar_dense_gain2,cifar_cnn,quality-selected,dense,dense_gain_2p0,4400,84400,1800,9
960,1.146543922,1.103229828,1.330735126,0.5375,0.5375,0.346,6319718400,cifar_dense_gain2,cifar_cnn,quality-selected,dense,dense_gain_2p0,4400,84400,1800,9
1020,1.112239553,1.067906915,1.310998059,0.5448,0.5448,0.328,6714700800,cifar_dense_gain2,cifar_cnn,quality-selected,dense,dense_gain_2p0,4400,84400,1800,9
1080,1.101935225,1.056626501,1.303682324,0.5523,0.5523,0.377,7109683200,cifar_dense_gain2,cifar_cnn,quality-selected,dense,dense_gain_2p0,4400,84400,1800,9
1140,1.218858892,1.172651392,1.406601428,0.5236,0.5236,0.265,7504665600,cifar_dense_gain2,cifar_cnn,quality-selected,dense,dense_gain_2p0,4400,84400,1800,9
1200,1.103492,1.056389209,1.328142767,0.5372,0.5372,0.319,7899648000,cifar_dense_gain2,cifar_cnn,quality-selected,dense,dense_gain_2p0,4400,84400,1800,9
1260,1.06310822,1.015052777,1.306955557,0.5545,0.5545,0.306,8294630400,cifar_dense_gain2,cifar_cnn,quality-selected,dense,dense_gain_2p0,4400,84400,1800,9
1320,1.09001195,1.040989417,1.327146387,0.5374,0.5374,0.283,8689612800,cifar_dense_gain2,cifar_cnn,quality-selected,dense,dense_gain_2p0,4400,84400,1800,9
1380,1.08505006,1.035079346,1.344274295,0.5425,0.5425,0.294,9084595200,cifar_dense_gain2,cifar_cnn,quality-selected,dense,dense_gain_2p0,4400,84400,1800,9
1440,1.066116914,1.015335126,1.318894806,0.5475,0.5475,0.249,9479577600,cifar_dense_gain2,cifar_cnn,quality-selected,dense,dense_gain_2p0,4400,84400,1800,9
1500,1.098789495,1.047164514,1.363954123,0.5426,0.5426,0.362,9874560000,cifar_dense_gain2,cifar_cnn,quality-selected,dense,dense_gain_2p0,4400,84400,1800,9
1560,1.076166508,1.023552429,1.357443195,0.5475,0.5475,0.346,10269542400,cifar_dense_gain2,cifar_cnn,quality-selected,dense,dense_gain_2p0,4400,84400,1800,9
1620,1.017432786,0.964055188,1.29575141,0.5612,0.5612,0.305,10664524800,cifar_dense_gain2,cifar_cnn,quality-selected,dense,dense_gain_2p0,4400,84400,1800,9
1680,0.9975875771,0.943366687,1.290963528,0.5618,0.5618,0.317,11059507200,cifar_dense_gain2,cifar_cnn,quality-selected,dense,dense_gain_2p0,4400,84400,1800,9
1740,1.020264575,0.9651577332,1.322882187,0.5523,0.5523,0.293,11454489600,cifar_dense_gain2,cifar_cnn,quality-selected,dense,dense_gain_2p0,4400,84400,1800,9
1800,1.098250345,1.042419153,1.387541983,0.5455,0.5455,0.335,11849472000,cifar_dense_gain2,cifar_cnn,quality-selected,dense,dense_gain_2p0,4400,84400,1800,9
1,2.428589297,2.39505564,2.402259009,0.1028,0.1028,0.002,483800,cifar_ef_quality,cifar_cnn,quality-selected,ef_topk,ef_k05,3500,83500,1800,0
60,1.817819368,1.784926599,1.790283612,0.3652,0.3652,0.177,29028000,cifar_ef_quality,cifar_cnn,quality-selected,ef_topk,ef_k05,3500,83500,1800,0
120,1.62619071,1.593481848,1.612165485,0.4217,0.4217,0.275,58056000,cifar_ef_quality,cifar_cnn,quality-selected,ef_topk,ef_k05,3500,83500,1800,0
180,1.52978241,1.497019165,1.519719641,0.4512,0.4512,0.234,87084000,cifar_ef_quality,cifar_cnn,quality-selected,ef_topk,ef_k05,3500,83500,1800,0
240,1.466717326,1.433802954,1.462181052,0.4731,0.4731,0.287,116112000,cifar_ef_quality,cifar_cnn,quality-selected,ef_topk,ef_k05,3500,83500,1800,0
300,1.434222263,1.401153979,1.434963211,0.486,0.486,0.301,145140000,cifar_ef_quality,cifar_cnn,quality-selected,ef_topk,ef_k05,3500,83500,1800,0
360,1.39563973,1.362323816,1.405001804,0.4927,0.4927,0.311,174168000,cifar_ef_quality,cifar_cnn,quality-selected,ef_topk,ef_k05,3500,83500,1800,0
420,1.361943153,1.32828551,1.377351337,0.5049,0.5049,0.23,203196000,cifar_ef_quality,cifar_cnn,quality-selected,ef_topk,ef_k05,3500,83500,1800,0
480,1.330879418,1.296921765,1.357250836,0.5156,0.5156,0.287,232224000,cifar_ef_quality,cifar_cnn,quality-selected,ef_topk,ef_k05,3500,83500,1800,0
540,1.308019887,1.273687634,1.338222937,0.5243,0.5243,0.271,261252000,cifar_ef_quality,cifar_cnn,quality-selected,ef_topk,ef_k05,3500,83500,1800,0
600,1.287828696,1.253155688,1.323825946,0.5297,0.5297,0.325,290280000,cifar_ef_quality,cifar_cnn,quality-selected,ef_topk,ef_k05,3500,83500,1800,0
660,1.271169164,1.236136273,1.312247931,0.5339,0.5339,0.316,319308000,cifar_ef_quality,cifar_cnn,quality-selected,ef_topk,ef_k05,3500,83500,1800,0
720,1.249600275,1.214195837,1.303443411,0.5411,0.5411,0.356,348336000,cifar_ef_quality,cifar_cnn,quality-selected,ef_topk,ef_k05,3500,83500,1800,0
780,1.241589885,1.205857379,1.296705316,0.5431,0.5431,0.348,377364000,cifar_ef_quality,cifar_cnn,quality-selected,ef_topk,ef_k05,3500,83500,1800,0
840,1.219093336,1.182942297,1.279536536,0.5474,0.5474,0.3,406392000,cifar_ef_quality,cifar_cnn,quality-selected,ef_topk,ef_k05,3500,83500,1800,0
900,1.208169255,1.171624707,1.279310406,0.5486,0.5486,0.284,435420000,cifar_ef_quality,cifar_cnn,quality-selected,ef_topk,ef_k05,3500,83500,1800,0
960,1.195228899,1.158397681,1.268245245,0.5542,0.5542,0.35,464448000,cifar_ef_quality,cifar_cnn,quality-selected,ef_topk,ef_k05,3500,83500,1800,0
1020,1.180269057,1.143001514,1.259328244,0.5541,0.5541,0.329,493476000,cifar_ef_quality,cifar_cnn,quality-selected,ef_topk,ef_k05,3500,83500,1800,0
1080,1.175440296,1.13775708,1.257579129,0.5548,0.5548,0.346,522504000,cifar_ef_quality,cifar_cnn,quality-selected,ef_topk,ef_k05,3500,83500,1800,0
1140,1.160769482,1.122709778,1.252373822,0.5561,0.5561,0.359,551532000,cifar_ef_quality,cifar_cnn,quality-selected,ef_topk,ef_k05,3500,83500,1800,0
1200,1.152193502,1.113723383,1.250265942,0.561,0.561,0.313,580560000,cifar_ef_quality,cifar_cnn,quality-selected,ef_topk,ef_k05,3500,83500,1800,0
1260,1.139629722,1.100717487,1.242898422,0.5634,0.5634,0.339,609588000,cifar_ef_quality,cifar_cnn,quality-selected,ef_topk,ef_k05,3500,83500,1800,0
1320,1.139235237,1.099864258,1.247479871,0.5599,0.5599,0.321,638616000,cifar_ef_quality,cifar_cnn,quality-selected,ef_topk,ef_k05,3500,83500,1800,0
1380,1.122295104,1.082461139,1.239053174,0.5649,0.5649,0.36,667644000,cifar_ef_quality,cifar_cnn,quality-selected,ef_topk,ef_k05,3500,83500,1800,0
1440,1.118507513,1.078243292,1.238996698,0.5658,0.5658,0.371,696672000,cifar_ef_quality,cifar_cnn,quality-selected,ef_topk,ef_k05,3500,83500,1800,0
1500,1.115254245,1.074465289,1.244682159,0.5643,0.5643,0.384,725700000,cifar_ef_quality,cifar_cnn,quality-selected,ef_topk,ef_k05,3500,83500,1800,0
1560,1.096514738,1.055280786,1.23655097,0.5709,0.5709,0.369,754728000,cifar_ef_quality,cifar_cnn,quality-selected,ef_topk,ef_k05,3500,83500,1800,0
1620,1.090444791,1.048798627,1.235555255,0.5687,0.5687,0.399,783756000,cifar_ef_quality,cifar_cnn,quality-selected,ef_topk,ef_k05,3500,83500,1800,0
1680,1.089761211,1.047604846,1.235234943,0.5724,0.5724,0.434,812784000,cifar_ef_quality,cifar_cnn,quality-selected,ef_topk,ef_k05,3500,83500,1800,0
1740,1.084708256,1.042095001,1.233320456,0.5695,0.5695,0.363,841812000,cifar_ef_quality,cifar_cnn,quality-selected,ef_topk,ef_k05,3500,83500,1800,0
1800,1.074262352,1.031171051,1.23684458,0.5694,0.5694,0.356,870840000,cifar_ef_quality,cifar_cnn,quality-selected,ef_topk,ef_k05,3500,83500,1800,0
1,2.418889876,2.385349097,2.39981637,0.1022,0.1022,0,483800,cifar_ef_quality,cifar_cnn,quality-selected,ef_topk,ef_k05,3600,83600,1800,1
60,1.836112294,1.803222546,1.792378113,0.3637,0.3637,0.181,29028000,cifar_ef_quality,cifar_cnn,quality-selected,ef_topk,ef_k05,3600,83600,1800,1
120,1.649111347,1.616330383,1.604430609,0.4257,0.4257,0.252,58056000,cifar_ef_quality,cifar_cnn,quality-selected,ef_topk,ef_k05,3600,83600,1800,1
180,1.556074232,1.52321604,1.517079004,0.4526,0.4526,0.244,87084000,cifar_ef_quality,cifar_cnn,quality-selected,ef_topk,ef_k05,3600,83600,1800,1
240,1.504268958,1.471226904,1.464669669,0.4739,0.4739,0.309,116112000,cifar_ef_quality,cifar_cnn,quality-selected,ef_topk,ef_k05,3600,83600,1800,1
300,1.463648393,1.430398889,1.424799725,0.4934,0.4934,0.296,145140000,cifar_ef_quality,cifar_cnn,quality-selected,ef_topk,ef_k05,3600,83600,1800,1
360,1.432391604,1.39882981,1.39862041,0.5006,0.5006,0.312,174168000,cifar_ef_quality,cifar_cnn,quality-selected,ef_topk,ef_k05,3600,83600,1800,1
420,1.393389188,1.359502698,1.369071149,0.5084,0.5084,0.361,203196000,cifar_ef_quality,cifar_cnn,quality-selected,ef_topk,ef_k05,3600,83600,1800,1
480,1.364342837,1.330104895,1.345428571,0.5186,0.5186,0.309,232224000,cifar_ef_quality,cifar_cnn,quality-selected,ef_topk,ef_k05,3600,83600,1800,1
540,1.347290218,1.312718494,1.331124667,0.5269,0.5269,0.356,261252000,cifar_ef_quality,cifar_cnn,quality-selected,ef_topk,ef_k05,3600,83600,1800,1
600,1.318391762,1.28351004,1.319200439,0.5295,0.5295,0.32,290280000,cifar_ef_quality,cifar_cnn,quality-selected,ef_topk,ef_k05,3600,83600,1800,1
660,1.311863742,1.276597888,1.311019916,0.5373,0.5373,0.376,319308000,cifar_ef_quality,cifar_cnn,quality-selected,ef_topk,ef_k05,3600,83600,1800,1
720,1.282792044,1.247152808,1.293351208,0.5404,0.5404,0.333,348336000,cifar_ef_quality,cifar_cnn,quality-selected,ef_topk,ef_k05,3600,83600,1800,1
780,1.266300573,1.230265955,1.288348395,0.5419,0.5419,0.315,377364000,cifar_ef_quality,cifar_cnn,quality-selected,ef_topk,ef_k05,3600,83600,1800,1
840,1.249983097,1.213568237,1.280972037,0.5489,0.5489,0.356,406392000,cifar_ef_quality,cifar_cnn,quality-selected,ef_topk,ef_k05,3600,83600,1800,1
900,1.233003581,1.196253131,1.271229675,0.5525,0.5525,0.371,435420000,cifar_ef_quality,cifar_cnn,quality-selected,ef_topk,ef_k05,3600,83600,1800,1
960,1.227877555,1.190682361,1.271268018,0.5522,0.5522,0.375,464448000,cifar_ef_quality,cifar_cnn,quality-selected,ef_topk,ef_k05,3600,83600,1800,1
1020,1.211838702,1.174253131,1.261636804,0.5562,0.5562,0.337,493476000,cifar_ef_quality,cifar_cnn,quality-selected,ef_topk,ef_k05,3600,83600,1800,1
1080,1.198584331,1.160540088,1.253800366,0.5572,0.5572,0.388,522504000,cifar_ef_quality,cifar_cnn,quality-selected,ef_topk,ef_k05,3600,83600,1800,1
1140,1.18898574,1.150520679,1.255422266,0.556,0.556,0.406,551532000,cifar_ef_quality,cifar_cnn,quality-selected,ef_topk,ef_k05,3600,83600,1800,1
1200,1.171331161,1.132340698,1.245028296,0.5607,0.5607,0.351,580560000,cifar_ef_quality,cifar_cnn,quality-selected,ef_topk,ef_k05,3600,83600,1800,1
1260,1.159073593,1.119639893,1.239858148,0.565,0.565,0.343,609588000,cifar_ef_quality,cifar_cnn,quality-selected,ef_topk,ef_k05,3600,83600,1800,1
1320,1.151076893,1.111209991,1.245415689,0.5617,0.5617,0.363,638616000,cifar_ef_quality,cifar_cnn,quality-selected,ef_topk,ef_k05,3600,83600,1800,1
1380,1.139849765,1.099460986,1.236474524,0.5642,0.5642,0.387,667644000,cifar_ef_quality,cifar_cnn,quality-selected,ef_topk,ef_k05,3600,83600,1800,1
1440,1.126871991,1.086010846,1.238146484,0.5658,0.5658,0.338,696672000,cifar_ef_quality,cifar_cnn,quality-selected,ef_topk,ef_k05,3600,83600,1800,1
1500,1.121157271,1.079834937,1.234043741,0.5652,0.5652,0.383,725700000,cifar_ef_quality,cifar_cnn,quality-selected,ef_topk,ef_k05,3600,83600,1800,1
1560,1.107689211,1.065790808,1.228726257,0.5682,0.5682,0.4,754728000,cifar_ef_quality,cifar_cnn,quality-selected,ef_topk,ef_k05,3600,83600,1800,1
1620,1.112035715,1.069595911,1.233023096,0.5673,0.5673,0.37,783756000,cifar_ef_quality,cifar_cnn,quality-selected,ef_topk,ef_k05,3600,83600,1800,1
1680,1.098039452,1.05507063,1.228894315,0.5694,0.5694,0.384,812784000,cifar_ef_quality,cifar_cnn,quality-selected,ef_topk,ef_k05,3600,83600,1800,1
1740,1.092444042,1.0489776,1.230882089,0.5704,0.5704,0.368,841812000,cifar_ef_quality,cifar_cnn,quality-selected,ef_topk,ef_k05,3600,83600,1800,1
1800,1.080932254,1.036955646,1.228690982,0.5692,0.5692,0.37,870840000,cifar_ef_quality,cifar_cnn,quality-selected,ef_topk,ef_k05,3600,83600,1800,1
1,2.448000818,2.414453577,2.41052193,0.1038,0.1038,0,483800,cifar_ef_quality,cifar_cnn,quality-selected,ef_topk,ef_k05,3700,83700,1800,2
60,1.85198222,1.819067688,1.802209833,0.3592,0.3592,0.139,29028000,cifar_ef_quality,cifar_cnn,quality-selected,ef_topk,ef_k05,3700,83700,1800,2
120,1.641853118,1.60901366,1.60524942,0.4224,0.4224,0.264,58056000,cifar_ef_quality,cifar_cnn,quality-selected,ef_topk,ef_k05,3700,83700,1800,2
180,1.547172778,1.51431969,1.514111084,0.4525,0.4525,0.301,87084000,cifar_ef_quality,cifar_cnn,quality-selected,ef_topk,ef_k05,3700,83700,1800,2
240,1.487142918,1.454262402,1.468793839,0.4721,0.4721,0.325,116112000,cifar_ef_quality,cifar_cnn,quality-selected,ef_topk,ef_k05,3700,83700,1800,2
300,1.448219196,1.415197693,1.431148492,0.483,0.483,0.282,145140000,cifar_ef_quality,cifar_cnn,quality-selected,ef_topk,ef_k05,3700,83700,1800,2
360,1.424766204,1.391545337,1.410195941,0.4918,0.4918,0.274,174168000,cifar_ef_quality,cifar_cnn,quality-selected,ef_topk,ef_k05,3700,83700,1800,2
420,1.389644729,1.356186267,1.38682334,0.5026,0.5026,0.297,203196000,cifar_ef_quality,cifar_cnn,quality-selected,ef_topk,ef_k05,3700,83700,1800,2
480,1.361058992,1.327316492,1.365623431,0.506,0.506,0.355,232224000,cifar_ef_quality,cifar_cnn,quality-selected,ef_topk,ef_k05,3700,83700,1800,2
540,1.336150159,1.302096338,1.350810825,0.5125,0.5125,0.292,261252000,cifar_ef_quality,cifar_cnn,quality-selected,ef_topk,ef_k05,3700,83700,1800,2
600,1.317792702,1.283374585,1.339625421,0.5164,0.5164,0.314,290280000,cifar_ef_quality,cifar_cnn,quality-selected,ef_topk,ef_k05,3700,83700,1800,2
660,1.292931507,1.258187744,1.327967593,0.5229,0.5229,0.35,319308000,cifar_ef_quality,cifar_cnn,quality-selected,ef_topk,ef_k05,3700,83700,1800,2
720,1.27640233,1.241237634,1.317539191,0.5279,0.5279,0.291,348336000,cifar_ef_quality,cifar_cnn,quality-selected,ef_topk,ef_k05,3700,83700,1800,2
780,1.259877322,1.224358569,1.311438983,0.5304,0.5304,0.319,377364000,cifar_ef_quality,cifar_cnn,quality-selected,ef_topk,ef_k05,3700,83700,1800,2
840,1.250068296,1.214126062,1.307994275,0.5327,0.5327,0.324,406392000,cifar_ef_quality,cifar_cnn,quality-selected,ef_topk,ef_k05,3700,83700,1800,2
900,1.239261008,1.202915625,1.300936084,0.5319,0.5319,0.335,435420000,cifar_ef_quality,cifar_cnn,quality-selected,ef_topk,ef_k05,3700,83700,1800,2
960,1.215176071,1.178430969,1.291921686,0.5392,0.5392,0.318,464448000,cifar_ef_quality,cifar_cnn,quality-selected,ef_topk,ef_k05,3700,83700,1800,2
1020,1.20530665,1.168094446,1.290882214,0.5401,0.5401,0.357,493476000,cifar_ef_quality,cifar_cnn,quality-selected,ef_topk,ef_k05,3700,83700,1800,2
1080,1.19483699,1.157187183,1.284692816,0.5457,0.5457,0.334,522504000,cifar_ef_quality,cifar_cnn,quality-selected,ef_topk,ef_k05,3700,83700,1800,2
1140,1.183248801,1.145179462,1.280755975,0.5432,0.5432,0.325,551532000,cifar_ef_quality,cifar_cnn,quality-selected,ef_topk,ef_k05,3700,83700,1800,2
1200,1.17144015,1.132851123,1.279065259,0.5467,0.5467,0.351,580560000,cifar_ef_quality,cifar_cnn,quality-selected,ef_topk,ef_k05,3700,83700,1800,2
1260,1.161885304,1.122867017,1.283587521,0.5452,0.5452,0.369,609588000,cifar_ef_quality,cifar_cnn,quality-selected,ef_topk,ef_k05,3700,83700,1800,2
1320,1.154688326,1.115245325,1.277307184,0.5462,0.5462,0.353,638616000,cifar_ef_quality,cifar_cnn,quality-selected,ef_topk,ef_k05,3700,83700,1800,2
1380,1.147116995,1.10725675,1.277544467,0.5452,0.5452,0.361,667644000,cifar_ef_quality,cifar_cnn,quality-selected,ef_topk,ef_k05,3700,83700,1800,2
1440,1.144025417,1.103702869,1.27816076,0.5481,0.5481,0.357,696672000,cifar_ef_quality,cifar_cnn,quality-selected,ef_topk,ef_k05,3700,83700,1800,2
1500,1.130499794,1.089715149,1.274468921,0.5491,0.5491,0.32,725700000,cifar_ef_quality,cifar_cnn,quality-selected,ef_topk,ef_k05,3700,83700,1800,2
1560,1.122712788,1.081426892,1.271433978,0.5506,0.5506,0.38,754728000,cifar_ef_quality,cifar_cnn,quality-selected,ef_topk,ef_k05,3700,83700,1800,2
1620,1.122467139,1.080718463,1.276947937,0.5442,0.5442,0.325,783756000,cifar_ef_quality,cifar_cnn,quality-selected,ef_topk,ef_k05,3700,83700,1800,2
1680,1.116398705,1.074220685,1.271508618,0.5526,0.5526,0.398,812784000,cifar_ef_quality,cifar_cnn,quality-selected,ef_topk,ef_k05,3700,83700,1800,2
1740,1.107722318,1.0650883,1.274205466,0.5522,0.5522,0.357,841812000,cifar_ef_quality,cifar_cnn,quality-selected,ef_topk,ef_k05,3700,83700,1800,2
1800,1.100924114,1.057901367,1.268840118,0.5521,0.5521,0.348,870840000,cifar_ef_quality,cifar_cnn,quality-selected,ef_topk,ef_k05,3700,83700,1800,2
1,2.435542666,2.401985693,2.419041229,0.1044,0.1044,0,483800,cifar_ef_quality,cifar_cnn,quality-selected,ef_topk,ef_k05,3800,83800,1800,3
60,1.809823956,1.776895081,1.784480994,0.3666,0.3666,0.169,29028000,cifar_ef_quality,cifar_cnn,quality-selected,ef_topk,ef_k05,3800,83800,1800,3
120,1.626465414,1.593645178,1.604156302,0.4208,0.4208,0.216,58056000,cifar_ef_quality,cifar_cnn,quality-selected,ef_topk,ef_k05,3800,83800,1800,3
180,1.525839983,1.492961829,1.512260626,0.4593,0.4593,0.257,87084000,cifar_ef_quality,cifar_cnn,quality-selected,ef_topk,ef_k05,3800,83800,1800,3
240,1.45849609,1.425554749,1.455447961,0.4788,0.4788,0.313,116112000,cifar_ef_quality,cifar_cnn,quality-selected,ef_topk,ef_k05,3800,83800,1800,3
300,1.412788382,1.379605261,1.418519629,0.4925,0.4925,0.312,145140000,cifar_ef_quality,cifar_cnn,quality-selected,ef_topk,ef_k05,3800,83800,1800,3
360,1.383710641,1.350358197,1.395715533,0.5039,0.5039,0.328,174168000,cifar_ef_quality,cifar_cnn,quality-selected,ef_topk,ef_k05,3800,83800,1800,3
420,1.345706844,1.312017444,1.372177008,0.506,0.506,0.309,203196000,cifar_ef_quality,cifar_cnn,quality-selected,ef_topk,ef_k05,3800,83800,1800,3
480,1.319848717,1.285895215,1.351295358,0.5214,0.5214,0.367,232224000,cifar_ef_quality,cifar_cnn,quality-selected,ef_topk,ef_k05,3800,83800,1800,3
540,1.295367707,1.261075269,1.333784814,0.5282,0.5282,0.363,261252000,cifar_ef_quality,cifar_cnn,quality-selected,ef_topk,ef_k05,3800,83800,1800,3
600,1.271238168,1.236559534,1.319838049,0.5279,0.5279,0.317,290280000,cifar_ef_quality,cifar_cnn,quality-selected,ef_topk,ef_k05,3800,83800,1800,3
660,1.254965639,1.219919043,1.311423273,0.5371,0.5371,0.351,319308000,cifar_ef_quality,cifar_cnn,quality-selected,ef_topk,ef_k05,3800,83800,1800,3
720,1.235678851,1.200204321,1.301979758,0.5352,0.5352,0.344,348336000,cifar_ef_quality,cifar_cnn,quality-selected,ef_topk,ef_k05,3800,83800,1800,3
780,1.220481313,1.184571069,1.290661069,0.5436,0.5436,0.305,377364000,cifar_ef_quality,cifar_cnn,quality-selected,ef_topk,ef_k05,3800,83800,1800,3
840,1.193237862,1.156885742,1.281415887,0.5489,0.5489,0.372,406392000,cifar_ef_quality,cifar_cnn,quality-selected,ef_topk,ef_k05,3800,83800,1800,3
900,1.183744133,1.146970367,1.270750339,0.5521,0.5521,0.331,435420000,cifar_ef_quality,cifar_cnn,quality-selected,ef_topk,ef_k05,3800,83800,1800,3
960,1.16816353,1.130963037,1.265663245,0.5541,0.5541,0.359,464448000,cifar_ef_quality,cifar_cnn,quality-selected,ef_topk,ef_k05,3800,83800,1800,3
1020,1.156134238,1.118427954,1.258040512,0.5547,0.5547,0.341,493476000,cifar_ef_quality,cifar_cnn,quality-selected,ef_topk,ef_k05,3800,83800,1800,3
1080,1.141740332,1.103593604,1.256154724,0.558,0.558,0.336,522504000,cifar_ef_quality,cifar_cnn,quality-selected,ef_topk,ef_k05,3800,83800,1800,3
1140,1.133627456,1.095082141,1.249758289,0.5593,0.5593,0.351,551532000,cifar_ef_quality,cifar_cnn,quality-selected,ef_topk,ef_k05,3800,83800,1800,3
1200,1.121916534,1.082860748,1.249057654,0.5613,0.5613,0.356,580560000,cifar_ef_quality,cifar_cnn,quality-selected,ef_topk,ef_k05,3800,83800,1800,3
1260,1.111284302,1.071732422,1.240617474,0.564,0.564,0.377,609588000,cifar_ef_quality,cifar_cnn,quality-selected,ef_topk,ef_k05,3800,83800,1800,3
1320,1.104510104,1.064407568,1.241639258,0.566,0.566,0.379,638616000,cifar_ef_quality,cifar_cnn,quality-selected,ef_topk,ef_k05,3800,83800,1800,3
1380,1.097818529,1.057153467,1.243854529,0.5628,0.5628,0.354,667644000,cifar_ef_quality,cifar_cnn,quality-selected,ef_topk,ef_k05,3800,83800,1800,3
1440,1.087807505,1.046615424,1.243223349,0.566,0.566,0.366,696672000,cifar_ef_quality,cifar_cnn,quality-selected,ef_topk,ef_k05,3800,83800,1800,3
1500,1.07217075,1.030465009,1.23521684,0.5716,0.5716,0.383,725700000,cifar_ef_quality,cifar_cnn,quality-selected,ef_topk,ef_k05,3800,83800,1800,3
1560,1.067936823,1.025692908,1.233323712,0.5692,0.5692,0.416,754728000,cifar_ef_quality,cifar_cnn,quality-selected,ef_topk,ef_k05,3800,83800,1800,3
1620,1.062556094,1.019774725,1.2415647,0.5701,0.5701,0.38,783756000,cifar_ef_quality,cifar_cnn,quality-selected,ef_topk,ef_k05,3800,83800,1800,3
1680,1.057371761,1.014082764,1.236313513,0.5742,0.5742,0.402,812784000,cifar_ef_quality,cifar_cnn,quality-selected,ef_topk,ef_k05,3800,83800,1800,3
1740,1.048372422,1.004565656,1.236038135,0.5687,0.5687,0.367,841812000,cifar_ef_quality,cifar_cnn,quality-selected,ef_topk,ef_k05,3800,83800,1800,3
1800,1.039644001,0.995324646,1.234505887,0.5703,0.5703,0.362,870840000,cifar_ef_quality,cifar_cnn,quality-selected,ef_topk,ef_k05,3800,83800,1800,3
1,2.432508473,2.398968884,2.403906714,0.1033,0.1033,0,483800,cifar_ef_quality,cifar_cnn,quality-selected,ef_topk,ef_k05,3900,83900,1800,4
60,1.822028054,1.789126782,1.796704453,0.3598,0.3598,0.194,29028000,cifar_ef_quality,cifar_cnn,quality-selected,ef_topk,ef_k05,3900,83900,1800,4
120,1.620545232,1.587731958,1.603829895,0.4212,0.4212,0.217,58056000,cifar_ef_quality,cifar_cnn,quality-selected,ef_topk,ef_k05,3900,83900,1800,4
180,1.521524798,1.488628394,1.51390574,0.4495,0.4495,0.241,87084000,cifar_ef_quality,cifar_cnn,quality-selected,ef_topk,ef_k05,3900,83900,1800,4
240,1.460749418,1.427752161,1.4643927,0.47,0.47,0.26,116112000,cifar_ef_quality,cifar_cnn,quality-selected,ef_topk,ef_k05,3900,83900,1800,4
300,1.423226762,1.39008009,1.432739587,0.4854,0.4854,0.298,145140000,cifar_ef_quality,cifar_cnn,quality-selected,ef_topk,ef_k05,3900,83900,1800,4
360,1.389088285,1.355726038,1.407311975,0.4924,0.4924,0.335,174168000,cifar_ef_quality,cifar_cnn,quality-selected,ef_topk,ef_k05,3900,83900,1800,4
420,1.359850581,1.326233752,1.386957098,0.5018,0.5018,0.338,203196000,cifar_ef_quality,cifar_cnn,quality-selected,ef_topk,ef_k05,3900,83900,1800,4
480,1.333178853,1.29926814,1.369055414,0.5112,0.5112,0.354,232224000,cifar_ef_quality,cifar_cnn,quality-selected,ef_topk,ef_k05,3900,83900,1800,4
540,1.313488991,1.279216309,1.359743488,0.5072,0.5072,0.295,261252000,cifar_ef_quality,cifar_cnn,quality-selected,ef_topk,ef_k05,3900,83900,1800,4
600,1.291439101,1.256849829,1.342671802,0.5193,0.5193,0.283,290280000,cifar_ef_quality,cifar_cnn,quality-selected,ef_topk,ef_k05,3900,83900,1800,4
660,1.267756085,1.232819989,1.327320374,0.5251,0.5251,0.327,319308000,cifar_ef_quality,cifar_cnn,quality-selected,ef_topk,ef_k05,3900,83900,1800,4
720,1.250609385,1.215283301,1.320210574,0.5251,0.5251,0.324,348336000,cifar_ef_quality,cifar_cnn,quality-selected,ef_topk,ef_k05,3900,83900,1800,4
780,1.234390502,1.198677417,1.311870969,0.5292,0.5292,0.331,377364000,cifar_ef_quality,cifar_cnn,quality-selected,ef_topk,ef_k05,3900,83900,1800,4
840,1.220663176,1.184585852,1.304260254,0.5378,0.5378,0.343,406392000,cifar_ef_quality,cifar_cnn,quality-selected,ef_topk,ef_k05,3900,83900,1800,4
900,1.205121995,1.168609814,1.297778198,0.5345,0.5345,0.297,435420000,cifar_ef_quality,cifar_cnn,quality-selected,ef_topk,ef_k05,3900,83900,1800,4
960,1.19227188,1.155287463,1.291213892,0.5435,0.5435,0.354,464448000,cifar_ef_quality,cifar_cnn,quality-selected,ef_topk,ef_k05,3900,83900,1800,4
1020,1.182470766,1.145126654,1.288831244,0.5405,0.5405,0.316,493476000,cifar_ef_quality,cifar_cnn,quality-selected,ef_topk,ef_k05,3900,83900,1800,4
1080,1.169954283,1.13217182,1.284001889,0.5445,0.5445,0.358,522504000,cifar_ef_quality,cifar_cnn,quality-selected,ef_topk,ef_k05,3900,83900,1800,4
1140,1.157116265,1.118912762,1.283144562,0.5457,0.5457,0.332,551532000,cifar_ef_quality,cifar_cnn,quality-selected,ef_topk,ef_k05,3900,83900,1800,4
1200,1.146790013,1.108202649,1.27997883,0.5447,0.5447,0.39,580560000,cifar_ef_quality,cifar_cnn,quality-selected,ef_topk,ef_k05,3900,83900,1800,4
1260,1.135647131,1.096577844,1.277843445,0.5469,0.5469,0.34,609588000,cifar_ef_quality,cifar_cnn,quality-selected,ef_topk,ef_k05,3900,83900,1800,4
1320,1.129137678,1.089639307,1.27688045,0.5481,0.5481,0.344,638616000,cifar_ef_quality,cifar_cnn,quality-selected,ef_topk,ef_k05,3900,83900,1800,4
1380,1.116480085,1.076540063,1.275613602,0.5515,0.5515,0.359,667644000,cifar_ef_quality,cifar_cnn,quality-selected,ef_topk,ef_k05,3900,83900,1800,4
1440,1.109794214,1.069449976,1.272853918,0.5522,0.5522,0.387,696672000,cifar_ef_quality,cifar_cnn,quality-selected,ef_topk,ef_k05,3900,83900,1800,4
1500,1.095450575,1.054588568,1.270426147,0.5535,0.5535,0.368,725700000,cifar_ef_quality,cifar_cnn,quality-selected,ef_topk,ef_k05,3900,83900,1800,4
1560,1.096201579,1.054896777,1.265963531,0.5534,0.5534,0.321,754728000,cifar_ef_quality,cifar_cnn,quality-selected,ef_topk,ef_k05,3900,83900,1800,4
1620,1.086319498,1.044524255,1.266751398,0.5533,0.5533,0.332,783756000,cifar_ef_quality,cifar_cnn,quality-selected,ef_topk,ef_k05,3900,83900,1800,4
1680,1.076076253,1.033823437,1.269366122,0.5577,0.5577,0.386,812784000,cifar_ef_quality,cifar_cnn,quality-selected,ef_topk,ef_k05,3900,83900,1800,4
1740,1.066121828,1.023420618,1.268422733,0.5572,0.5572,0.354,841812000,cifar_ef_quality,cifar_cnn,quality-selected,ef_topk,ef_k05,3900,83900,1800,4
1800,1.063566716,1.020388318,1.271341943,0.5582,0.5582,0.329,870840000,cifar_ef_quality,cifar_cnn,quality-selected,ef_topk,ef_k05,3900,83900,1800,4
1,2.423565965,2.390028528,2.399389594,0.1033,0.1033,0,483800,cifar_ef_quality,cifar_cnn,quality-selected,ef_topk,ef_k05,4000,84000,1800,5
60,1.814144817,1.781205676,1.77313418,0.3726,0.3726,0.185,29028000,cifar_ef_quality,cifar_cnn,quality-selected,ef_topk,ef_k05,4000,84000,1800,5
120,1.633911305,1.601133801,1.596673602,0.4225,0.4225,0.243,58056000,cifar_ef_quality,cifar_cnn,quality-selected,ef_topk,ef_k05,4000,84000,1800,5
180,1.547222913,1.514445996,1.51099043,0.4555,0.4555,0.265,87084000,cifar_ef_quality,cifar_cnn,quality-selected,ef_topk,ef_k05,4000,84000,1800,5
240,1.495055928,1.462168225,1.464549887,0.4737,0.4737,0.303,116112000,cifar_ef_quality,cifar_cnn,quality-selected,ef_topk,ef_k05,4000,84000,1800,5
300,1.441418411,1.408306213,1.428138211,0.4885,0.4885,0.291,145140000,cifar_ef_quality,cifar_cnn,quality-selected,ef_topk,ef_k05,4000,84000,1800,5
360,1.40270372,1.369329102,1.396548538,0.4993,0.4993,0.373,174168000,cifar_ef_quality,cifar_cnn,quality-selected,ef_topk,ef_k05,4000,84000,1800,5
420,1.366517773,1.332883789,1.371184747,0.5123,0.5123,0.33,203196000,cifar_ef_quality,cifar_cnn,quality-selected,ef_topk,ef_k05,4000,84000,1800,5
480,1.336350158,1.302340869,1.344878378,0.5217,0.5217,0.385,232224000,cifar_ef_quality,cifar_cnn,quality-selected,ef_topk,ef_k05,4000,84000,1800,5
540,1.305152899,1.270828101,1.326567029,0.5302,0.5302,0.303,261252000,cifar_ef_quality,cifar_cnn,quality-selected,ef_topk,ef_k05,4000,84000,1800,5
600,1.282670909,1.247943683,1.309978326,0.5343,0.5343,0.353,290280000,cifar_ef_quality,cifar_cnn,quality-selected,ef_topk,ef_k05,4000,84000,1800,5
660,1.263451623,1.228397534,1.297543506,0.5389,0.5389,0.352,319308000,cifar_ef_quality,cifar_cnn,quality-selected,ef_topk,ef_k05,4000,84000,1800,5
720,1.236339332,1.200857715,1.281884137,0.5498,0.5498,0.372,348336000,cifar_ef_quality,cifar_cnn,quality-selected,ef_topk,ef_k05,4000,84000,1800,5
780,1.213946188,1.178107721,1.269317108,0.549,0.549,0.325,377364000,cifar_ef_quality,cifar_cnn,quality-selected,ef_topk,ef_k05,4000,84000,1800,5
840,1.201384501,1.165187689,1.265194604,0.5553,0.5553,0.386,406392000,cifar_ef_quality,cifar_cnn,quality-selected,ef_topk,ef_k05,4000,84000,1800,5
900,1.183158066,1.146557465,1.258293011,0.5537,0.5537,0.359,435420000,cifar_ef_quality,cifar_cnn,quality-selected,ef_topk,ef_k05,4000,84000,1800,5
960,1.176743079,1.139741138,1.253474982,0.5582,0.5582,0.356,464448000,cifar_ef_quality,cifar_cnn,quality-selected,ef_topk,ef_k05,4000,84000,1800,5
1020,1.157227745,1.11974881,1.242838712,0.5599,0.5599,0.359,493476000,cifar_ef_quality,cifar_cnn,quality-selected,ef_topk,ef_k05,4000,84000,1800,5
1080,1.144065195,1.106170892,1.240656161,0.5587,0.5587,0.384,522504000,cifar_ef_quality,cifar_cnn,quality-selected,ef_topk,ef_k05,4000,84000,1800,5
1140,1.131051347,1.092739374,1.233746307,0.5653,0.5653,0.408,551532000,cifar_ef_quality,cifar_cnn,quality-selected,ef_topk,ef_k05,4000,84000,1800,5
1200,1.123437875,1.084685254,1.231772968,0.5656,0.5656,0.365,580560000,cifar_ef_quality,cifar_cnn,quality-selected,ef_topk,ef_k05,4000,84000,1800,5
1260,1.11083377,1.071659351,1.223707227,0.5686,0.5686,0.427,609588000,cifar_ef_quality,cifar_cnn,quality-selected,ef_topk,ef_k05,4000,84000,1800,5
1320,1.105989727,1.066386047,1.222741815,0.5672,0.5672,0.382,638616000,cifar_ef_quality,cifar_cnn,quality-selected,ef_topk,ef_k05,4000,84000,1800,5
1380,1.096030986,1.055887378,1.219174567,0.5686,0.5686,0.429,667644000,cifar_ef_quality,cifar_cnn,quality-selected,ef_topk,ef_k05,4000,84000,1800,5
1440,1.084378117,1.043756909,1.213481055,0.5681,0.5681,0.392,696672000,cifar_ef_quality,cifar_cnn,quality-selected,ef_topk,ef_k05,4000,84000,1800,5
1500,1.075431819,1.034336688,1.209662939,0.5747,0.5747,0.401,725700000,cifar_ef_quality,cifar_cnn,quality-selected,ef_topk,ef_k05,4000,84000,1800,5
1560,1.066046165,1.024357178,1.211440472,0.5748,0.5748,0.373,754728000,cifar_ef_quality,cifar_cnn,quality-selected,ef_topk,ef_k05,4000,84000,1800,5
1620,1.068423354,1.026179706,1.216471832,0.5749,0.5749,0.389,783756000,cifar_ef_quality,cifar_cnn,quality-selected,ef_topk,ef_k05,4000,84000,1800,5
1680,1.057297542,1.014496295,1.217528793,0.5762,0.5762,0.406,812784000,cifar_ef_quality,cifar_cnn,quality-selected,ef_topk,ef_k05,4000,84000,1800,5
1740,1.053054852,1.009727673,1.217176257,0.574,0.574,0.376,841812000,cifar_ef_quality,cifar_cnn,quality-selected,ef_topk,ef_k05,4000,84000,1800,5
1800,1.044528966,1.000603162,1.21334176,0.5772,0.5772,0.397,870840000,cifar_ef_quality,cifar_cnn,quality-selected,ef_topk,ef_k05,4000,84000,1800,5
1,2.422930862,2.389389209,2.40637301,0.1046,0.1046,0,483800,cifar_ef_quality,cifar_cnn,quality-selected,ef_topk,ef_k05,4100,84100,1800,6
60,1.814708503,1.78178844,1.793222351,0.3666,0.3666,0.193,29028000,cifar_ef_quality,cifar_cnn,quality-selected,ef_topk,ef_k05,4100,84100,1800,6
120,1.6221256,1.589314038,1.599628653,0.4205,0.4205,0.237,58056000,cifar_ef_quality,cifar_cnn,quality-selected,ef_topk,ef_k05,4100,84100,1800,6
180,1.543803542,1.510931494,1.525075073,0.45,0.45,0.232,87084000,cifar_ef_quality,cifar_cnn,quality-selected,ef_topk,ef_k05,4100,84100,1800,6
240,1.477890308,1.444893066,1.468210925,0.4716,0.4716,0.284,116112000,cifar_ef_quality,cifar_cnn,quality-selected,ef_topk,ef_k05,4100,84100,1800,6
300,1.43154082,1.398382007,1.433163248,0.48,0.48,0.238,145140000,cifar_ef_quality,cifar_cnn,quality-selected,ef_topk,ef_k05,4100,84100,1800,6
360,1.395276046,1.361925708,1.39957171,0.4937,0.4937,0.295,174168000,cifar_ef_quality,cifar_cnn,quality-selected,ef_topk,ef_k05,4100,84100,1800,6
420,1.365672083,1.332054834,1.379299747,0.5016,0.5016,0.274,203196000,cifar_ef_quality,cifar_cnn,quality-selected,ef_topk,ef_k05,4100,84100,1800,6
480,1.336655093,1.30270708,1.355463135,0.5175,0.5175,0.325,232224000,cifar_ef_quality,cifar_cnn,quality-selected,ef_topk,ef_k05,4100,84100,1800,6
540,1.319030064,1.284809827,1.34522294,0.5193,0.5193,0.378,261252000,cifar_ef_quality,cifar_cnn,quality-selected,ef_topk,ef_k05,4100,84100,1800,6
600,1.296403134,1.261854382,1.331064783,0.5247,0.5247,0.365,290280000,cifar_ef_quality,cifar_cnn,quality-selected,ef_topk,ef_k05,4100,84100,1800,6
660,1.279819479,1.245000421,1.320808624,0.5276,0.5276,0.371,319308000,cifar_ef_quality,cifar_cnn,quality-selected,ef_topk,ef_k05,4100,84100,1800,6
720,1.253438814,1.218209375,1.309631726,0.5321,0.5321,0.346,348336000,cifar_ef_quality,cifar_cnn,quality-selected,ef_topk,ef_k05,4100,84100,1800,6
780,1.243928013,1.2082724,1.306222937,0.5352,0.5352,0.332,377364000,cifar_ef_quality,cifar_cnn,quality-selected,ef_topk,ef_k05,4100,84100,1800,6
840,1.230238023,1.194190106,1.297923804,0.5408,0.5408,0.35,406392000,cifar_ef_quality,cifar_cnn,quality-selected,ef_topk,ef_k05,4100,84100,1800,6
900,1.214617905,1.178209973,1.287137775,0.5435,0.5435,0.338,435420000,cifar_ef_quality,cifar_cnn,quality-selected,ef_topk,ef_k05,4100,84100,1800,6
960,1.196409701,1.159625342,1.279543921,0.5448,0.5448,0.344,464448000,cifar_ef_quality,cifar_cnn,quality-selected,ef_topk,ef_k05,4100,84100,1800,6
1020,1.18719856,1.149987683,1.276795325,0.5532,0.5532,0.372,493476000,cifar_ef_quality,cifar_cnn,quality-selected,ef_topk,ef_k05,4100,84100,1800,6
1080,1.1746326,1.13693269,1.27475621,0.55,0.55,0.362,522504000,cifar_ef_quality,cifar_cnn,quality-selected,ef_topk,ef_k05,4100,84100,1800,6
1140,1.164450375,1.126377576,1.267970364,0.5533,0.5533,0.399,551532000,cifar_ef_quality,cifar_cnn,quality-selected,ef_topk,ef_k05,4100,84100,1800,6
1200,1.156775759,1.118309729,1.267952692,0.5537,0.5537,0.376,580560000,cifar_ef_quality,cifar_cnn,quality-selected,ef_topk,ef_k05,4100,84100,1800,6
1260,1.14556031,1.106621887,1.265483505,0.5556,0.5556,0.399,609588000,cifar_ef_quality,cifar_cnn,quality-selected,ef_topk,ef_k05,4100,84100,1800,6
1320,1.138371294,1.099003687,1.264359058,0.5564,0.5564,0.371,638616000,cifar_ef_quality,cifar_cnn,quality-selected,ef_topk,ef_k05,4100,84100,1800,6
1380,1.127173537,1.087292944,1.261130859,0.5591,0.5591,0.36,667644000,cifar_ef_quality,cifar_cnn,quality-selected,ef_topk,ef_k05,4100,84100,1800,6
1440,1.124451308,1.084050543,1.26332146,0.5614,0.5614,0.368,696672000,cifar_ef_quality,cifar_cnn,quality-selected,ef_topk,ef_k05,4100,84100,1800,6
1500,1.112071476,1.071260315,1.255782883,0.559,0.559,0.362,725700000,cifar_ef_quality,cifar_cnn,quality-selected,ef_topk,ef_k05,4100,84100,1800,6
1560,1.099314019,1.058034131,1.252157883,0.5638,0.5638,0.38,754728000,cifar_ef_quality,cifar_cnn,quality-selected,ef_topk,ef_k05,4100,84100,1800,6
1620,1.101392272,1.05961272,1.256447568,0.5608,0.5608,0.384,783756000,cifar_ef_quality,cifar_cnn,quality-selected,ef_topk,ef_k05,4100,84100,1800,6
1680,1.087781421,1.045520435,1.253346051,0.5649,0.5649,0.414,812784000,cifar_ef_quality,cifar_cnn,quality-selected,ef_topk,ef_k05,4100,84100,1800,6
1740,1.082777575,1.040070959,1.255929956,0.5643,0.5643,0.339,841812000,cifar_ef_quality,cifar_cnn,quality-selected,ef_topk,ef_k05,4100,84100,1800,6
1800,1.074341237,1.03111073,1.257267578,0.567,0.567,0.4,870840000,cifar_ef_quality,cifar_cnn,quality-selected,ef_topk,ef_k05,4100,84100,1800,6
1,2.421207215,2.387666089,2.40571106,0.1065,0.1065,0.001,483800,cifar_ef_quality,cifar_cnn,quality-selected,ef_topk,ef_k05,4200,84200,1800,7
60,1.821245765,1.78835271,1.800815955,0.3633,0.3633,0.147,29028000,cifar_ef_quality,cifar_cnn,quality-selected,ef_topk,ef_k05,4200,84200,1800,7
120,1.611207267,1.578300342,1.597807892,0.4218,0.4218,0.257,58056000,cifar_ef_quality,cifar_cnn,quality-selected,ef_topk,ef_k05,4200,84200,1800,7
180,1.508032115,1.475051135,1.510226297,0.4525,0.4525,0.256,87084000,cifar_ef_quality,cifar_cnn,quality-selected,ef_topk,ef_k05,4200,84200,1800,7
240,1.45613471,1.423102014,1.464583475,0.4692,0.4692,0.292,116112000,cifar_ef_quality,cifar_cnn,quality-selected,ef_topk,ef_k05,4200,84200,1800,7
300,1.412500459,1.379245312,1.426666467,0.4837,0.4837,0.303,145140000,cifar_ef_quality,cifar_cnn,quality-selected,ef_topk,ef_k05,4200,84200,1800,7
360,1.380103997,1.346658398,1.398123163,0.4952,0.4952,0.302,174168000,cifar_ef_quality,cifar_cnn,quality-selected,ef_topk,ef_k05,4200,84200,1800,7
420,1.344056858,1.310366943,1.373892975,0.5037,0.5037,0.306,203196000,cifar_ef_quality,cifar_cnn,quality-selected,ef_topk,ef_k05,4200,84200,1800,7
480,1.318537457,1.284537183,1.354799399,0.5132,0.5132,0.293,232224000,cifar_ef_quality,cifar_cnn,quality-selected,ef_topk,ef_k05,4200,84200,1800,7
540,1.299505212,1.265207422,1.344057703,0.5201,0.5201,0.309,261252000,cifar_ef_quality,cifar_cnn,quality-selected,ef_topk,ef_k05,4200,84200,1800,7
600,1.281618842,1.247003577,1.328945123,0.5221,0.5221,0.364,290280000,cifar_ef_quality,cifar_cnn,quality-selected,ef_topk,ef_k05,4200,84200,1800,7
660,1.266811096,1.231757935,1.32269252,0.5218,0.5218,0.311,319308000,cifar_ef_quality,cifar_cnn,quality-selected,ef_topk,ef_k05,4200,84200,1800,7
720,1.240131898,1.204698694,1.303708893,0.5364,0.5364,0.323,348336000,cifar_ef_quality,cifar_cnn,quality-selected,ef_topk,ef_k05,4200,84200,1800,7
780,1.225902695,1.190079224,1.294238217,0.5381,0.5381,0.357,377364000,cifar_ef_quality,cifar_cnn,quality-selected,ef_topk,ef_k05,4200,84200,1800,7
840,1.207198473,1.170932043,1.286236392,0.5455,0.5455,0.401,406392000,cifar_ef_quality,cifar_cnn,quality-selected,ef_topk,ef_k05,4200,84200,1800,7
900,1.192712692,1.156021851,1.273878772,0.545,0.545,0.347,435420000,cifar_ef_quality,cifar_cnn,quality-selected,ef_topk,ef_k05,4200,84200,1800,7
960,1.183244947,1.146134271,1.273007434,0.5504,0.5504,0.35,464448000,cifar_ef_quality,cifar_cnn,quality-selected,ef_topk,ef_k05,4200,84200,1800,7
1020,1.170200109,1.132654749,1.261905579,0.5541,0.5541,0.331,493476000,cifar_ef_quality,cifar_cnn,quality-selected,ef_topk,ef_k05,4200,84200,1800,7
1080,1.152962376,1.114953625,1.25426991,0.5554,0.5554,0.364,522504000,cifar_ef_quality,cifar_cnn,quality-selected,ef_topk,ef_k05,4200,84200,1800,7
1140,1.142894917,1.104469177,1.251919678,0.5613,0.5613,0.357,551532000,cifar_ef_quality,cifar_cnn,quality-selected,ef_topk,ef_k05,4200,84200,1800,7
1200,1.133902331,1.09498252,1.247175674,0.5598,0.5598,0.32,580560000,cifar_ef_quality,cifar_cnn,quality-selected,ef_topk,ef_k05,4200,84200,1800,7
1260,1.127131366,1.087803394,1.248757507,0.5618,0.5618,0.358,609588000,cifar_ef_quality,cifar_cnn,quality-selected,ef_topk,ef_k05,4200,84200,1800,7
1320,1.113822475,1.073964996,1.241329013,0.5635,0.5635,0.382,638616000,cifar_ef_quality,cifar_cnn,quality-selected,ef_topk,ef_k05,4200,84200,1800,7
1380,1.10769546,1.067374487,1.239261414,0.5652,0.5652,0.366,667644000,cifar_ef_quality,cifar_cnn,quality-selected,ef_topk,ef_k05,4200,84200,1800,7
1440,1.097618159,1.056808875,1.2358237,0.5632,0.5632,0.347,696672000,cifar_ef_quality,cifar_cnn,quality-selected,ef_topk,ef_k05,4200,84200,1800,7
1500,1.087588762,1.046281366,1.235663727,0.5671,0.5671,0.416,725700000,cifar_ef_quality,cifar_cnn,quality-selected,ef_topk,ef_k05,4200,84200,1800,7
1560,1.086026724,1.044206976,1.241667603,0.5678,0.5678,0.425,754728000,cifar_ef_quality,cifar_cnn,quality-selected,ef_topk,ef_k05,4200,84200,1800,7
1620,1.081423684,1.039119519,1.237258057,0.5638,0.5638,0.359,783756000,cifar_ef_quality,cifar_cnn,quality-selected,ef_topk,ef_k05,4200,84200,1800,7
1680,1.069819274,1.026979663,1.233366916,0.5672,0.5672,0.392,812784000,cifar_ef_quality,cifar_cnn,quality-selected,ef_topk,ef_k05,4200,84200,1800,7
1740,1.055442663,1.012086481,1.229964288,0.5717,0.5717,0.387,841812000,cifar_ef_quality,cifar_cnn,quality-selected,ef_topk,ef_k05,4200,84200,1800,7
1800,1.049967541,1.006109375,1.234492542,0.5679,0.5679,0.393,870840000,cifar_ef_quality,cifar_cnn,quality-selected,ef_topk,ef_k05,4200,84200,1800,7
1,2.42277371,2.389235864,2.395206348,0.1048,0.1048,0.001,483800,cifar_ef_quality,cifar_cnn,quality-selected,ef_topk,ef_k05,4300,84300,1800,8
60,1.8315936,1.79865343,1.793815552,0.364,0.364,0.182,29028000,cifar_ef_quality,cifar_cnn,quality-selected,ef_topk,ef_k05,4300,84300,1800,8
120,1.631544684,1.59868833,1.607645892,0.4205,0.4205,0.241,58056000,cifar_ef_quality,cifar_cnn,quality-selected,ef_topk,ef_k05,4300,84300,1800,8
180,1.529918812,1.497019653,1.517344827,0.4512,0.4512,0.26,87084000,cifar_ef_quality,cifar_cnn,quality-selected,ef_topk,ef_k05,4300,84300,1800,8
240,1.469725151,1.436737305,1.467052646,0.4712,0.4712,0.268,116112000,cifar_ef_quality,cifar_cnn,quality-selected,ef_topk,ef_k05,4300,84300,1800,8
300,1.432350628,1.399183533,1.434828671,0.4796,0.4796,0.268,145140000,cifar_ef_quality,cifar_cnn,quality-selected,ef_topk,ef_k05,4300,84300,1800,8
360,1.392132141,1.358732483,1.39893815,0.4991,0.4991,0.221,174168000,cifar_ef_quality,cifar_cnn,quality-selected,ef_topk,ef_k05,4300,84300,1800,8
420,1.359071918,1.325369202,1.368859293,0.5074,0.5074,0.333,203196000,cifar_ef_quality,cifar_cnn,quality-selected,ef_topk,ef_k05,4300,84300,1800,8
480,1.330605731,1.296543536,1.351480853,0.5158,0.5158,0.332,232224000,cifar_ef_quality,cifar_cnn,quality-selected,ef_topk,ef_k05,4300,84300,1800,8
540,1.313525348,1.279068408,1.332136963,0.5232,0.5232,0.318,261252000,cifar_ef_quality,cifar_cnn,quality-selected,ef_topk,ef_k05,4300,84300,1800,8
600,1.288003601,1.253155304,1.318731543,0.5264,0.5264,0.299,290280000,cifar_ef_quality,cifar_cnn,quality-selected,ef_topk,ef_k05,4300,84300,1800,8
660,1.268338286,1.233073767,1.307569635,0.5342,0.5342,0.374,319308000,cifar_ef_quality,cifar_cnn,quality-selected,ef_topk,ef_k05,4300,84300,1800,8
720,1.256381337,1.220698621,1.295067792,0.5412,0.5412,0.337,348336000,cifar_ef_quality,cifar_cnn,quality-selected,ef_topk,ef_k05,4300,84300,1800,8
780,1.230622546,1.194497473,1.282423737,0.543,0.543,0.375,377364000,cifar_ef_quality,cifar_cnn,quality-selected,ef_topk,ef_k05,4300,84300,1800,8
840,1.219669025,1.183097949,1.278162329,0.5494,0.5494,0.369,406392000,cifar_ef_quality,cifar_cnn,quality-selected,ef_topk,ef_k05,4300,84300,1800,8
900,1.202623482,1.165642303,1.267066586,0.5523,0.5523,0.344,435420000,cifar_ef_quality,cifar_cnn,quality-selected,ef_topk,ef_k05,4300,84300,1800,8
960,1.186317526,1.148873755,1.258116815,0.5569,0.5569,0.338,464448000,cifar_ef_quality,cifar_cnn,quality-selected,ef_topk,ef_k05,4300,84300,1800,8
1020,1.17556395,1.137667035,1.256100516,0.5567,0.5567,0.361,493476000,cifar_ef_quality,cifar_cnn,quality-selected,ef_topk,ef_k05,4300,84300,1800,8
1080,1.16358193,1.125235864,1.248977393,0.5586,0.5586,0.38,522504000,cifar_ef_quality,cifar_cnn,quality-selected,ef_topk,ef_k05,4300,84300,1800,8
1140,1.147954488,1.109097528,1.248479687,0.561,0.561,0.373,551532000,cifar_ef_quality,cifar_cnn,quality-selected,ef_topk,ef_k05,4300,84300,1800,8
1200,1.140067017,1.100749176,1.245588684,0.5666,0.5666,0.372,580560000,cifar_ef_quality,cifar_cnn,quality-selected,ef_topk,ef_k05,4300,84300,1800,8
1260,1.133926567,1.094071716,1.241166071,0.5638,0.5638,0.35,609588000,cifar_ef_quality,cifar_cnn,quality-selected,ef_topk,ef_k05,4300,84300,1800,8
1320,1.123362823,1.083048462,1.239077686,0.5654,0.5654,0.369,638616000,cifar_ef_quality,cifar_cnn,quality-selected,ef_topk,ef_k05,4300,84300,1800,8
1380,1.117465984,1.076719971,1.23914906,0.5638,0.5638,0.356,667644000,cifar_ef_quality,cifar_cnn,quality-selected,ef_topk,ef_k05,4300,84300,1800,8
1440,1.103262528,1.061967419,1.233480685,0.5686,0.5686,0.352,696672000,cifar_ef_quality,cifar_cnn,quality-selected,ef_topk,ef_k05,4300,84300,1800,8
1500,1.093467825,1.051658514,1.227608102,0.5706,0.5706,0.375,725700000,cifar_ef_quality,cifar_cnn,quality-selected,ef_topk,ef_k05,4300,84300,1800,8
1560,1.08731059,1.0449591,1.229190558,0.5703,0.5703,0.406,754728000,cifar_ef_quality,cifar_cnn,quality-selected,ef_topk,ef_k05,4300,84300,1800,8
1620,1.082257935,1.039366162,1.227024591,0.5718,0.5718,0.376,783756000,cifar_ef_quality,cifar_cnn,quality-selected,ef_topk,ef_k05,4300,84300,1800,8
1680,1.069909669,1.026521417,1.23061579,0.5721,0.5721,0.404,812784000,cifar_ef_quality,cifar_cnn,quality-selected,ef_topk,ef_k05,4300,84300,1800,8
1740,1.064481195,1.020605371,1.228750128,0.5747,0.5747,0.375,841812000,cifar_ef_quality,cifar_cnn,quality-selected,ef_topk,ef_k05,4300,84300,1800,8
1800,1.064671159,1.020264447,1.234127264,0.5722,0.5722,0.38,870840000,cifar_ef_quality,cifar_cnn,quality-selected,ef_topk,ef_k05,4300,84300,1800,8
1,2.433711666,2.400188354,2.400339722,0.102,0.102,0.001,483800,cifar_ef_quality,cifar_cnn,quality-selected,ef_topk,ef_k05,4400,84400,1800,9
60,1.824662943,1.79177616,1.796788306,0.3579,0.3579,0.118,29028000,cifar_ef_quality,cifar_cnn,quality-selected,ef_topk,ef_k05,4400,84400,1800,9
120,1.607494209,1.574705554,1.593140762,0.4242,0.4242,0.251,58056000,cifar_ef_quality,cifar_cnn,quality-selected,ef_topk,ef_k05,4400,84400,1800,9
180,1.521843109,1.48901886,1.515589276,0.4511,0.4511,0.24,87084000,cifar_ef_quality,cifar_cnn,quality-selected,ef_topk,ef_k05,4400,84400,1800,9
240,1.466035703,1.433132336,1.467389688,0.4748,0.4748,0.241,116112000,cifar_ef_quality,cifar_cnn,quality-selected,ef_topk,ef_k05,4400,84400,1800,9
300,1.413799206,1.38078009,1.427530307,0.4867,0.4867,0.329,145140000,cifar_ef_quality,cifar_cnn,quality-selected,ef_topk,ef_k05,4400,84400,1800,9
360,1.37834307,1.345145801,1.401766022,0.4973,0.4973,0.267,174168000,cifar_ef_quality,cifar_cnn,quality-selected,ef_topk,ef_k05,4400,84400,1800,9
420,1.350186219,1.31677406,1.378784332,0.5026,0.5026,0.282,203196000,cifar_ef_quality,cifar_cnn,quality-selected,ef_topk,ef_k05,4400,84400,1800,9
480,1.329769581,1.296105286,1.366784979,0.511,0.511,0.305,232224000,cifar_ef_quality,cifar_cnn,quality-selected,ef_topk,ef_k05,4400,84400,1800,9
540,1.299467914,1.26552486,1.345858972,0.5198,0.5198,0.294,261252000,cifar_ef_quality,cifar_cnn,quality-selected,ef_topk,ef_k05,4400,84400,1800,9
600,1.279094675,1.244880774,1.333866727,0.5245,0.5245,0.333,290280000,cifar_ef_quality,cifar_cnn,quality-selected,ef_topk,ef_k05,4400,84400,1800,9
660,1.266276796,1.231829736,1.326095862,0.5278,0.5278,0.338,319308000,cifar_ef_quality,cifar_cnn,quality-selected,ef_topk,ef_k05,4400,84400,1800,9
720,1.25643525,1.221680798,1.322632068,0.5289,0.5289,0.316,348336000,cifar_ef_quality,cifar_cnn,quality-selected,ef_topk,ef_k05,4400,84400,1800,9
780,1.235772585,1.20066604,1.308757156,0.5327,0.5327,0.311,377364000,cifar_ef_quality,cifar_cnn,quality-selected,ef_topk,ef_k05,4400,84400,1800,9
840,1.221940683,1.18646496,1.301549078,0.5367,0.5367,0.366,406392000,cifar_ef_quality,cifar_cnn,quality-selected,ef_topk,ef_k05,4400,84400,1800,9
900,1.208321775,1.17249325,1.29755582,0.5371,0.5371,0.323,435420000,cifar_ef_quality,cifar_cnn,quality-selected,ef_topk,ef_k05,4400,84400,1800,9
960,1.197515504,1.161316492,1.298711935,0.5367,0.5367,0.363,464448000,cifar_ef_quality,cifar_cnn,quality-selected,ef_topk,ef_k05,4400,84400,1800,9
1020,1.179772099,1.14321806,1.287540759,0.54,0.54,0.376,493476000,cifar_ef_quality,cifar_cnn,quality-selected,ef_topk,ef_k05,4400,84400,1800,9
1080,1.175505882,1.138606708,1.288220685,0.5377,0.5377,0.296,522504000,cifar_ef_quality,cifar_cnn,quality-selected,ef_topk,ef_k05,4400,84400,1800,9
1140,1.159535146,1.122215466,1.281237292,0.5441,0.5441,0.326,551532000,cifar_ef_quality,cifar_cnn,quality-selected,ef_topk,ef_k05,4400,84400,1800,9
1200,1.153644733,1.115886597,1.281670151,0.5444,0.5444,0.298,580560000,cifar_ef_quality,cifar_cnn,quality-selected,ef_topk,ef_k05,4400,84400,1800,9
1260,1.140533697,1.102349115,1.278430023,0.5433,0.5433,0.353,609588000,cifar_ef_quality,cifar_cnn,quality-selected,ef_topk,ef_k05,4400,84400,1800,9
1320,1.132776241,1.094192139,1.276618491,0.5455,0.5455,0.369,638616000,cifar_ef_quality,cifar_cnn,quality-selected,ef_topk,ef_k05,4400,84400,1800,9
1380,1.122906818,1.083883167,1.27541416,0.5475,0.5475,0.302,667644000,cifar_ef_quality,cifar_cnn,quality-selected,ef_topk,ef_k05,4400,84400,1800,9
1440,1.118322162,1.078841449,1.270772028,0.5484,0.5484,0.32,696672000,cifar_ef_quality,cifar_cnn,quality-selected,ef_topk,ef_k05,4400,84400,1800,9
1500,1.107982216,1.068041565,1.270159369,0.5484,0.5484,0.344,725700000,cifar_ef_quality,cifar_cnn,quality-selected,ef_topk,ef_k05,4400,84400,1800,9
1560,1.103235786,1.062851611,1.276174957,0.548,0.548,0.38,754728000,cifar_ef_quality,cifar_cnn,quality-selected,ef_topk,ef_k05,4400,84400,1800,9
1620,1.098021056,1.057182544,1.271173456,0.5482,0.5482,0.357,783756000,cifar_ef_quality,cifar_cnn,quality-selected,ef_topk,ef_k05,4400,84400,1800,9
1680,1.093557757,1.052282782,1.270025305,0.5534,0.5534,0.357,812784000,cifar_ef_quality,cifar_cnn,quality-selected,ef_topk,ef_k05,4400,84400,1800,9
1740,1.081792969,1.040010071,1.271636835,0.5496,0.5496,0.333,841812000,cifar_ef_quality,cifar_cnn,quality-selected,ef_topk,ef_k05,4400,84400,1800,9
1800,1.073970738,1.031714764,1.266779163,0.5527,0.5527,0.332,870840000,cifar_ef_quality,cifar_cnn,quality-selected,ef_topk,ef_k05,4400,84400,1800,9
1,2.532299659,2.498721973,2.507867584,0.0869,0.0869,0,97460,cifar_ef_traffic,cifar_cnn,nearest-traffic,ef_topk,ef_k01,3500,83500,1800,0
60,1.87555522,1.84239646,1.8426271,0.3493,0.3493,0.169,5847600,cifar_ef_traffic,cifar_cnn,nearest-traffic,ef_topk,ef_k01,3500,83500,1800,0
120,1.669464095,1.636433948,1.650300616,0.4069,0.4069,0.252,11695200,cifar_ef_traffic,cifar_cnn,nearest-traffic,ef_topk,ef_k01,3500,83500,1800,0
180,1.557208456,1.524034509,1.54109458,0.4428,0.4428,0.231,17542800,cifar_ef_traffic,cifar_cnn,nearest-traffic,ef_topk,ef_k01,3500,83500,1800,0
240,1.484916593,1.451587122,1.474547565,0.4687,0.4687,0.306,23390400,cifar_ef_traffic,cifar_cnn,nearest-traffic,ef_topk,ef_k01,3500,83500,1800,0
300,1.444972762,1.411315173,1.440522736,0.4827,0.4827,0.274,29238000,cifar_ef_traffic,cifar_cnn,nearest-traffic,ef_topk,ef_k01,3500,83500,1800,0
360,1.409230371,1.375395593,1.408673059,0.4919,0.4919,0.271,35085600,cifar_ef_traffic,cifar_cnn,nearest-traffic,ef_topk,ef_k01,3500,83500,1800,0
420,1.371975333,1.337739154,1.38224473,0.5006,0.5006,0.226,40933200,cifar_ef_traffic,cifar_cnn,nearest-traffic,ef_topk,ef_k01,3500,83500,1800,0
480,1.337721651,1.30319364,1.355729938,0.5115,0.5115,0.347,46780800,cifar_ef_traffic,cifar_cnn,nearest-traffic,ef_topk,ef_k01,3500,83500,1800,0
540,1.313874277,1.27904278,1.334913287,0.5188,0.5188,0.286,52628400,cifar_ef_traffic,cifar_cnn,nearest-traffic,ef_topk,ef_k01,3500,83500,1800,0
600,1.29015787,1.254978308,1.314782281,0.5298,0.5298,0.377,58476000,cifar_ef_traffic,cifar_cnn,nearest-traffic,ef_topk,ef_k01,3500,83500,1800,0
660,1.272383208,1.236904163,1.305342776,0.5329,0.5329,0.35,64323600,cifar_ef_traffic,cifar_cnn,nearest-traffic,ef_topk,ef_k01,3500,83500,1800,0
720,1.253556001,1.217758862,1.297062366,0.5402,0.5402,0.353,70171200,cifar_ef_traffic,cifar_cnn,nearest-traffic,ef_topk,ef_k01,3500,83500,1800,0
780,1.238192326,1.20208136,1.283070938,0.5446,0.5446,0.37,76018800,cifar_ef_traffic,cifar_cnn,nearest-traffic,ef_topk,ef_k01,3500,83500,1800,0
840,1.217593431,1.181130396,1.267862976,0.5483,0.5483,0.324,81866400,cifar_ef_traffic,cifar_cnn,nearest-traffic,ef_topk,ef_k01,3500,83500,1800,0
900,1.209889478,1.173039697,1.263564044,0.5508,0.5508,0.343,87714000,cifar_ef_traffic,cifar_cnn,nearest-traffic,ef_topk,ef_k01,3500,83500,1800,0
960,1.199258079,1.162100757,1.25784104,0.5551,0.5551,0.343,93561600,cifar_ef_traffic,cifar_cnn,nearest-traffic,ef_topk,ef_k01,3500,83500,1800,0
1020,1.188135381,1.15067724,1.251275726,0.5607,0.5607,0.372,99409200,cifar_ef_traffic,cifar_cnn,nearest-traffic,ef_topk,ef_k01,3500,83500,1800,0
1080,1.178544189,1.140787708,1.248741907,0.5613,0.5613,0.395,105256800,cifar_ef_traffic,cifar_cnn,nearest-traffic,ef_topk,ef_k01,3500,83500,1800,0
1140,1.165744344,1.127622064,1.242126562,0.5639,0.5639,0.396,111104400,cifar_ef_traffic,cifar_cnn,nearest-traffic,ef_topk,ef_k01,3500,83500,1800,0
1200,1.163815015,1.125271802,1.246337292,0.5617,0.5617,0.291,116952000,cifar_ef_traffic,cifar_cnn,nearest-traffic,ef_topk,ef_k01,3500,83500,1800,0
1260,1.150774741,1.111835529,1.237144983,0.5666,0.5666,0.377,122799600,cifar_ef_traffic,cifar_cnn,nearest-traffic,ef_topk,ef_k01,3500,83500,1800,0
1320,1.150204042,1.11091781,1.243133792,0.5618,0.5618,0.343,128647200,cifar_ef_traffic,cifar_cnn,nearest-traffic,ef_topk,ef_k01,3500,83500,1800,0
1380,1.136341085,1.096682947,1.234330933,0.5656,0.5656,0.356,134494800,cifar_ef_traffic,cifar_cnn,nearest-traffic,ef_topk,ef_k01,3500,83500,1800,0
1440,1.132319952,1.092162866,1.235446039,0.5679,0.5679,0.375,140342400,cifar_ef_traffic,cifar_cnn,nearest-traffic,ef_topk,ef_k01,3500,83500,1800,0
1500,1.126855351,1.08631889,1.23539483,0.5699,0.5699,0.407,146190000,cifar_ef_traffic,cifar_cnn,nearest-traffic,ef_topk,ef_k01,3500,83500,1800,0
1560,1.11784493,1.076898431,1.23313595,0.5705,0.5705,0.379,152037600,cifar_ef_traffic,cifar_cnn,nearest-traffic,ef_topk,ef_k01,3500,83500,1800,0
1620,1.10913279,1.067814575,1.230406476,0.5738,0.5738,0.433,157885200,cifar_ef_traffic,cifar_cnn,nearest-traffic,ef_topk,ef_k01,3500,83500,1800,0
1680,1.105043013,1.063291937,1.225037213,0.5729,0.5729,0.413,163732800,cifar_ef_traffic,cifar_cnn,nearest-traffic,ef_topk,ef_k01,3500,83500,1800,0
1740,1.099484782,1.057289874,1.224860126,0.575,0.575,0.385,169580400,cifar_ef_traffic,cifar_cnn,nearest-traffic,ef_topk,ef_k01,3500,83500,1800,0
1800,1.095727742,1.053085034,1.227259021,0.5721,0.5721,0.38,175428000,cifar_ef_traffic,cifar_cnn,nearest-traffic,ef_topk,ef_k01,3500,83500,1800,0
1,2.512989458,2.479417322,2.502440411,0.0874,0.0874,0,97460,cifar_ef_traffic,cifar_cnn,nearest-traffic,ef_topk,ef_k01,3600,83600,1800,1
60,1.873241509,1.840080884,1.829250055,0.3562,0.3562,0.179,5847600,cifar_ef_traffic,cifar_cnn,nearest-traffic,ef_topk,ef_k01,3600,83600,1800,1
120,1.68517545,1.652024854,1.632791364,0.4104,0.4104,0.225,11695200,cifar_ef_traffic,cifar_cnn,nearest-traffic,ef_topk,ef_k01,3600,83600,1800,1
180,1.583360006,1.550127405,1.531471365,0.4445,0.4445,0.224,17542800,cifar_ef_traffic,cifar_cnn,nearest-traffic,ef_topk,ef_k01,3600,83600,1800,1
240,1.516483893,1.483076392,1.472729193,0.4699,0.4699,0.301,23390400,cifar_ef_traffic,cifar_cnn,nearest-traffic,ef_topk,ef_k01,3600,83600,1800,1
300,1.47161264,1.437979907,1.435919308,0.4802,0.4802,0.28,29238000,cifar_ef_traffic,cifar_cnn,nearest-traffic,ef_topk,ef_k01,3600,83600,1800,1
360,1.448866674,1.414920984,1.415671982,0.4941,0.4941,0.286,35085600,cifar_ef_traffic,cifar_cnn,nearest-traffic,ef_topk,ef_k01,3600,83600,1800,1
420,1.410564943,1.376275171,1.377965967,0.502,0.502,0.344,40933200,cifar_ef_traffic,cifar_cnn,nearest-traffic,ef_topk,ef_k01,3600,83600,1800,1
480,1.384978648,1.350420142,1.357226291,0.5128,0.5128,0.3,46780800,cifar_ef_traffic,cifar_cnn,nearest-traffic,ef_topk,ef_k01,3600,83600,1800,1
540,1.362098781,1.327267322,1.34439231,0.5201,0.5201,0.351,52628400,cifar_ef_traffic,cifar_cnn,nearest-traffic,ef_topk,ef_k01,3600,83600,1800,1
600,1.335218407,1.300082306,1.321482047,0.5284,0.5284,0.322,58476000,cifar_ef_traffic,cifar_cnn,nearest-traffic,ef_topk,ef_k01,3600,83600,1800,1
660,1.315121192,1.27966344,1.306979504,0.5353,0.5353,0.31,64323600,cifar_ef_traffic,cifar_cnn,nearest-traffic,ef_topk,ef_k01,3600,83600,1800,1
720,1.293482177,1.257699756,1.28998515,0.5455,0.5455,0.338,70171200,cifar_ef_traffic,cifar_cnn,nearest-traffic,ef_topk,ef_k01,3600,83600,1800,1
780,1.279293143,1.243162921,1.28437131,0.5427,0.5427,0.301,76018800,cifar_ef_traffic,cifar_cnn,nearest-traffic,ef_topk,ef_k01,3600,83600,1800,1
840,1.263837702,1.227461218,1.274258429,0.5483,0.5483,0.378,81866400,cifar_ef_traffic,cifar_cnn,nearest-traffic,ef_topk,ef_k01,3600,83600,1800,1
900,1.247074571,1.210354333,1.264809253,0.5531,0.5531,0.371,87714000,cifar_ef_traffic,cifar_cnn,nearest-traffic,ef_topk,ef_k01,3600,83600,1800,1
960,1.234390263,1.197323346,1.256923553,0.556,0.556,0.344,93561600,cifar_ef_traffic,cifar_cnn,nearest-traffic,ef_topk,ef_k01,3600,83600,1800,1
1020,1.226340693,1.188900092,1.249888736,0.5607,0.5607,0.321,99409200,cifar_ef_traffic,cifar_cnn,nearest-traffic,ef_topk,ef_k01,3600,83600,1800,1
1080,1.21890938,1.181170752,1.242265195,0.562,0.562,0.345,105256800,cifar_ef_traffic,cifar_cnn,nearest-traffic,ef_topk,ef_k01,3600,83600,1800,1
1140,1.204083023,1.165924042,1.239731586,0.5627,0.5627,0.376,111104400,cifar_ef_traffic,cifar_cnn,nearest-traffic,ef_topk,ef_k01,3600,83600,1800,1
1200,1.190616302,1.152110645,1.231771677,0.5629,0.5629,0.345,116952000,cifar_ef_traffic,cifar_cnn,nearest-traffic,ef_topk,ef_k01,3600,83600,1800,1
1260,1.179837069,1.14094425,1.228597998,0.5659,0.5659,0.321,122799600,cifar_ef_traffic,cifar_cnn,nearest-traffic,ef_topk,ef_k01,3600,83600,1800,1
1320,1.181365977,1.142194067,1.230540845,0.5644,0.5644,0.363,128647200,cifar_ef_traffic,cifar_cnn,nearest-traffic,ef_topk,ef_k01,3600,83600,1800,1
1380,1.168721139,1.129099316,1.228425757,0.5675,0.5675,0.41,134494800,cifar_ef_traffic,cifar_cnn,nearest-traffic,ef_topk,ef_k01,3600,83600,1800,1
1440,1.157227617,1.117250421,1.227227106,0.5657,0.5657,0.323,140342400,cifar_ef_traffic,cifar_cnn,nearest-traffic,ef_topk,ef_k01,3600,83600,1800,1
1500,1.152672317,1.112368213,1.22610795,0.5655,0.5655,0.343,146190000,cifar_ef_traffic,cifar_cnn,nearest-traffic,ef_topk,ef_k01,3600,83600,1800,1
1560,1.140592598,1.09975061,1.219612024,0.57,0.57,0.367,152037600,cifar_ef_traffic,cifar_cnn,nearest-traffic,ef_topk,ef_k01,3600,83600,1800,1
1620,1.140523918,1.099236023,1.218190289,0.5689,0.5689,0.309,157885200,cifar_ef_traffic,cifar_cnn,nearest-traffic,ef_topk,ef_k01,3600,83600,1800,1
1680,1.134659373,1.092976172,1.216477991,0.5663,0.5663,0.426,163732800,cifar_ef_traffic,cifar_cnn,nearest-traffic,ef_topk,ef_k01,3600,83600,1800,1
1740,1.130591325,1.088454492,1.217539075,0.5674,0.5674,0.353,169580400,cifar_ef_traffic,cifar_cnn,nearest-traffic,ef_topk,ef_k01,3600,83600,1800,1
1800,1.116830787,1.074209766,1.214517291,0.5666,0.5666,0.359,175428000,cifar_ef_traffic,cifar_cnn,nearest-traffic,ef_topk,ef_k01,3600,83600,1800,1
1,2.541662804,2.508087891,2.507128046,0.0883,0.0883,0,97460,cifar_ef_traffic,cifar_cnn,nearest-traffic,ef_topk,ef_k01,3700,83700,1800,2
60,1.909353497,1.87620448,1.860499243,0.3422,0.3422,0.134,5847600,cifar_ef_traffic,cifar_cnn,nearest-traffic,ef_topk,ef_k01,3700,83700,1800,2
120,1.700849278,1.667651929,1.654410193,0.4108,0.4108,0.253,11695200,cifar_ef_traffic,cifar_cnn,nearest-traffic,ef_topk,ef_k01,3700,83700,1800,2
180,1.587008586,1.553876819,1.545579886,0.4427,0.4427,0.287,17542800,cifar_ef_traffic,cifar_cnn,nearest-traffic,ef_topk,ef_k01,3700,83700,1800,2
240,1.517573672,1.484231848,1.490547949,0.4615,0.4615,0.281,23390400,cifar_ef_traffic,cifar_cnn,nearest-traffic,ef_topk,ef_k01,3700,83700,1800,2
300,1.473868048,1.440286719,1.445670422,0.4775,0.4775,0.223,29238000,cifar_ef_traffic,cifar_cnn,nearest-traffic,ef_topk,ef_k01,3700,83700,1800,2
360,1.436481323,1.402560303,1.416718411,0.4866,0.4866,0.279,35085600,cifar_ef_traffic,cifar_cnn,nearest-traffic,ef_topk,ef_k01,3700,83700,1800,2
420,1.394276581,1.36001416,1.387230597,0.5013,0.5013,0.296,40933200,cifar_ef_traffic,cifar_cnn,nearest-traffic,ef_topk,ef_k01,3700,83700,1800,2
480,1.361189741,1.326517786,1.36158483,0.5116,0.5116,0.354,46780800,cifar_ef_traffic,cifar_cnn,nearest-traffic,ef_topk,ef_k01,3700,83700,1800,2
540,1.329022889,1.293900891,1.339352347,0.5193,0.5193,0.325,52628400,cifar_ef_traffic,cifar_cnn,nearest-traffic,ef_topk,ef_k01,3700,83700,1800,2
600,1.306406504,1.270917395,1.321949377,0.5274,0.5274,0.358,58476000,cifar_ef_traffic,cifar_cnn,nearest-traffic,ef_topk,ef_k01,3700,83700,1800,2
660,1.281889948,1.245974023,1.308618927,0.5349,0.5349,0.345,64323600,cifar_ef_traffic,cifar_cnn,nearest-traffic,ef_topk,ef_k01,3700,83700,1800,2
720,1.261124831,1.224899512,1.296030969,0.5397,0.5397,0.312,70171200,cifar_ef_traffic,cifar_cnn,nearest-traffic,ef_topk,ef_k01,3700,83700,1800,2
780,1.23800193,1.201414642,1.285316068,0.5469,0.5469,0.332,76018800,cifar_ef_traffic,cifar_cnn,nearest-traffic,ef_topk,ef_k01,3700,83700,1800,2
840,1.220686631,1.183582227,1.276341745,0.5507,0.5507,0.339,81866400,cifar_ef_traffic,cifar_cnn,nearest-traffic,ef_topk,ef_k01,3700,83700,1800,2
900,1.20807701,1.170603168,1.27034541,0.5542,0.5542,0.333,87714000,cifar_ef_traffic,cifar_cnn,nearest-traffic,ef_topk,ef_k01,3700,83700,1800,2
960,1.188612339,1.150783691,1.256494806,0.5572,0.5572,0.329,93561600,cifar_ef_traffic,cifar_cnn,nearest-traffic,ef_topk,ef_k01,3700,83700,1800,2
1020,1.176797117,1.138525537,1.254485672,0.5574,0.5574,0.414,99409200,cifar_ef_traffic,cifar_cnn,nearest-traffic,ef_topk,ef_k01,3700,83700,1800,2
1080,1.170490813,1.131791003,1.245572601,0.5601,0.5601,0.387,105256800,cifar_ef_traffic,cifar_cnn,nearest-traffic,ef_topk,ef_k01,3700,83700,1800,2
1140,1.156574906,1.11755116,1.240732785,0.5649,0.5649,0.349,111104400,cifar_ef_traffic,cifar_cnn,nearest-traffic,ef_topk,ef_k01,3700,83700,1800,2
1200,1.144566505,1.105044971,1.234387927,0.5652,0.5652,0.376,116952000,cifar_ef_traffic,cifar_cnn,nearest-traffic,ef_topk,ef_k01,3700,83700,1800,2
1260,1.135887177,1.096034363,1.233489603,0.5671,0.5671,0.383,122799600,cifar_ef_traffic,cifar_cnn,nearest-traffic,ef_topk,ef_k01,3700,83700,1800,2
1320,1.129678103,1.089323309,1.228761963,0.5665,0.5665,0.374,128647200,cifar_ef_traffic,cifar_cnn,nearest-traffic,ef_topk,ef_k01,3700,83700,1800,2
1380,1.117209058,1.076410779,1.226600146,0.568,0.568,0.35,134494800,cifar_ef_traffic,cifar_cnn,nearest-traffic,ef_topk,ef_k01,3700,83700,1800,2
1440,1.112823717,1.071760522,1.222900504,0.572,0.572,0.372,140342400,cifar_ef_traffic,cifar_cnn,nearest-traffic,ef_topk,ef_k01,3700,83700,1800,2
1500,1.107869957,1.066296692,1.220931165,0.5712,0.5712,0.32,146190000,cifar_ef_traffic,cifar_cnn,nearest-traffic,ef_topk,ef_k01,3700,83700,1800,2
1560,1.094603685,1.05255166,1.215794745,0.5715,0.5715,0.36,152037600,cifar_ef_traffic,cifar_cnn,nearest-traffic,ef_topk,ef_k01,3700,83700,1800,2
1620,1.092200968,1.049728766,1.220241202,0.5673,0.5673,0.379,157885200,cifar_ef_traffic,cifar_cnn,nearest-traffic,ef_topk,ef_k01,3700,83700,1800,2
1680,1.089015405,1.046086511,1.21939079,0.572,0.572,0.346,163732800,cifar_ef_traffic,cifar_cnn,nearest-traffic,ef_topk,ef_k01,3700,83700,1800,2
1740,1.079639865,1.036084735,1.220121704,0.5763,0.5763,0.343,169580400,cifar_ef_traffic,cifar_cnn,nearest-traffic,ef_topk,ef_k01,3700,83700,1800,2
1800,1.072720863,1.028839252,1.212928406,0.5754,0.5754,0.358,175428000,cifar_ef_traffic,cifar_cnn,nearest-traffic,ef_topk,ef_k01,3700,83700,1800,2
1,2.560552302,2.526961035,2.547180206,0.0891,0.0891,0,97460,cifar_ef_traffic,cifar_cnn,nearest-traffic,ef_topk,ef_k01,3800,83800,1800,3
60,1.861607098,1.828394116,1.830818005,0.3503,0.3503,0.192,5847600,cifar_ef_traffic,cifar_cnn,nearest-traffic,ef_topk,ef_k01,3800,83800,1800,3
120,1.664043209,1.630858643,1.633377338,0.4144,0.4144,0.223,11695200,cifar_ef_traffic,cifar_cnn,nearest-traffic,ef_topk,ef_k01,3800,83800,1800,3
180,1.561719189,1.528420166,1.537385626,0.4469,0.4469,0.202,17542800,cifar_ef_traffic,cifar_cnn,nearest-traffic,ef_topk,ef_k01,3800,83800,1800,3
240,1.49174764,1.458307764,1.478680237,0.4681,0.4681,0.273,23390400,cifar_ef_traffic,cifar_cnn,nearest-traffic,ef_topk,ef_k01,3800,83800,1800,3
300,1.443957359,1.410247913,1.439702771,0.483,0.483,0.266,29238000,cifar_ef_traffic,cifar_cnn,nearest-traffic,ef_topk,ef_k01,3800,83800,1800,3
360,1.408775211,1.374787537,1.414630832,0.4912,0.4912,0.309,35085600,cifar_ef_traffic,cifar_cnn,nearest-traffic,ef_topk,ef_k01,3800,83800,1800,3
420,1.372501734,1.338139258,1.385448264,0.5001,0.5001,0.274,40933200,cifar_ef_traffic,cifar_cnn,nearest-traffic,ef_topk,ef_k01,3800,83800,1800,3
480,1.342002226,1.307358374,1.361286182,0.5132,0.5132,0.315,46780800,cifar_ef_traffic,cifar_cnn,nearest-traffic,ef_topk,ef_k01,3800,83800,1800,3
540,1.318193933,1.283145898,1.34330625,0.5217,0.5217,0.353,52628400,cifar_ef_traffic,cifar_cnn,nearest-traffic,ef_topk,ef_k01,3800,83800,1800,3
600,1.301053751,1.265703406,1.329827679,0.522,0.522,0.323,58476000,cifar_ef_traffic,cifar_cnn,nearest-traffic,ef_topk,ef_k01,3800,83800,1800,3
660,1.286099101,1.250458514,1.322271451,0.5308,0.5308,0.367,64323600,cifar_ef_traffic,cifar_cnn,nearest-traffic,ef_topk,ef_k01,3800,83800,1800,3
720,1.263106483,1.227205798,1.305808514,0.5374,0.5374,0.341,70171200,cifar_ef_traffic,cifar_cnn,nearest-traffic,ef_topk,ef_k01,3800,83800,1800,3
780,1.25287767,1.216643665,1.296839532,0.5405,0.5405,0.323,76018800,cifar_ef_traffic,cifar_cnn,nearest-traffic,ef_topk,ef_k01,3800,83800,1800,3
840,1.228642616,1.192055481,1.288246686,0.5429,0.5429,0.355,81866400,cifar_ef_traffic,cifar_cnn,nearest-traffic,ef_topk,ef_k01,3800,83800,1800,3
900,1.222773249,1.185885352,1.282058871,0.547,0.547,0.309,87714000,cifar_ef_traffic,cifar_cnn,nearest-traffic,ef_topk,ef_k01,3800,83800,1800,3
960,1.206544545,1.169347852,1.27925365,0.5493,0.5493,0.344,93561600,cifar_ef_traffic,cifar_cnn,nearest-traffic,ef_topk,ef_k01,3800,83800,1800,3
1020,1.197550269,1.160002704,1.2661633,0.5539,0.5539,0.376,99409200,cifar_ef_traffic,cifar_cnn,nearest-traffic,ef_topk,ef_k01,3800,83800,1800,3
1080,1.182664697,1.144796106,1.259712201,0.5569,0.5569,0.366,105256800,cifar_ef_traffic,cifar_cnn,nearest-traffic,ef_topk,ef_k01,3800,83800,1800,3
1140,1.172393224,1.134231226,1.25369025,0.5594,0.5594,0.308,111104400,cifar_ef_traffic,cifar_cnn,nearest-traffic,ef_topk,ef_k01,3800,83800,1800,3
1200,1.158941982,1.120423828,1.255522046,0.5612,0.5612,0.339,116952000,cifar_ef_traffic,cifar_cnn,nearest-traffic,ef_topk,ef_k01,3800,83800,1800,3
1260,1.154243709,1.115210529,1.243218433,0.5596,0.5596,0.394,122799600,cifar_ef_traffic,cifar_cnn,nearest-traffic,ef_topk,ef_k01,3800,83800,1800,3
1320,1.145126213,1.105731873,1.243229749,0.5665,0.5665,0.406,128647200,cifar_ef_traffic,cifar_cnn,nearest-traffic,ef_topk,ef_k01,3800,83800,1800,3
1380,1.132774707,1.093062427,1.242954926,0.5636,0.5636,0.368,134494800,cifar_ef_traffic,cifar_cnn,nearest-traffic,ef_topk,ef_k01,3800,83800,1800,3
1440,1.128699503,1.088554541,1.243201886,0.563,0.563,0.366,140342400,cifar_ef_traffic,cifar_cnn,nearest-traffic,ef_topk,ef_k01,3800,83800,1800,3
1500,1.120768587,1.080131201,1.243657816,0.5663,0.5663,0.338,146190000,cifar_ef_traffic,cifar_cnn,nearest-traffic,ef_topk,ef_k01,3800,83800,1800,3
1560,1.114301522,1.073264203,1.235083945,0.5728,0.5728,0.343,152037600,cifar_ef_traffic,cifar_cnn,nearest-traffic,ef_topk,ef_k01,3800,83800,1800,3
1620,1.104997386,1.063537646,1.238830899,0.5709,0.5709,0.353,157885200,cifar_ef_traffic,cifar_cnn,nearest-traffic,ef_topk,ef_k01,3800,83800,1800,3
1680,1.099045551,1.05721814,1.230053159,0.5723,0.5723,0.392,163732800,cifar_ef_traffic,cifar_cnn,nearest-traffic,ef_topk,ef_k01,3800,83800,1800,3
1740,1.093235296,1.050844202,1.235781427,0.5681,0.5681,0.394,169580400,cifar_ef_traffic,cifar_cnn,nearest-traffic,ef_topk,ef_k01,3800,83800,1800,3
1800,1.080679904,1.03795528,1.232890729,0.5668,0.5668,0.358,175428000,cifar_ef_traffic,cifar_cnn,nearest-traffic,ef_topk,ef_k01,3800,83800,1800,3
1,2.541144614,2.507562109,2.511328241,0.09,0.09,0,97460,cifar_ef_traffic,cifar_cnn,nearest-traffic,ef_topk,ef_k01,3900,83900,1800,4
60,1.869454242,1.836231128,1.840038715,0.3466,0.3466,0.174,5847600,cifar_ef_traffic,cifar_cnn,nearest-traffic,ef_topk,ef_k01,3900,83900,1800,4
120,1.652886253,1.61971051,1.631382663,0.4109,0.4109,0.216,11695200,cifar_ef_traffic,cifar_cnn,nearest-traffic,ef_topk,ef_k01,3900,83900,1800,4
180,1.553491546,1.520264087,1.537314734,0.444,0.444,0.225,17542800,cifar_ef_traffic,cifar_cnn,nearest-traffic,ef_topk,ef_k01,3900,83900,1800,4
240,1.483149202,1.449738977,1.481194171,0.463,0.463,0.242,23390400,cifar_ef_traffic,cifar_cnn,nearest-traffic,ef_topk,ef_k01,3900,83900,1800,4
300,1.441883232,1.408221741,1.445016486,0.4791,0.4791,0.292,29238000,cifar_ef_traffic,cifar_cnn,nearest-traffic,ef_topk,ef_k01,3900,83900,1800,4
360,1.411955257,1.377991687,1.419004706,0.4892,0.4892,0.302,35085600,cifar_ef_traffic,cifar_cnn,nearest-traffic,ef_topk,ef_k01,3900,83900,1800,4
420,1.374380923,1.340181506,1.393246756,0.4936,0.4936,0.338,40933200,cifar_ef_traffic,cifar_cnn,nearest-traffic,ef_topk,ef_k01,3900,83900,1800,4
480,1.344353571,1.309784265,1.371953439,0.5049,0.5049,0.374,46780800,cifar_ef_traffic,cifar_cnn,nearest-traffic,ef_topk,ef_k01,3900,83900,1800,4
540,1.331051586,1.296114197,1.359181042,0.507,0.507,0.335,52628400,cifar_ef_traffic,cifar_cnn,nearest-traffic,ef_topk,ef_k01,3900,83900,1800,4
600,1.301044587,1.265769604,1.337823535,0.5181,0.5181,0.293,58476000,cifar_ef_traffic,cifar_cnn,nearest-traffic,ef_topk,ef_k01,3900,83900,1800,4
660,1.282805396,1.247267798,1.327222754,0.5237,0.5237,0.345,64323600,cifar_ef_traffic,cifar_cnn,nearest-traffic,ef_topk,ef_k01,3900,83900,1800,4
720,1.265387923,1.229566779,1.315599152,0.5242,0.5242,0.333,70171200,cifar_ef_traffic,cifar_cnn,nearest-traffic,ef_topk,ef_k01,3900,83900,1800,4
780,1.250520313,1.214364319,1.309235632,0.528,0.528,0.312,76018800,cifar_ef_traffic,cifar_cnn,nearest-traffic,ef_topk,ef_k01,3900,83900,1800,4
840,1.23781644,1.201359607,1.299545007,0.5356,0.5356,0.368,81866400,cifar_ef_traffic,cifar_cnn,nearest-traffic,ef_topk,ef_k01,3900,83900,1800,4
900,1.225841524,1.189108911,1.291511285,0.535,0.535,0.304,87714000,cifar_ef_traffic,cifar_cnn,nearest-traffic,ef_topk,ef_k01,3900,83900,1800,4
960,1.21175145,1.174579468,1.28562919,0.542,0.542,0.37,93561600,cifar_ef_traffic,cifar_cnn,nearest-traffic,ef_topk,ef_k01,3900,83900,1800,4
1020,1.198929923,1.161411487,1.278709702,0.5433,0.5433,0.324,99409200,cifar_ef_traffic,cifar_cnn,nearest-traffic,ef_topk,ef_k01,3900,83900,1800,4
1080,1.189673633,1.15182027,1.276856165,0.5476,0.5476,0.361,105256800,cifar_ef_traffic,cifar_cnn,nearest-traffic,ef_topk,ef_k01,3900,83900,1800,4
1140,1.179854832,1.141658447,1.277450369,0.5452,0.5452,0.358,111104400,cifar_ef_traffic,cifar_cnn,nearest-traffic,ef_topk,ef_k01,3900,83900,1800,4
1200,1.171634821,1.132969702,1.270790164,0.5474,0.5474,0.372,116952000,cifar_ef_traffic,cifar_cnn,nearest-traffic,ef_topk,ef_k01,3900,83900,1800,4
1260,1.158380563,1.119447522,1.263782956,0.5544,0.5544,0.368,122799600,cifar_ef_traffic,cifar_cnn,nearest-traffic,ef_topk,ef_k01,3900,83900,1800,4
1320,1.148027162,1.10871084,1.265080261,0.5519,0.5519,0.354,128647200,cifar_ef_traffic,cifar_cnn,nearest-traffic,ef_topk,ef_k01,3900,83900,1800,4
1380,1.138710053,1.099048291,1.261593353,0.5529,0.5529,0.371,134494800,cifar_ef_traffic,cifar_cnn,nearest-traffic,ef_topk,ef_k01,3900,83900,1800,4
1440,1.126601739,1.086460767,1.26197326,0.5523,0.5523,0.33,140342400,cifar_ef_traffic,cifar_cnn,nearest-traffic,ef_topk,ef_k01,3900,83900,1800,4
1500,1.125947743,1.085309064,1.261093005,0.5575,0.5575,0.405,146190000,cifar_ef_traffic,cifar_cnn,nearest-traffic,ef_topk,ef_k01,3900,83900,1800,4
1560,1.120032104,1.07905069,1.259489807,0.5568,0.5568,0.357,152037600,cifar_ef_traffic,cifar_cnn,nearest-traffic,ef_topk,ef_k01,3900,83900,1800,4
1620,1.110528589,1.069186365,1.255882806,0.5558,0.5558,0.356,157885200,cifar_ef_traffic,cifar_cnn,nearest-traffic,ef_topk,ef_k01,3900,83900,1800,4
1680,1.096800656,1.055026654,1.252403836,0.5611,0.5611,0.391,163732800,cifar_ef_traffic,cifar_cnn,nearest-traffic,ef_topk,ef_k01,3900,83900,1800,4
1740,1.095419588,1.053201532,1.256912781,0.5592,0.5592,0.363,169580400,cifar_ef_traffic,cifar_cnn,nearest-traffic,ef_topk,ef_k01,3900,83900,1800,4
1800,1.092158642,1.049486298,1.256889124,0.5587,0.5587,0.313,175428000,cifar_ef_traffic,cifar_cnn,nearest-traffic,ef_topk,ef_k01,3900,83900,1800,4
1,2.531505633,2.497929907,2.506299414,0.0871,0.0871,0,97460,cifar_ef_traffic,cifar_cnn,nearest-traffic,ef_topk,ef_k01,4000,84000,1800,5
60,1.8622052,1.829036865,1.818722095,0.3564,0.3564,0.184,5847600,cifar_ef_traffic,cifar_cnn,nearest-traffic,ef_topk,ef_k01,4000,84000,1800,5
120,1.664336351,1.63116134,1.621407266,0.4171,0.4171,0.219,11695200,cifar_ef_traffic,cifar_cnn,nearest-traffic,ef_topk,ef_k01,4000,84000,1800,5
180,1.566759785,1.533506604,1.529892157,0.4457,0.4457,0.246,17542800,cifar_ef_traffic,cifar_cnn,nearest-traffic,ef_topk,ef_k01,4000,84000,1800,5
240,1.515421338,1.482028088,1.483962079,0.4643,0.4643,0.269,23390400,cifar_ef_traffic,cifar_cnn,nearest-traffic,ef_topk,ef_k01,4000,84000,1800,5
300,1.450948997,1.417243164,1.438721164,0.4792,0.4792,0.311,29238000,cifar_ef_traffic,cifar_cnn,nearest-traffic,ef_topk,ef_k01,4000,84000,1800,5
360,1.409512302,1.375620105,1.401750571,0.4935,0.4935,0.346,35085600,cifar_ef_traffic,cifar_cnn,nearest-traffic,ef_topk,ef_k01,4000,84000,1800,5
420,1.373752157,1.33956521,1.374815869,0.508,0.508,0.294,40933200,cifar_ef_traffic,cifar_cnn,nearest-traffic,ef_topk,ef_k01,4000,84000,1800,5
480,1.340081705,1.30542655,1.349445261,0.5199,0.5199,0.365,46780800,cifar_ef_traffic,cifar_cnn,nearest-traffic,ef_topk,ef_k01,4000,84000,1800,5
540,1.317354623,1.282428369,1.332306165,0.5253,0.5253,0.34,52628400,cifar_ef_traffic,cifar_cnn,nearest-traffic,ef_topk,ef_k01,4000,84000,1800,5
600,1.289462904,1.254196814,1.313708438,0.5299,0.5299,0.334,58476000,cifar_ef_traffic,cifar_cnn,nearest-traffic,ef_topk,ef_k01,4000,84000,1800,5
660,1.272473028,1.237022546,1.301689453,0.5339,0.5339,0.348,64323600,cifar_ef_traffic,cifar_cnn,nearest-traffic,ef_topk,ef_k01,4000,84000,1800,5
720,1.246388383,1.210576215,1.286278955,0.5434,0.5434,0.346,70171200,cifar_ef_traffic,cifar_cnn,nearest-traffic,ef_topk,ef_k01,4000,84000,1800,5
780,1.22611468,1.190044409,1.271151004,0.5481,0.5481,0.349,76018800,cifar_ef_traffic,cifar_cnn,nearest-traffic,ef_topk,ef_k01,4000,84000,1800,5
840,1.215975723,1.179672565,1.264880627,0.5518,0.5518,0.337,81866400,cifar_ef_traffic,cifar_cnn,nearest-traffic,ef_topk,ef_k01,4000,84000,1800,5
900,1.204287554,1.167591681,1.257022229,0.5523,0.5523,0.362,87714000,cifar_ef_traffic,cifar_cnn,nearest-traffic,ef_topk,ef_k01,4000,84000,1800,5
960,1.201193706,1.164202411,1.251907037,0.554,0.554,0.361,93561600,cifar_ef_traffic,cifar_cnn,nearest-traffic,ef_topk,ef_k01,4000,84000,1800,5
1020,1.179310409,1.141954883,1.240854456,0.554,0.554,0.322,99409200,cifar_ef_traffic,cifar_cnn,nearest-traffic,ef_topk,ef_k01,4000,84000,1800,5
1080,1.173090136,1.135373969,1.235091895,0.5594,0.5594,0.356,105256800,cifar_ef_traffic,cifar_cnn,nearest-traffic,ef_topk,ef_k01,4000,84000,1800,5
1140,1.157314494,1.119320258,1.232162033,0.5604,0.5604,0.379,111104400,cifar_ef_traffic,cifar_cnn,nearest-traffic,ef_topk,ef_k01,4000,84000,1800,5
1200,1.148829756,1.110500067,1.229274283,0.5621,0.5621,0.361,116952000,cifar_ef_traffic,cifar_cnn,nearest-traffic,ef_topk,ef_k01,4000,84000,1800,5
1260,1.144261606,1.105556085,1.222401984,0.5631,0.5631,0.409,122799600,cifar_ef_traffic,cifar_cnn,nearest-traffic,ef_topk,ef_k01,4000,84000,1800,5
1320,1.138143798,1.099066089,1.221600391,0.5651,0.5651,0.384,128647200,cifar_ef_traffic,cifar_cnn,nearest-traffic,ef_topk,ef_k01,4000,84000,1800,5
1380,1.122656533,1.083132031,1.216570795,0.5717,0.5717,0.435,134494800,cifar_ef_traffic,cifar_cnn,nearest-traffic,ef_topk,ef_k01,4000,84000,1800,5
1440,1.117993562,1.07813786,1.217923026,0.5699,0.5699,0.399,140342400,cifar_ef_traffic,cifar_cnn,nearest-traffic,ef_topk,ef_k01,4000,84000,1800,5
1500,1.107277178,1.06705332,1.206293845,0.575,0.575,0.436,146190000,cifar_ef_traffic,cifar_cnn,nearest-traffic,ef_topk,ef_k01,4000,84000,1800,5
1560,1.105964628,1.065250696,1.213373358,0.5691,0.5691,0.336,152037600,cifar_ef_traffic,cifar_cnn,nearest-traffic,ef_topk,ef_k01,4000,84000,1800,5
1620,1.101110792,1.060019464,1.211244638,0.5742,0.5742,0.347,157885200,cifar_ef_traffic,cifar_cnn,nearest-traffic,ef_topk,ef_k01,4000,84000,1800,5
1680,1.093849955,1.052404395,1.210775452,0.5747,0.5747,0.416,163732800,cifar_ef_traffic,cifar_cnn,nearest-traffic,ef_topk,ef_k01,4000,84000,1800,5
1740,1.093013455,1.051180798,1.213662354,0.5734,0.5734,0.391,169580400,cifar_ef_traffic,cifar_cnn,nearest-traffic,ef_topk,ef_k01,4000,84000,1800,5
1800,1.086264333,1.043941614,1.206563809,0.5738,0.5738,0.356,175428000,cifar_ef_traffic,cifar_cnn,nearest-traffic,ef_topk,ef_k01,4000,84000,1800,5
1,2.526011139,2.492420044,2.511793884,0.0892,0.0892,0,97460,cifar_ef_traffic,cifar_cnn,nearest-traffic,ef_topk,ef_k01,4100,84100,1800,6
60,1.867756904,1.834582874,1.843880029,0.3423,0.3423,0.137,5847600,cifar_ef_traffic,cifar_cnn,nearest-traffic,ef_topk,ef_k01,4100,84100,1800,6
120,1.662176722,1.628965002,1.63410871,0.4088,0.4088,0.224,11695200,cifar_ef_traffic,cifar_cnn,nearest-traffic,ef_topk,ef_k01,4100,84100,1800,6
180,1.565498766,1.532251685,1.540799155,0.4437,0.4437,0.234,17542800,cifar_ef_traffic,cifar_cnn,nearest-traffic,ef_topk,ef_k01,4100,84100,1800,6
240,1.499607541,1.466172742,1.483827676,0.4639,0.4639,0.321,23390400,cifar_ef_traffic,cifar_cnn,nearest-traffic,ef_topk,ef_k01,4100,84100,1800,6
300,1.455732613,1.422051099,1.449569031,0.4741,0.4741,0.216,29238000,cifar_ef_traffic,cifar_cnn,nearest-traffic,ef_topk,ef_k01,4100,84100,1800,6
360,1.418562605,1.384630579,1.417873694,0.4883,0.4883,0.311,35085600,cifar_ef_traffic,cifar_cnn,nearest-traffic,ef_topk,ef_k01,4100,84100,1800,6
420,1.387718137,1.353542078,1.393706503,0.4918,0.4918,0.292,40933200,cifar_ef_traffic,cifar_cnn,nearest-traffic,ef_topk,ef_k01,4100,84100,1800,6
480,1.36004398,1.325571472,1.370274393,0.5077,0.5077,0.324,46780800,cifar_ef_traffic,cifar_cnn,nearest-traffic,ef_topk,ef_k01,4100,84100,1800,6
540,1.343790015,1.30906803,1.35922626,0.5093,0.5093,0.318,52628400,cifar_ef_traffic,cifar_cnn,nearest-traffic,ef_topk,ef_k01,4100,84100,1800,6
600,1.324006508,1.289021301,1.341538861,0.517,0.517,0.324,58476000,cifar_ef_traffic,cifar_cnn,nearest-traffic,ef_topk,ef_k01,4100,84100,1800,6
660,1.308772269,1.27344939,1.333283246,0.5214,0.5214,0.359,64323600,cifar_ef_traffic,cifar_cnn,nearest-traffic,ef_topk,ef_k01,4100,84100,1800,6
720,1.289610257,1.253921674,1.317622235,0.5295,0.5295,0.394,70171200,cifar_ef_traffic,cifar_cnn,nearest-traffic,ef_topk,ef_k01,4100,84100,1800,6
780,1.273632313,1.237559143,1.311298691,0.5314,0.5314,0.345,76018800,cifar_ef_traffic,cifar_cnn,nearest-traffic,ef_topk,ef_k01,4100,84100,1800,6
840,1.259023399,1.222599792,1.303186523,0.5315,0.5315,0.352,81866400,cifar_ef_traffic,cifar_cnn,nearest-traffic,ef_topk,ef_k01,4100,84100,1800,6
900,1.250208453,1.213477161,1.290779749,0.5425,0.5425,0.348,87714000,cifar_ef_traffic,cifar_cnn,nearest-traffic,ef_topk,ef_k01,4100,84100,1800,6
960,1.234721043,1.197679749,1.286419229,0.5459,0.5459,0.319,93561600,cifar_ef_traffic,cifar_cnn,nearest-traffic,ef_topk,ef_k01,4100,84100,1800,6
1020,1.220203514,1.182726868,1.281149036,0.5473,0.5473,0.363,99409200,cifar_ef_traffic,cifar_cnn,nearest-traffic,ef_topk,ef_k01,4100,84100,1800,6
1080,1.21533018,1.177590625,1.27674787,0.5498,0.5498,0.364,105256800,cifar_ef_traffic,cifar_cnn,nearest-traffic,ef_topk,ef_k01,4100,84100,1800,6
1140,1.205726786,1.167553198,1.27480787,0.5492,0.5492,0.346,111104400,cifar_ef_traffic,cifar_cnn,nearest-traffic,ef_topk,ef_k01,4100,84100,1800,6
1200,1.19407597,1.155507611,1.27338512,0.5532,0.5532,0.37,116952000,cifar_ef_traffic,cifar_cnn,nearest-traffic,ef_topk,ef_k01,4100,84100,1800,6
1260,1.18461506,1.145700146,1.263393237,0.5547,0.5547,0.382,122799600,cifar_ef_traffic,cifar_cnn,nearest-traffic,ef_topk,ef_k01,4100,84100,1800,6
1320,1.18074174,1.141519446,1.267560217,0.5522,0.5522,0.312,128647200,cifar_ef_traffic,cifar_cnn,nearest-traffic,ef_topk,ef_k01,4100,84100,1800,6
1380,1.168005669,1.128365216,1.257812729,0.5575,0.5575,0.367,134494800,cifar_ef_traffic,cifar_cnn,nearest-traffic,ef_topk,ef_k01,4100,84100,1800,6
1440,1.161446516,1.121470862,1.255999304,0.5602,0.5602,0.35,140342400,cifar_ef_traffic,cifar_cnn,nearest-traffic,ef_topk,ef_k01,4100,84100,1800,6
1500,1.153086301,1.112648114,1.256512466,0.5609,0.5609,0.396,146190000,cifar_ef_traffic,cifar_cnn,nearest-traffic,ef_topk,ef_k01,4100,84100,1800,6
1560,1.148867545,1.108108936,1.256333417,0.5596,0.5596,0.365,152037600,cifar_ef_traffic,cifar_cnn,nearest-traffic,ef_topk,ef_k01,4100,84100,1800,6
1620,1.136793582,1.095637012,1.252889371,0.5593,0.5593,0.396,157885200,cifar_ef_traffic,cifar_cnn,nearest-traffic,ef_topk,ef_k01,4100,84100,1800,6
1680,1.133561322,1.092058545,1.259296786,0.5616,0.5616,0.365,163732800,cifar_ef_traffic,cifar_cnn,nearest-traffic,ef_topk,ef_k01,4100,84100,1800,6
1740,1.12894211,1.086907965,1.258493866,0.5594,0.5594,0.342,169580400,cifar_ef_traffic,cifar_cnn,nearest-traffic,ef_topk,ef_k01,4100,84100,1800,6
1800,1.116683534,1.07436123,1.259184674,0.5534,0.5534,0.377,175428000,cifar_ef_traffic,cifar_cnn,nearest-traffic,ef_topk,ef_k01,4100,84100,1800,6
1,2.517434744,2.483854102,2.512794159,0.086,0.086,0,97460,cifar_ef_traffic,cifar_cnn,nearest-traffic,ef_topk,ef_k01,4200,84200,1800,7
60,1.870834971,1.837686804,1.846162473,0.3458,0.3458,0.133,5847600,cifar_ef_traffic,cifar_cnn,nearest-traffic,ef_topk,ef_k01,4200,84200,1800,7
120,1.658783469,1.625595984,1.636240918,0.4179,0.4179,0.25,11695200,cifar_ef_traffic,cifar_cnn,nearest-traffic,ef_topk,ef_k01,4200,84200,1800,7
180,1.539381616,1.506125024,1.532712177,0.4488,0.4488,0.224,17542800,cifar_ef_traffic,cifar_cnn,nearest-traffic,ef_topk,ef_k01,4200,84200,1800,7
240,1.478407732,1.444965918,1.476495416,0.4666,0.4666,0.256,23390400,cifar_ef_traffic,cifar_cnn,nearest-traffic,ef_topk,ef_k01,4200,84200,1800,7
300,1.430754429,1.396995483,1.437982941,0.4797,0.4797,0.273,29238000,cifar_ef_traffic,cifar_cnn,nearest-traffic,ef_topk,ef_k01,4200,84200,1800,7
360,1.401410144,1.367365894,1.414485022,0.4941,0.4941,0.291,35085600,cifar_ef_traffic,cifar_cnn,nearest-traffic,ef_topk,ef_k01,4200,84200,1800,7
420,1.364185135,1.329849854,1.383693503,0.5018,0.5018,0.345,40933200,cifar_ef_traffic,cifar_cnn,nearest-traffic,ef_topk,ef_k01,4200,84200,1800,7
480,1.339339265,1.304703394,1.36365141,0.5093,0.5093,0.312,46780800,cifar_ef_traffic,cifar_cnn,nearest-traffic,ef_topk,ef_k01,4200,84200,1800,7
540,1.315021683,1.280065308,1.348501495,0.5206,0.5206,0.308,52628400,cifar_ef_traffic,cifar_cnn,nearest-traffic,ef_topk,ef_k01,4200,84200,1800,7
600,1.29436552,1.259035828,1.331665717,0.5289,0.5289,0.38,58476000,cifar_ef_traffic,cifar_cnn,nearest-traffic,ef_topk,ef_k01,4200,84200,1800,7
660,1.279129927,1.243400671,1.323648639,0.5325,0.5325,0.309,64323600,cifar_ef_traffic,cifar_cnn,nearest-traffic,ef_topk,ef_k01,4200,84200,1800,7
720,1.25338095,1.217395313,1.302964935,0.5401,0.5401,0.344,70171200,cifar_ef_traffic,cifar_cnn,nearest-traffic,ef_topk,ef_k01,4200,84200,1800,7
780,1.235710661,1.199392187,1.292188007,0.5413,0.5413,0.375,76018800,cifar_ef_traffic,cifar_cnn,nearest-traffic,ef_topk,ef_k01,4200,84200,1800,7
840,1.216759373,1.180126465,1.284001154,0.5441,0.5441,0.402,81866400,cifar_ef_traffic,cifar_cnn,nearest-traffic,ef_topk,ef_k01,4200,84200,1800,7
900,1.20412336,1.167161053,1.274158533,0.5466,0.5466,0.351,87714000,cifar_ef_traffic,cifar_cnn,nearest-traffic,ef_topk,ef_k01,4200,84200,1800,7
960,1.192737601,1.155403418,1.266448505,0.5513,0.5513,0.33,93561600,cifar_ef_traffic,cifar_cnn,nearest-traffic,ef_topk,ef_k01,4200,84200,1800,7
1020,1.17602656,1.138293066,1.255849808,0.5578,0.5578,0.344,99409200,cifar_ef_traffic,cifar_cnn,nearest-traffic,ef_topk,ef_k01,4200,84200,1800,7
1080,1.161678875,1.123496887,1.250223242,0.563,0.563,0.381,105256800,cifar_ef_traffic,cifar_cnn,nearest-traffic,ef_topk,ef_k01,4200,84200,1800,7
1140,1.155939397,1.11745918,1.243765192,0.5634,0.5634,0.362,111104400,cifar_ef_traffic,cifar_cnn,nearest-traffic,ef_topk,ef_k01,4200,84200,1800,7
1200,1.148283152,1.109512152,1.236334332,0.5637,0.5637,0.347,116952000,cifar_ef_traffic,cifar_cnn,nearest-traffic,ef_topk,ef_k01,4200,84200,1800,7
1260,1.137963001,1.098853485,1.233422061,0.565,0.565,0.401,122799600,cifar_ef_traffic,cifar_cnn,nearest-traffic,ef_topk,ef_k01,4200,84200,1800,7
1320,1.121567658,1.081903516,1.2250595,0.5663,0.5663,0.399,128647200,cifar_ef_traffic,cifar_cnn,nearest-traffic,ef_topk,ef_k01,4200,84200,1800,7
1380,1.11261068,1.072505475,1.221330493,0.5702,0.5702,0.385,134494800,cifar_ef_traffic,cifar_cnn,nearest-traffic,ef_topk,ef_k01,4200,84200,1800,7
1440,1.106119373,1.065555237,1.223498779,0.5721,0.5721,0.389,140342400,cifar_ef_traffic,cifar_cnn,nearest-traffic,ef_topk,ef_k01,4200,84200,1800,7
1500,1.094830811,1.053876038,1.2230189,0.569,0.569,0.43,146190000,cifar_ef_traffic,cifar_cnn,nearest-traffic,ef_topk,ef_k01,4200,84200,1800,7
1560,1.092698839,1.051250177,1.223158713,0.572,0.572,0.424,152037600,cifar_ef_traffic,cifar_cnn,nearest-traffic,ef_topk,ef_k01,4200,84200,1800,7
1620,1.087285065,1.045347076,1.221783624,0.5724,0.5724,0.376,157885200,cifar_ef_traffic,cifar_cnn,nearest-traffic,ef_topk,ef_k01,4200,84200,1800,7
1680,1.079907679,1.037512244,1.217303162,0.5721,0.5721,0.363,163732800,cifar_ef_traffic,cifar_cnn,nearest-traffic,ef_topk,ef_k01,4200,84200,1800,7
1740,1.071418585,1.028630316,1.213936633,0.575,0.575,0.372,169580400,cifar_ef_traffic,cifar_cnn,nearest-traffic,ef_topk,ef_k01,4200,84200,1800,7
1800,1.058599622,1.015427197,1.20994321,0.5765,0.5765,0.373,175428000,cifar_ef_traffic,cifar_cnn,nearest-traffic,ef_topk,ef_k01,4200,84200,1800,7
1,2.537007653,2.503425366,2.507575641,0.0902,0.0902,0,97460,cifar_ef_traffic,cifar_cnn,nearest-traffic,ef_topk,ef_k01,4300,84300,1800,8
60,1.871999118,1.838794116,1.828909802,0.3525,0.3525,0.135,5847600,cifar_ef_traffic,cifar_cnn,nearest-traffic,ef_topk,ef_k01,4300,84300,1800,8
120,1.663971939,1.630808472,1.628763391,0.4115,0.4115,0.209,11695200,cifar_ef_traffic,cifar_cnn,nearest-traffic,ef_topk,ef_k01,4300,84300,1800,8
180,1.560618375,1.527387769,1.540487637,0.4413,0.4413,0.262,17542800,cifar_ef_traffic,cifar_cnn,nearest-traffic,ef_topk,ef_k01,4300,84300,1800,8
240,1.498885419,1.465551111,1.486393195,0.4611,0.4611,0.291,23390400,cifar_ef_traffic,cifar_cnn,nearest-traffic,ef_topk,ef_k01,4300,84300,1800,8
300,1.453523922,1.419814026,1.449035385,0.4748,0.4748,0.256,29238000,cifar_ef_traffic,cifar_cnn,nearest-traffic,ef_topk,ef_k01,4300,84300,1800,8
360,1.412878799,1.378818848,1.415690762,0.4876,0.4876,0.249,35085600,cifar_ef_traffic,cifar_cnn,nearest-traffic,ef_topk,ef_k01,4300,84300,1800,8
420,1.376927573,1.342622351,1.385385547,0.5044,0.5044,0.351,40933200,cifar_ef_traffic,cifar_cnn,nearest-traffic,ef_topk,ef_k01,4300,84300,1800,8
480,1.347251427,1.312600647,1.363678326,0.5133,0.5133,0.35,46780800,cifar_ef_traffic,cifar_cnn,nearest-traffic,ef_topk,ef_k01,4300,84300,1800,8
540,1.324861422,1.289938452,1.343161243,0.52,0.52,0.311,52628400,cifar_ef_traffic,cifar_cnn,nearest-traffic,ef_topk,ef_k01,4300,84300,1800,8
600,1.299995284,1.26470603,1.321678027,0.5297,0.5297,0.372,58476000,cifar_ef_traffic,cifar_cnn,nearest-traffic,ef_topk,ef_k01,4300,84300,1800,8
660,1.275745217,1.24016322,1.309710229,0.5386,0.5386,0.336,64323600,cifar_ef_traffic,cifar_cnn,nearest-traffic,ef_topk,ef_k01,4300,84300,1800,8
720,1.266759846,1.230882904,1.297086096,0.5398,0.5398,0.349,70171200,cifar_ef_traffic,cifar_cnn,nearest-traffic,ef_topk,ef_k01,4300,84300,1800,8
780,1.242019029,1.205762292,1.283699915,0.5464,0.5464,0.344,76018800,cifar_ef_traffic,cifar_cnn,nearest-traffic,ef_topk,ef_k01,4300,84300,1800,8
840,1.232518515,1.195974524,1.27335311,0.5485,0.5485,0.364,81866400,cifar_ef_traffic,cifar_cnn,nearest-traffic,ef_topk,ef_k01,4300,84300,1800,8
900,1.221062396,1.184292377,1.266083273,0.5527,0.5527,0.336,87714000,cifar_ef_traffic,cifar_cnn,nearest-traffic,ef_topk,ef_k01,4300,84300,1800,8
960,1.205119273,1.167959949,1.26170376,0.5563,0.5563,0.299,93561600,cifar_ef_traffic,cifar_cnn,nearest-traffic,ef_topk,ef_k01,4300,84300,1800,8
1020,1.190936745,1.153443024,1.256656924,0.5593,0.5593,0.386,99409200,cifar_ef_traffic,cifar_cnn,nearest-traffic,ef_topk,ef_k01,4300,84300,1800,8
1080,1.180338682,1.142485742,1.246285144,0.5576,0.5576,0.387,105256800,cifar_ef_traffic,cifar_cnn,nearest-traffic,ef_topk,ef_k01,4300,84300,1800,8
1140,1.164328207,1.126099512,1.245217529,0.5601,0.5601,0.392,111104400,cifar_ef_traffic,cifar_cnn,nearest-traffic,ef_topk,ef_k01,4300,84300,1800,8
1200,1.157082655,1.118396997,1.243974887,0.5625,0.5625,0.338,116952000,cifar_ef_traffic,cifar_cnn,nearest-traffic,ef_topk,ef_k01,4300,84300,1800,8
1260,1.149567761,1.110490186,1.240830496,0.5665,0.5665,0.371,122799600,cifar_ef_traffic,cifar_cnn,nearest-traffic,ef_topk,ef_k01,4300,84300,1800,8
1320,1.137468031,1.097983496,1.239242404,0.563,0.563,0.339,128647200,cifar_ef_traffic,cifar_cnn,nearest-traffic,ef_topk,ef_k01,4300,84300,1800,8
1380,1.130978278,1.091073767,1.23988656,0.5679,0.5679,0.386,134494800,cifar_ef_traffic,cifar_cnn,nearest-traffic,ef_topk,ef_k01,4300,84300,1800,8
1440,1.115404021,1.074987921,1.23148902,0.5652,0.5652,0.385,140342400,cifar_ef_traffic,cifar_cnn,nearest-traffic,ef_topk,ef_k01,4300,84300,1800,8
1500,1.109215107,1.068372498,1.231758459,0.5655,0.5655,0.323,146190000,cifar_ef_traffic,cifar_cnn,nearest-traffic,ef_topk,ef_k01,4300,84300,1800,8
1560,1.107998284,1.066750165,1.232279413,0.566,0.566,0.357,152037600,cifar_ef_traffic,cifar_cnn,nearest-traffic,ef_topk,ef_k01,4300,84300,1800,8
1620,1.089874114,1.04818761,1.225939502,0.5704,0.5704,0.384,157885200,cifar_ef_traffic,cifar_cnn,nearest-traffic,ef_topk,ef_k01,4300,84300,1800,8
1680,1.087117513,1.044925702,1.229206805,0.568,0.568,0.393,163732800,cifar_ef_traffic,cifar_cnn,nearest-traffic,ef_topk,ef_k01,4300,84300,1800,8
1740,1.078184967,1.035607422,1.229079794,0.5674,0.5674,0.396,169580400,cifar_ef_traffic,cifar_cnn,nearest-traffic,ef_topk,ef_k01,4300,84300,1800,8
1800,1.077628573,1.034625403,1.236643231,0.5675,0.5675,0.392,175428000,cifar_ef_traffic,cifar_cnn,nearest-traffic,ef_topk,ef_k01,4300,84300,1800,8
1,2.532740913,2.499170654,2.498230786,0.0865,0.0865,0,97460,cifar_ef_traffic,cifar_cnn,nearest-traffic,ef_topk,ef_k01,4400,84400,1800,9
60,1.871805276,1.838649854,1.84131991,0.3466,0.3466,0.12,5847600,cifar_ef_traffic,cifar_cnn,nearest-traffic,ef_topk,ef_k01,4400,84400,1800,9
120,1.66227515,1.62919751,1.641748578,0.4135,0.4135,0.25,11695200,cifar_ef_traffic,cifar_cnn,nearest-traffic,ef_topk,ef_k01,4400,84400,1800,9
180,1.549805194,1.516636218,1.539026611,0.4435,0.4435,0.239,17542800,cifar_ef_traffic,cifar_cnn,nearest-traffic,ef_topk,ef_k01,4400,84400,1800,9
240,1.485943784,1.452510815,1.481990851,0.4674,0.4674,0.239,23390400,cifar_ef_traffic,cifar_cnn,nearest-traffic,ef_topk,ef_k01,4400,84400,1800,9
300,1.432694365,1.399073279,1.439825922,0.483,0.483,0.283,29238000,cifar_ef_traffic,cifar_cnn,nearest-traffic,ef_topk,ef_k01,4400,84400,1800,9
360,1.390429922,1.356514868,1.40400188,0.4928,0.4928,0.31,35085600,cifar_ef_traffic,cifar_cnn,nearest-traffic,ef_topk,ef_k01,4400,84400,1800,9
420,1.366383134,1.332063806,1.382152103,0.4997,0.4997,0.312,40933200,cifar_ef_traffic,cifar_cnn,nearest-traffic,ef_topk,ef_k01,4400,84400,1800,9
480,1.341228809,1.306655151,1.366816635,0.5075,0.5075,0.252,46780800,cifar_ef_traffic,cifar_cnn,nearest-traffic,ef_topk,ef_k01,4400,84400,1800,9
540,1.313612748,1.278688611,1.343595428,0.5199,0.5199,0.347,52628400,cifar_ef_traffic,cifar_cnn,nearest-traffic,ef_topk,ef_k01,4400,84400,1800,9
600,1.29574982,1.260450641,1.330686356,0.5263,0.5263,0.372,58476000,cifar_ef_traffic,cifar_cnn,nearest-traffic,ef_topk,ef_k01,4400,84400,1800,9
660,1.278079536,1.242585388,1.317954312,0.5296,0.5296,0.321,64323600,cifar_ef_traffic,cifar_cnn,nearest-traffic,ef_topk,ef_k01,4400,84400,1800,9
720,1.263776912,1.227941302,1.306259039,0.5362,0.5362,0.314,70171200,cifar_ef_traffic,cifar_cnn,nearest-traffic,ef_topk,ef_k01,4400,84400,1800,9
780,1.242958544,1.206869055,1.297666772,0.54,0.54,0.351,76018800,cifar_ef_traffic,cifar_cnn,nearest-traffic,ef_topk,ef_k01,4400,84400,1800,9
840,1.231279999,1.194787537,1.285952521,0.5415,0.5415,0.375,81866400,cifar_ef_traffic,cifar_cnn,nearest-traffic,ef_topk,ef_k01,4400,84400,1800,9
900,1.223951847,1.187119202,1.285183154,0.5439,0.5439,0.261,87714000,cifar_ef_traffic,cifar_cnn,nearest-traffic,ef_topk,ef_k01,4400,84400,1800,9
960,1.202107964,1.164938385,1.276388007,0.5462,0.5462,0.395,93561600,cifar_ef_traffic,cifar_cnn,nearest-traffic,ef_topk,ef_k01,4400,84400,1800,9
1020,1.187823798,1.150307379,1.268013113,0.5499,0.5499,0.335,99409200,cifar_ef_traffic,cifar_cnn,nearest-traffic,ef_topk,ef_k01,4400,84400,1800,9
1080,1.183218926,1.1454026,1.260849112,0.551,0.551,0.345,105256800,cifar_ef_traffic,cifar_cnn,nearest-traffic,ef_topk,ef_k01,4400,84400,1800,9
1140,1.165054972,1.12678855,1.258454779,0.5563,0.5563,0.399,111104400,cifar_ef_traffic,cifar_cnn,nearest-traffic,ef_topk,ef_k01,4400,84400,1800,9
1200,1.159475623,1.120811816,1.257275403,0.557,0.557,0.345,116952000,cifar_ef_traffic,cifar_cnn,nearest-traffic,ef_topk,ef_k01,4400,84400,1800,9
1260,1.147836243,1.108869031,1.252178506,0.5528,0.5528,0.298,122799600,cifar_ef_traffic,cifar_cnn,nearest-traffic,ef_topk,ef_k01,4400,84400,1800,9
1320,1.136818214,1.097495728,1.246559363,0.558,0.558,0.39,128647200,cifar_ef_traffic,cifar_cnn,nearest-traffic,ef_topk,ef_k01,4400,84400,1800,9
1380,1.130084657,1.090394971,1.247027713,0.559,0.559,0.356,134494800,cifar_ef_traffic,cifar_cnn,nearest-traffic,ef_topk,ef_k01,4400,84400,1800,9
1440,1.120698985,1.080622913,1.244528775,0.5613,0.5613,0.357,140342400,cifar_ef_traffic,cifar_cnn,nearest-traffic,ef_topk,ef_k01,4400,84400,1800,9
1500,1.119235329,1.078815521,1.244135321,0.5634,0.5634,0.333,146190000,cifar_ef_traffic,cifar_cnn,nearest-traffic,ef_topk,ef_k01,4400,84400,1800,9
1560,1.111301748,1.070461633,1.244218329,0.5606,0.5606,0.374,152037600,cifar_ef_traffic,cifar_cnn,nearest-traffic,ef_topk,ef_k01,4400,84400,1800,9
1620,1.100830392,1.05959184,1.242172839,0.5608,0.5608,0.364,157885200,cifar_ef_traffic,cifar_cnn,nearest-traffic,ef_topk,ef_k01,4400,84400,1800,9
1680,1.093561745,1.052023938,1.236514691,0.5655,0.5655,0.403,163732800,cifar_ef_traffic,cifar_cnn,nearest-traffic,ef_topk,ef_k01,4400,84400,1800,9
1740,1.08864784,1.046643579,1.24258735,0.5622,0.5622,0.39,169580400,cifar_ef_traffic,cifar_cnn,nearest-traffic,ef_topk,ef_k01,4400,84400,1800,9
1800,1.075608041,1.033124292,1.237348553,0.5641,0.5641,0.326,175428000,cifar_ef_traffic,cifar_cnn,nearest-traffic,ef_topk,ef_k01,4400,84400,1800,9
1,2.418841692,2.38534458,2.391179974,0.1135,0.1135,0.007,61280,cifar_event,cifar_cnn,quality-selected,event,event_t025_q005,3500,83500,1800,0
60,1.576004631,1.541697815,1.560386456,0.4423,0.4423,0.244,9113600,cifar_event,cifar_cnn,quality-selected,event,event_t025_q005,3500,83500,1800,0
120,1.446308532,1.406693958,1.436987903,0.4826,0.4826,0.316,17874272,cifar_event,cifar_cnn,quality-selected,event,event_t025_q005,3500,83500,1800,0
180,1.390832806,1.343458203,1.376756973,0.5084,0.5084,0.282,26488800,cifar_event,cifar_cnn,quality-selected,event,event_t025_q005,3500,83500,1800,0
240,1.335096997,1.278288464,1.336104205,0.5208,0.5208,0.341,35219984,cifar_event,cifar_cnn,quality-selected,event,event_t025_q005,3500,83500,1800,0
300,1.316111349,1.248004462,1.317795413,0.5343,0.5343,0.341,44443232,cifar_event,cifar_cnn,quality-selected,event,event_t025_q005,3500,83500,1800,0
360,1.291643758,1.211501233,1.301310315,0.541,0.541,0.384,53682416,cifar_event,cifar_cnn,quality-selected,event,event_t025_q005,3500,83500,1800,0
420,1.28165929,1.188907214,1.288495105,0.5457,0.5457,0.228,63100096,cifar_event,cifar_cnn,quality-selected,event,event_t025_q005,3500,83500,1800,0
480,1.255894446,1.149913641,1.267198322,0.5476,0.5476,0.315,72802336,cifar_event,cifar_cnn,quality-selected,event,event_t025_q005,3500,83500,1800,0
540,1.256095323,1.136237634,1.269226727,0.552,0.552,0.265,82616528,cifar_event,cifar_cnn,quality-selected,event,event_t025_q005,3500,83500,1800,0
600,1.243325369,1.108681677,1.251067023,0.5596,0.5596,0.33,92444304,cifar_event,cifar_cnn,quality-selected,event,event_t025_q005,3500,83500,1800,0
660,1.248940933,1.099472382,1.260656992,0.556,0.556,0.33,102439952,cifar_event,cifar_cnn,quality-selected,event,event_t025_q005,3500,83500,1800,0
720,1.241437219,1.076682153,1.254783902,0.5599,0.5599,0.389,112343808,cifar_event,cifar_cnn,quality-selected,event,event_t025_q005,3500,83500,1800,0
780,1.251929791,1.071241345,1.261311642,0.5627,0.5627,0.37,122583088,cifar_event,cifar_cnn,quality-selected,event,event_t025_q005,3500,83500,1800,0
840,1.245735519,1.048898254,1.250910114,0.561,0.561,0.326,132876288,cifar_event,cifar_cnn,quality-selected,event,event_t025_q005,3500,83500,1800,0
900,1.264842297,1.051416211,1.264260165,0.5603,0.5603,0.261,143196896,cifar_event,cifar_cnn,quality-selected,event,event_t025_q005,3500,83500,1800,0
960,1.265308435,1.035251001,1.241917093,0.568,0.568,0.393,153554928,cifar_event,cifar_cnn,quality-selected,event,event_t025_q005,3500,83500,1800,0
1020,1.271180807,1.024177466,1.245854926,0.5682,0.5682,0.378,164033184,cifar_event,cifar_cnn,quality-selected,event,event_t025_q005,3500,83500,1800,0
1080,1.27761618,1.01330368,1.243511047,0.57,0.57,0.417,174636064,cifar_event,cifar_cnn,quality-selected,event,event_t025_q005,3500,83500,1800,0
1140,1.290363208,1.00901012,1.248587042,0.5697,0.5697,0.362,185286992,cifar_event,cifar_cnn,quality-selected,event,event_t025_q005,3500,83500,1800,0
1200,1.291219165,0.9928181335,1.249058713,0.572,0.572,0.363,195944544,cifar_event,cifar_cnn,quality-selected,event,event_t025_q005,3500,83500,1800,0
1260,1.312626263,0.9964627808,1.25498201,0.5707,0.5707,0.359,206718096,cifar_event,cifar_cnn,quality-selected,event,event_t025_q005,3500,83500,1800,0
1320,1.330560291,0.9966649658,1.263747299,0.5696,0.5696,0.322,217389200,cifar_event,cifar_cnn,quality-selected,event,event_t025_q005,3500,83500,1800,0
1380,1.327057562,0.9751780457,1.262271637,0.5735,0.5735,0.398,228163936,cifar_event,cifar_cnn,quality-selected,event,event_t025_q005,3500,83500,1800,0
1440,1.337909027,0.9679884644,1.257406555,0.5719,0.5719,0.381,239051520,cifar_event,cifar_cnn,quality-selected,event,event_t025_q005,3500,83500,1800,0
1500,1.343251202,0.9556211365,1.256561322,0.5764,0.5764,0.371,249918928,cifar_event,cifar_cnn,quality-selected,event,event_t025_q005,3500,83500,1800,0
1560,1.359761578,0.9536844604,1.258586963,0.5711,0.5711,0.343,260846448,cifar_event,cifar_cnn,quality-selected,event,event_t025_q005,3500,83500,1800,0
1620,1.377473859,0.9528365906,1.261193549,0.5726,0.5726,0.43,271769264,cifar_event,cifar_cnn,quality-selected,event,event_t025_q005,3500,83500,1800,0
1680,1.399027423,0.956245166,1.276425995,0.5722,0.5722,0.391,282720224,cifar_event,cifar_cnn,quality-selected,event,event_t025_q005,3500,83500,1800,0
1740,1.408361487,0.9474552673,1.276340234,0.5755,0.5755,0.389,293688928,cifar_event,cifar_cnn,quality-selected,event,event_t025_q005,3500,83500,1800,0
1800,1.422446887,0.9428036682,1.2778828,0.5722,0.5722,0.385,304725776,cifar_event,cifar_cnn,quality-selected,event,event_t025_q005,3500,83500,1800,0
1,2.422923608,2.389415735,2.395860248,0.118,0.118,0.011,70880,cifar_event,cifar_cnn,quality-selected,event,event_t025_q005,3600,83600,1800,1
60,1.606032247,1.571637781,1.565207242,0.4379,0.4379,0.132,8993344,cifar_event,cifar_cnn,quality-selected,event,event_t025_q005,3600,83600,1800,1
120,1.459350904,1.419424219,1.428967944,0.4872,0.4872,0.284,17521104,cifar_event,cifar_cnn,quality-selected,event,event_t025_q005,3600,83600,1800,1
180,1.394992522,1.347591406,1.371676175,0.5071,0.5071,0.287,26172496,cifar_event,cifar_cnn,quality-selected,event,event_t025_q005,3600,83600,1800,1
240,1.35321377,1.296329382,1.334752493,0.5228,0.5228,0.279,34979232,cifar_event,cifar_cnn,quality-selected,event,event_t025_q005,3600,83600,1800,1
300,1.31965551,1.251876587,1.305584192,0.5325,0.5325,0.329,44007872,cifar_event,cifar_cnn,quality-selected,event,event_t025_q005,3600,83600,1800,1
360,1.349326413,1.270191785,1.330032077,0.5265,0.5265,0.367,53198288,cifar_event,cifar_cnn,quality-selected,event,event_t025_q005,3600,83600,1800,1
420,1.284293626,1.192930627,1.279615497,0.5386,0.5386,0.331,62533264,cifar_event,cifar_cnn,quality-selected,event,event_t025_q005,3600,83600,1800,1
480,1.266929468,1.162582178,1.273477118,0.5444,0.5444,0.327,71871840,cifar_event,cifar_cnn,quality-selected,event,event_t025_q005,3600,83600,1800,1
540,1.261382768,1.143132196,1.263227771,0.551,0.551,0.405,81423936,cifar_event,cifar_cnn,quality-selected,event,event_t025_q005,3600,83600,1800,1
600,1.253682098,1.120841187,1.256054593,0.5523,0.5523,0.337,91061424,cifar_event,cifar_cnn,quality-selected,event,event_t025_q005,3600,83600,1800,1
660,1.260988327,1.113627991,1.263964194,0.5509,0.5509,0.403,100568992,cifar_event,cifar_cnn,quality-selected,event,event_t025_q005,3600,83600,1800,1
720,1.257315634,1.094799872,1.245150299,0.5565,0.5565,0.282,110353584,cifar_event,cifar_cnn,quality-selected,event,event_t025_q005,3600,83600,1800,1
780,1.258895972,1.081079047,1.245720816,0.5593,0.5593,0.323,120359680,cifar_event,cifar_cnn,quality-selected,event,event_t025_q005,3600,83600,1800,1
840,1.25596221,1.061834174,1.244589389,0.5575,0.5575,0.343,130348048,cifar_event,cifar_cnn,quality-selected,event,event_t025_q005,3600,83600,1800,1
900,1.26158158,1.0512414,1.238108453,0.5659,0.5659,0.384,140558448,cifar_event,cifar_cnn,quality-selected,event,event_t025_q005,3600,83600,1800,1
960,1.269390509,1.042871924,1.236796564,0.5689,0.5689,0.421,150754368,cifar_event,cifar_cnn,quality-selected,event,event_t025_q005,3600,83600,1800,1
1020,1.277208752,1.034392957,1.23622514,0.5673,0.5673,0.285,161044496,cifar_event,cifar_cnn,quality-selected,event,event_t025_q005,3600,83600,1800,1
1080,1.289130084,1.029028308,1.240653674,0.5696,0.5696,0.375,171532288,cifar_event,cifar_cnn,quality-selected,event,event_t025_q005,3600,83600,1800,1
1140,1.281289478,1.00459032,1.233189972,0.5708,0.5708,0.4,181907120,cifar_event,cifar_cnn,quality-selected,event,event_t025_q005,3600,83600,1800,1
1200,1.294236755,1.000196045,1.239071472,0.5702,0.5702,0.341,192483472,cifar_event,cifar_cnn,quality-selected,event,event_t025_q005,3600,83600,1800,1
1260,1.302831488,0.9911189026,1.23930257,0.5704,0.5704,0.354,203116832,cifar_event,cifar_cnn,quality-selected,event,event_t025_q005,3600,83600,1800,1
1320,1.316252802,0.9868541504,1.24724928,0.5732,0.5732,0.411,213783088,cifar_event,cifar_cnn,quality-selected,event,event_t025_q005,3600,83600,1800,1
1380,1.325302844,0.9781410095,1.240294687,0.5716,0.5716,0.441,224550240,cifar_event,cifar_cnn,quality-selected,event,event_t025_q005,3600,83600,1800,1
1440,1.33910069,0.973687207,1.243829211,0.5701,0.5701,0.331,235374752,cifar_event,cifar_cnn,quality-selected,event,event_t025_q005,3600,83600,1800,1
1500,1.34205824,0.9591830872,1.24069328,0.5765,0.5765,0.315,246112032,cifar_event,cifar_cnn,quality-selected,event,event_t025_q005,3600,83600,1800,1
1560,1.359703009,0.9586347107,1.238065533,0.5747,0.5747,0.426,256850272,cifar_event,cifar_cnn,quality-selected,event,event_t025_q005,3600,83600,1800,1
1620,1.377385449,0.9588628662,1.250805399,0.5705,0.5705,0.381,267695824,cifar_event,cifar_cnn,quality-selected,event,event_t025_q005,3600,83600,1800,1
1680,1.394239246,0.957237323,1.251467676,0.5715,0.5715,0.327,278643056,cifar_event,cifar_cnn,quality-selected,event,event_t025_q005,3600,83600,1800,1
1740,1.410113245,0.9543434998,1.25752182,0.575,0.575,0.371,289727184,cifar_event,cifar_cnn,quality-selected,event,event_t025_q005,3600,83600,1800,1
1800,1.421785236,0.9475173218,1.258302271,0.5774,0.5774,0.348,300975616,cifar_event,cifar_cnn,quality-selected,event,event_t025_q005,3600,83600,1800,1
1,2.456462495,2.422960156,2.416058826,0.1047,0.1047,0.004,77568,cifar_event,cifar_cnn,quality-selected,event,event_t025_q005,3700,83700,1800,2
60,1.615369404,1.580934143,1.58250575,0.4286,0.4286,0.212,8990432,cifar_event,cifar_cnn,quality-selected,event,event_t025_q005,3700,83700,1800,2
120,1.487637847,1.448021777,1.470126141,0.4669,0.4669,0.186,17622816,cifar_event,cifar_cnn,quality-selected,event,event_t025_q005,3700,83700,1800,2
180,1.422545419,1.375327283,1.399516266,0.5015,0.5015,0.308,26164864,cifar_event,cifar_cnn,quality-selected,event,event_t025_q005,3700,83700,1800,2
240,1.375098386,1.318501599,1.37442818,0.5121,0.5121,0.393,34725728,cifar_event,cifar_cnn,quality-selected,event,event_t025_q005,3700,83700,1800,2
300,1.349297012,1.281761108,1.338798212,0.5195,0.5195,0.262,43418848,cifar_event,cifar_cnn,quality-selected,event,event_t025_q005,3700,83700,1800,2
360,1.312558553,1.233122449,1.310550824,0.5342,0.5342,0.265,52271632,cifar_event,cifar_cnn,quality-selected,event,event_t025_q005,3700,83700,1800,2
420,1.272558543,1.180437701,1.280337741,0.5444,0.5444,0.258,61364512,cifar_event,cifar_cnn,quality-selected,event,event_t025_q005,3700,83700,1800,2
480,1.277792107,1.171758636,1.284391364,0.5406,0.5406,0.348,70590784,cifar_event,cifar_cnn,quality-selected,event,event_t025_q005,3700,83700,1800,2
540,1.262232779,1.142314246,1.273225787,0.546,0.546,0.324,79896352,cifar_event,cifar_cnn,quality-selected,event,event_t025_q005,3700,83700,1800,2
600,1.253066382,1.119349585,1.259724664,0.554,0.554,0.362,89377344,cifar_event,cifar_cnn,quality-selected,event,event_t025_q005,3700,83700,1800,2
660,1.243800378,1.095047632,1.25038269,0.5609,0.5609,0.399,99196128,cifar_event,cifar_cnn,quality-selected,event,event_t025_q005,3700,83700,1800,2
720,1.245801721,1.082229059,1.240074374,0.5618,0.5618,0.352,109023424,cifar_event,cifar_cnn,quality-selected,event,event_t025_q005,3700,83700,1800,2
780,1.243585767,1.065113019,1.243118515,0.5655,0.5655,0.338,118874048,cifar_event,cifar_cnn,quality-selected,event,event_t025_q005,3700,83700,1800,2
840,1.241128741,1.047173206,1.237098804,0.5641,0.5641,0.258,129001760,cifar_event,cifar_cnn,quality-selected,event,event_t025_q005,3700,83700,1800,2
900,1.248504358,1.038081598,1.234564447,0.5696,0.5696,0.386,139108128,cifar_event,cifar_cnn,quality-selected,event,event_t025_q005,3700,83700,1800,2
960,1.260797617,1.033704492,1.245424884,0.5603,0.5603,0.362,149357440,cifar_event,cifar_cnn,quality-selected,event,event_t025_q005,3700,83700,1800,2
1020,1.257880179,1.014545416,1.238048398,0.5677,0.5677,0.283,159570096,cifar_event,cifar_cnn,quality-selected,event,event_t025_q005,3700,83700,1800,2
1080,1.264059265,1.004445435,1.236321259,0.5695,0.5695,0.329,169934048,cifar_event,cifar_cnn,quality-selected,event,event_t025_q005,3700,83700,1800,2
1140,1.270525476,0.9940147644,1.235605432,0.573,0.573,0.36,180534784,cifar_event,cifar_cnn,quality-selected,event,event_t025_q005,3700,83700,1800,2
1200,1.287437994,0.9933880371,1.242222693,0.5685,0.5685,0.384,191112304,cifar_event,cifar_cnn,quality-selected,event,event_t025_q005,3700,83700,1800,2
1260,1.291388074,0.9806276672,1.253376962,0.5639,0.5639,0.318,201906656,cifar_event,cifar_cnn,quality-selected,event,event_t025_q005,3700,83700,1800,2
1320,1.285842175,0.9575824097,1.244806644,0.5696,0.5696,0.332,212609088,cifar_event,cifar_cnn,quality-selected,event,event_t025_q005,3700,83700,1800,2
1380,1.305906097,0.9600665894,1.246348181,0.5683,0.5683,0.331,223646032,cifar_event,cifar_cnn,quality-selected,event,event_t025_q005,3700,83700,1800,2
1440,1.316733813,0.9536606018,1.243576941,0.5699,0.5699,0.353,234627888,cifar_event,cifar_cnn,quality-selected,event,event_t025_q005,3700,83700,1800,2
1500,1.328006372,0.9468190552,1.247988141,0.573,0.573,0.348,245490400,cifar_event,cifar_cnn,quality-selected,event,event_t025_q005,3700,83700,1800,2
1560,1.328516382,0.9298879333,1.239665057,0.5756,0.5756,0.38,256336192,cifar_event,cifar_cnn,quality-selected,event,event_t025_q005,3700,83700,1800,2
1620,1.357658215,0.9419882019,1.254498102,0.5709,0.5709,0.334,267281184,cifar_event,cifar_cnn,quality-selected,event,event_t025_q005,3700,83700,1800,2
1680,1.367987769,0.9353420166,1.255022571,0.5702,0.5702,0.378,278262688,cifar_event,cifar_cnn,quality-selected,event,event_t025_q005,3700,83700,1800,2
1740,1.379304761,0.9284968384,1.274672598,0.5691,0.5691,0.314,289363488,cifar_event,cifar_cnn,quality-selected,event,event_t025_q005,3700,83700,1800,2
1800,1.372594696,0.9056130676,1.256167053,0.5737,0.5737,0.327,300315328,cifar_event,cifar_cnn,quality-selected,event,event_t025_q005,3700,83700,1800,2
1,2.413653338,2.380104956,2.3953797,0.1177,0.1177,0.005,65696,cifar_event,cifar_cnn,quality-selected,event,event_t025_q005,3800,83800,1800,3
60,1.571733575,1.537182275,1.560693143,0.4327,0.4327,0.137,9221888,cifar_event,cifar_cnn,quality-selected,event,event_t025_q005,3800,83800,1800,3
120,1.45354346,1.413585071,1.458957727,0.4733,0.4733,0.197,17944096,cifar_event,cifar_cnn,quality-selected,event,event_t025_q005,3800,83800,1800,3
180,1.382661779,1.33528988,1.400848352,0.4989,0.4989,0.241,26644576,cifar_event,cifar_cnn,quality-selected,event,event_t025_q005,3800,83800,1800,3
240,1.338197952,1.28172655,1.36275542,0.5141,0.5141,0.303,35704320,cifar_event,cifar_cnn,quality-selected,event,event_t025_q005,3800,83800,1800,3
300,1.294713588,1.227374042,1.328064087,0.5269,0.5269,0.363,45011456,cifar_event,cifar_cnn,quality-selected,event,event_t025_q005,3800,83800,1800,3
360,1.291240938,1.21224032,1.324642297,0.5255,0.5255,0.362,54363776,cifar_event,cifar_cnn,quality-selected,event,event_t025_q005,3800,83800,1800,3
420,1.26459494,1.172757111,1.304656,0.5335,0.5335,0.263,64055664,cifar_event,cifar_cnn,quality-selected,event,event_t025_q005,3800,83800,1800,3
480,1.25308,1.147773962,1.299246753,0.5387,0.5387,0.334,73916592,cifar_event,cifar_cnn,quality-selected,event,event_t025_q005,3800,83800,1800,3
540,1.261875717,1.141974365,1.301781409,0.5419,0.5419,0.321,83890368,cifar_event,cifar_cnn,quality-selected,event,event_t025_q005,3800,83800,1800,3
600,1.263404724,1.129023315,1.287479724,0.5469,0.5469,0.328,94053888,cifar_event,cifar_cnn,quality-selected,event,event_t025_q005,3800,83800,1800,3
660,1.251769687,1.101808215,1.284278302,0.5425,0.5425,0.327,104391872,cifar_event,cifar_cnn,quality-selected,event,event_t025_q005,3800,83800,1800,3
720,1.252018295,1.086017609,1.280787543,0.5467,0.5467,0.315,114726368,cifar_event,cifar_cnn,quality-selected,event,event_t025_q005,3800,83800,1800,3
780,1.262667627,1.080295251,1.284958823,0.544,0.544,0.284,125042528,cifar_event,cifar_cnn,quality-selected,event,event_t025_q005,3800,83800,1800,3
840,1.278248682,1.079708826,1.299580096,0.5464,0.5464,0.36,135584080,cifar_event,cifar_cnn,quality-selected,event,event_t025_q005,3800,83800,1800,3
900,1.272633188,1.057879907,1.276215649,0.5501,0.5501,0.365,146250816,cifar_event,cifar_cnn,quality-selected,event,event_t025_q005,3800,83800,1800,3
960,1.269632297,1.038018176,1.26947215,0.5544,0.5544,0.35,156999904,cifar_event,cifar_cnn,quality-selected,event,event_t025_q005,3800,83800,1800,3
1020,1.276947534,1.0281466,1.273136545,0.5535,0.5535,0.362,167806320,cifar_event,cifar_cnn,quality-selected,event,event_t025_q005,3800,83800,1800,3
1080,1.293700629,1.027585638,1.286813318,0.5485,0.5485,0.349,178565296,cifar_event,cifar_cnn,quality-selected,event,event_t025_q005,3800,83800,1800,3
1140,1.298042566,1.01386828,1.272345038,0.5562,0.5562,0.336,189468048,cifar_event,cifar_cnn,quality-selected,event,event_t025_q005,3800,83800,1800,3
1200,1.301901605,1.000070612,1.271334259,0.556,0.556,0.347,200425120,cifar_event,cifar_cnn,quality-selected,event,event_t025_q005,3800,83800,1800,3
1260,1.322062402,1.002388605,1.283086902,0.5562,0.5562,0.392,211401824,cifar_event,cifar_cnn,quality-selected,event,event_t025_q005,3800,83800,1800,3
1320,1.330293378,0.9926534241,1.28647973,0.5508,0.5508,0.389,222534000,cifar_event,cifar_cnn,quality-selected,event,event_t025_q005,3800,83800,1800,3
1380,1.338471954,0.9836027832,1.284935907,0.5557,0.5557,0.375,233518336,cifar_event,cifar_cnn,quality-selected,event,event_t025_q005,3800,83800,1800,3
1440,1.351119843,0.9780543518,1.29177066,0.5535,0.5535,0.336,244500560,cifar_event,cifar_cnn,quality-selected,event,event_t025_q005,3800,83800,1800,3
1500,1.355269232,0.9628316101,1.282371829,0.5558,0.5558,0.345,255821504,cifar_event,cifar_cnn,quality-selected,event,event_t025_q005,3800,83800,1800,3
1560,1.372835767,0.9610634888,1.292298627,0.5592,0.5592,0.405,267101008,cifar_event,cifar_cnn,quality-selected,event,event_t025_q005,3800,83800,1800,3
1620,1.387016138,0.956618219,1.301455975,0.5531,0.5531,0.378,278349312,cifar_event,cifar_cnn,quality-selected,event,event_t025_q005,3800,83800,1800,3
1680,1.4090987,0.9599788269,1.292997241,0.5599,0.5599,0.38,289695680,cifar_event,cifar_cnn,quality-selected,event,event_t025_q005,3800,83800,1800,3
1740,1.414823615,0.9467721313,1.293297058,0.5553,0.5553,0.377,301065072,cifar_event,cifar_cnn,quality-selected,event,event_t025_q005,3800,83800,1800,3
1800,1.436783118,0.9497118591,1.310737286,0.5533,0.5533,0.325,312328912,cifar_event,cifar_cnn,quality-selected,event,event_t025_q005,3800,83800,1800,3
1,2.419776792,2.386248315,2.383517316,0.1167,0.1167,0.017,68112,cifar_event,cifar_cnn,quality-selected,event,event_t025_q005,3900,83900,1800,4
60,1.581276823,1.547002832,1.576739511,0.4299,0.4299,0.235,9229808,cifar_event,cifar_cnn,quality-selected,event,event_t025_q005,3900,83900,1800,4
120,1.424104976,1.384443286,1.426250006,0.4902,0.4902,0.309,18140560,cifar_event,cifar_cnn,quality-selected,event,event_t025_q005,3900,83900,1800,4
180,1.353818067,1.306416345,1.372467703,0.5085,0.5085,0.249,27178064,cifar_event,cifar_cnn,quality-selected,event,event_t025_q005,3900,83900,1800,4
240,1.31109954,1.25488573,1.331411145,0.5174,0.5174,0.197,36138496,cifar_event,cifar_cnn,quality-selected,event,event_t025_q005,3900,83900,1800,4
300,1.277426245,1.210780188,1.304097083,0.543,0.543,0.374,45312096,cifar_event,cifar_cnn,quality-selected,event,event_t025_q005,3900,83900,1800,4
360,1.257572748,1.179536737,1.283140045,0.5489,0.5489,0.366,54629696,cifar_event,cifar_cnn,quality-selected,event,event_t025_q005,3900,83900,1800,4
420,1.240208591,1.150087909,1.266205676,0.5545,0.5545,0.381,64053424,cifar_event,cifar_cnn,quality-selected,event,event_t025_q005,3900,83900,1800,4
480,1.224189717,1.121644482,1.25900144,0.5558,0.5558,0.425,73426912,cifar_event,cifar_cnn,quality-selected,event,event_t025_q005,3900,83900,1800,4
540,1.224807797,1.10854231,1.250597153,0.5575,0.5575,0.322,83078000,cifar_event,cifar_cnn,quality-selected,event,event_t025_q005,3900,83900,1800,4
600,1.221259668,1.090688837,1.238243988,0.5663,0.5663,0.397,92667936,cifar_event,cifar_cnn,quality-selected,event,event_t025_q005,3900,83900,1800,4
660,1.222598441,1.077777075,1.23108978,0.5674,0.5674,0.396,102325088,cifar_event,cifar_cnn,quality-selected,event,event_t025_q005,3900,83900,1800,4
720,1.223040262,1.063339014,1.233431995,0.5724,0.5724,0.409,112061552,cifar_event,cifar_cnn,quality-selected,event,event_t025_q005,3900,83900,1800,4
780,1.237695901,1.062062616,1.237533493,0.5687,0.5687,0.318,121978896,cifar_event,cifar_cnn,quality-selected,event,event_t025_q005,3900,83900,1800,4
840,1.227587817,1.036232532,1.233400858,0.5712,0.5712,0.365,132006976,cifar_event,cifar_cnn,quality-selected,event,event_t025_q005,3900,83900,1800,4
900,1.233254044,1.026194946,1.234241852,0.5746,0.5746,0.362,142113616,cifar_event,cifar_cnn,quality-selected,event,event_t025_q005,3900,83900,1800,4
960,1.23862392,1.015386066,1.235693701,0.5732,0.5732,0.365,152192560,cifar_event,cifar_cnn,quality-selected,event,event_t025_q005,3900,83900,1800,4
1020,1.242870547,1.003375781,1.238448184,0.5752,0.5752,0.388,162357856,cifar_event,cifar_cnn,quality-selected,event,event_t025_q005,3900,83900,1800,4
1080,1.251794299,0.9951944763,1.235948599,0.5774,0.5774,0.399,172671104,cifar_event,cifar_cnn,quality-selected,event,event_t025_q005,3900,83900,1800,4
1140,1.25867489,0.985303186,1.239430984,0.5749,0.5749,0.35,182907776,cifar_event,cifar_cnn,quality-selected,event,event_t025_q005,3900,83900,1800,4
1200,1.276821716,0.9859356079,1.238400067,0.5757,0.5757,0.438,193207664,cifar_event,cifar_cnn,quality-selected,event,event_t025_q005,3900,83900,1800,4
1260,1.28986712,0.9824479004,1.243789853,0.5744,0.5744,0.357,203716608,cifar_event,cifar_cnn,quality-selected,event,event_t025_q005,3900,83900,1800,4
1320,1.299232605,0.9751640015,1.245319672,0.5795,0.5795,0.36,214339456,cifar_event,cifar_cnn,quality-selected,event,event_t025_q005,3900,83900,1800,4
1380,1.310026874,0.9675685303,1.258790131,0.5754,0.5754,0.363,224967056,cifar_event,cifar_cnn,quality-selected,event,event_t025_q005,3900,83900,1800,4
1440,1.313102234,0.953427063,1.242751111,0.5758,0.5758,0.401,235644432,cifar_event,cifar_cnn,quality-selected,event,event_t025_q005,3900,83900,1800,4
1500,1.326210992,0.9482917114,1.258139337,0.573,0.573,0.419,246563824,cifar_event,cifar_cnn,quality-selected,event,event_t025_q005,3900,83900,1800,4
1560,1.332589874,0.9372454224,1.251717767,0.5771,0.5771,0.387,257361536,cifar_event,cifar_cnn,quality-selected,event,event_t025_q005,3900,83900,1800,4
1620,1.344937762,0.9324207031,1.257398291,0.5747,0.5747,0.347,268142896,cifar_event,cifar_cnn,quality-selected,event,event_t025_q005,3900,83900,1800,4
1680,1.358399518,0.9283049438,1.262538489,0.5734,0.5734,0.395,278999760,cifar_event,cifar_cnn,quality-selected,event,event_t025_q005,3900,83900,1800,4
1740,1.37519079,0.9279586426,1.258936548,0.5759,0.5759,0.412,289865888,cifar_event,cifar_cnn,quality-selected,event,event_t025_q005,3900,83900,1800,4
1800,1.386257831,0.9208569824,1.265168079,0.5752,0.5752,0.365,300960240,cifar_event,cifar_cnn,quality-selected,event,event_t025_q005,3900,83900,1800,4
1,2.419143802,2.385650378,2.391905774,0.1094,0.1094,0.014,65616,cifar_event,cifar_cnn,quality-selected,event,event_t025_q005,4000,84000,1800,5
60,1.605056095,1.570732788,1.570416888,0.4258,0.4258,0.074,8605552,cifar_event,cifar_cnn,quality-selected,event,event_t025_q005,4000,84000,1800,5
120,1.439771001,1.400025659,1.42790437,0.4856,0.4856,0.274,17408240,cifar_event,cifar_cnn,quality-selected,event,event_t025_q005,4000,84000,1800,5
180,1.370832831,1.323519324,1.366911478,0.5118,0.5118,0.225,26294976,cifar_event,cifar_cnn,quality-selected,event,event_t025_q005,4000,84000,1800,5
240,1.331375169,1.275027734,1.335640228,0.5233,0.5233,0.333,35474176,cifar_event,cifar_cnn,quality-selected,event,event_t025_q005,4000,84000,1800,5
300,1.292946341,1.226150366,1.314003235,0.5326,0.5326,0.271,44946288,cifar_event,cifar_cnn,quality-selected,event,event_t025_q005,4000,84000,1800,5
360,1.260644708,1.182977838,1.278992004,0.5444,0.5444,0.345,54622064,cifar_event,cifar_cnn,quality-selected,event,event_t025_q005,4000,84000,1800,5
420,1.231643108,1.142141406,1.249760156,0.5568,0.5568,0.322,64327856,cifar_event,cifar_cnn,quality-selected,event,event_t025_q005,4000,84000,1800,5
480,1.2256172,1.123693677,1.245542157,0.5585,0.5585,0.411,74118800,cifar_event,cifar_cnn,quality-selected,event,event_t025_q005,4000,84000,1800,5
540,1.21619449,1.101168054,1.239172037,0.5635,0.5635,0.285,84264688,cifar_event,cifar_cnn,quality-selected,event,event_t025_q005,4000,84000,1800,5
600,1.223112549,1.094820679,1.242446127,0.5636,0.5636,0.311,94323952,cifar_event,cifar_cnn,quality-selected,event,event_t025_q005,4000,84000,1800,5
660,1.219341504,1.077179578,1.238241107,0.5666,0.5666,0.376,104563552,cifar_event,cifar_cnn,quality-selected,event,event_t025_q005,4000,84000,1800,5
720,1.208849268,1.052626062,1.225153265,0.5738,0.5738,0.322,114771040,cifar_event,cifar_cnn,quality-selected,event,event_t025_q005,4000,84000,1800,5
780,1.208417838,1.037350958,1.2167733,0.5749,0.5749,0.312,125050640,cifar_event,cifar_cnn,quality-selected,event,event_t025_q005,4000,84000,1800,5
840,1.204637769,1.018542798,1.222323169,0.5778,0.5778,0.415,135393952,cifar_event,cifar_cnn,quality-selected,event,event_t025_q005,4000,84000,1800,5
900,1.223088672,1.021341235,1.227131818,0.5724,0.5724,0.369,146030688,cifar_event,cifar_cnn,quality-selected,event,event_t025_q005,4000,84000,1800,5
960,1.231781378,1.01480097,1.230321295,0.5701,0.5701,0.297,156688208,cifar_event,cifar_cnn,quality-selected,event,event_t025_q005,4000,84000,1800,5
1020,1.221487183,0.9881563721,1.215832623,0.5811,0.5811,0.382,167351184,cifar_event,cifar_cnn,quality-selected,event,event_t025_q005,4000,84000,1800,5
1080,1.235385968,0.9858141602,1.224814343,0.5782,0.5782,0.363,177968416,cifar_event,cifar_cnn,quality-selected,event,event_t025_q005,4000,84000,1800,5
1140,1.244559277,0.9784426697,1.224789944,0.5789,0.5789,0.373,188770128,cifar_event,cifar_cnn,quality-selected,event,event_t025_q005,4000,84000,1800,5
1200,1.251640997,0.9691556152,1.232348071,0.5771,0.5771,0.33,199488704,cifar_event,cifar_cnn,quality-selected,event,event_t025_q005,4000,84000,1800,5
1260,1.264146558,0.9650892456,1.232336349,0.5744,0.5744,0.383,210356016,cifar_event,cifar_cnn,quality-selected,event,event_t025_q005,4000,84000,1800,5
1320,1.279013269,0.9636526428,1.232829449,0.5761,0.5761,0.393,221303120,cifar_event,cifar_cnn,quality-selected,event,event_t025_q005,4000,84000,1800,5
1380,1.288608221,0.9562988342,1.23587171,0.576,0.576,0.386,232277776,cifar_event,cifar_cnn,quality-selected,event,event_t025_q005,4000,84000,1800,5
1440,1.293207617,0.9437951111,1.234820471,0.5805,0.5805,0.354,243409952,cifar_event,cifar_cnn,quality-selected,event,event_t025_q005,4000,84000,1800,5
1500,1.314175983,0.947629718,1.243380475,0.5791,0.5791,0.406,254509152,cifar_event,cifar_cnn,quality-selected,event,event_t025_q005,4000,84000,1800,5
1560,1.31816427,0.9346084229,1.241622223,0.5792,0.5792,0.313,265619136,cifar_event,cifar_cnn,quality-selected,event,event_t025_q005,4000,84000,1800,5
1620,1.33646394,0.9360730103,1.252646069,0.5742,0.5742,0.344,276715568,cifar_event,cifar_cnn,quality-selected,event,event_t025_q005,4000,84000,1800,5
1680,1.347875226,0.9301278809,1.258439313,0.5778,0.5778,0.378,287887584,cifar_event,cifar_cnn,quality-selected,event,event_t025_q005,4000,84000,1800,5
1740,1.370208325,0.9342187317,1.261616888,0.5781,0.5781,0.383,299064848,cifar_event,cifar_cnn,quality-selected,event,event_t025_q005,4000,84000,1800,5
1800,1.372319165,0.9188836182,1.263887119,0.5747,0.5747,0.396,310233088,cifar_event,cifar_cnn,quality-selected,event,event_t025_q005,4000,84000,1800,5
1,2.419967399,2.386460742,2.392590802,0.1126,0.1126,0.011,74944,cifar_event,cifar_cnn,quality-selected,event,event_t025_q005,4100,84100,1800,6
60,1.581639362,1.547468921,1.553281256,0.4399,0.4399,0.22,8672768,cifar_event,cifar_cnn,quality-selected,event,event_t025_q005,4100,84100,1800,6
120,1.476218489,1.437234839,1.460042468,0.4713,0.4713,0.215,16919376,cifar_event,cifar_cnn,quality-selected,event,event_t025_q005,4100,84100,1800,6
180,1.403273151,1.356903979,1.398195093,0.4996,0.4996,0.278,25130672,cifar_event,cifar_cnn,quality-selected,event,event_t025_q005,4100,84100,1800,6
240,1.358634752,1.302824121,1.356644986,0.5087,0.5087,0.281,33456352,cifar_event,cifar_cnn,quality-selected,event,event_t025_q005,4100,84100,1800,6
300,1.330802016,1.263832098,1.331349146,0.5156,0.5156,0.221,42064368,cifar_event,cifar_cnn,quality-selected,event,event_t025_q005,4100,84100,1800,6
360,1.324354289,1.245377673,1.314856195,0.5271,0.5271,0.298,50785872,cifar_event,cifar_cnn,quality-selected,event,event_t025_q005,4100,84100,1800,6
420,1.301161192,1.209151831,1.298255127,0.5299,0.5299,0.323,59624208,cifar_event,cifar_cnn,quality-selected,event,event_t025_q005,4100,84100,1800,6
480,1.308820735,1.203436664,1.296408777,0.5357,0.5357,0.293,68751008,cifar_event,cifar_cnn,quality-selected,event,event_t025_q005,4100,84100,1800,6
540,1.29052908,1.170516064,1.275426913,0.5453,0.5453,0.382,77981072,cifar_event,cifar_cnn,quality-selected,event,event_t025_q005,4100,84100,1800,6
600,1.289569553,1.154417285,1.265708514,0.5513,0.5513,0.377,87364096,cifar_event,cifar_cnn,quality-selected,event,event_t025_q005,4100,84100,1800,6
660,1.289296475,1.13811189,1.263148849,0.5507,0.5507,0.323,96972208,cifar_event,cifar_cnn,quality-selected,event,event_t025_q005,4100,84100,1800,6
720,1.274903732,1.107632172,1.253189587,0.5541,0.5541,0.38,106699664,cifar_event,cifar_cnn,quality-selected,event,event_t025_q005,4100,84100,1800,6
780,1.297633466,1.113767041,1.253940747,0.5575,0.5575,0.399,116389360,cifar_event,cifar_cnn,quality-selected,event,event_t025_q005,4100,84100,1800,6
840,1.298846066,1.098212231,1.24763042,0.5584,0.5584,0.314,126291408,cifar_event,cifar_cnn,quality-selected,event,event_t025_q005,4100,84100,1800,6
900,1.29601449,1.07890127,1.246591122,0.5623,0.5623,0.378,136260560,cifar_event,cifar_cnn,quality-selected,event,event_t025_q005,4100,84100,1800,6
960,1.291988864,1.057730243,1.241167255,0.564,0.564,0.327,146352608,cifar_event,cifar_cnn,quality-selected,event,event_t025_q005,4100,84100,1800,6
1020,1.306613593,1.055149847,1.245631525,0.5627,0.5627,0.392,156528656,cifar_event,cifar_cnn,quality-selected,event,event_t025_q005,4100,84100,1800,6
1080,1.32262998,1.053459113,1.253230762,0.5636,0.5636,0.364,166940224,cifar_event,cifar_cnn,quality-selected,event,event_t025_q005,4100,84100,1800,6
1140,1.336314264,1.050222681,1.252003967,0.5627,0.5627,0.394,177391648,cifar_event,cifar_cnn,quality-selected,event,event_t025_q005,4100,84100,1800,6
1200,1.337355597,1.033997168,1.248255823,0.5685,0.5685,0.421,187907552,cifar_event,cifar_cnn,quality-selected,event,event_t025_q005,4100,84100,1800,6
1260,1.340006769,1.018867517,1.253780933,0.5677,0.5677,0.384,198408208,cifar_event,cifar_cnn,quality-selected,event,event_t025_q005,4100,84100,1800,6
1320,1.359800073,1.020494043,1.251159344,0.5702,0.5702,0.383,208943088,cifar_event,cifar_cnn,quality-selected,event,event_t025_q005,4100,84100,1800,6
1380,1.35922041,1.001943982,1.246672476,0.5678,0.5678,0.382,219530128,cifar_event,cifar_cnn,quality-selected,event,event_t025_q005,4100,84100,1800,6
1440,1.375725513,1.000946582,1.24626192,0.5647,0.5647,0.345,230260128,cifar_event,cifar_cnn,quality-selected,event,event_t025_q005,4100,84100,1800,6
1500,1.380644635,0.9877827881,1.249222357,0.5697,0.5697,0.357,241211024,cifar_event,cifar_cnn,quality-selected,event,event_t025_q005,4100,84100,1800,6
1560,1.395001251,0.9836536255,1.257077521,0.5682,0.5682,0.365,252083168,cifar_event,cifar_cnn,quality-selected,event,event_t025_q005,4100,84100,1800,6
1620,1.409376331,0.9793385193,1.259456,0.5695,0.5695,0.406,262988384,cifar_event,cifar_cnn,quality-selected,event,event_t025_q005,4100,84100,1800,6
1680,1.426377496,0.9784552246,1.261223224,0.5693,0.5693,0.379,274020080,cifar_event,cifar_cnn,quality-selected,event,event_t025_q005,4100,84100,1800,6
1740,1.439661224,0.9729424744,1.259978378,0.5692,0.5692,0.351,285083920,cifar_event,cifar_cnn,quality-selected,event,event_t025_q005,4100,84100,1800,6
1800,1.452264685,0.9665369629,1.27868642,0.5688,0.5688,0.422,296074880,cifar_event,cifar_cnn,quality-selected,event,event_t025_q005,4100,84100,1800,6
1,2.434040121,2.40053562,2.409643506,0.1102,0.1102,0.014,65776,cifar_event,cifar_cnn,quality-selected,event,event_t025_q005,4200,84200,1800,7
60,1.570373289,1.53579978,1.558333264,0.4306,0.4306,0.209,8682624,cifar_event,cifar_cnn,quality-selected,event,event_t025_q005,4200,84200,1800,7
120,1.423393477,1.383152686,1.422368823,0.4917,0.4917,0.312,17449312,cifar_event,cifar_cnn,quality-selected,event,event_t025_q005,4200,84200,1800,7
180,1.344117512,1.295660339,1.368911176,0.5131,0.5131,0.266,26226672,cifar_event,cifar_cnn,quality-selected,event,event_t025_q005,4200,84200,1800,7
240,1.317485783,1.259131653,1.339239178,0.5257,0.5257,0.303,35282288,cifar_event,cifar_cnn,quality-selected,event,event_t025_q005,4200,84200,1800,7
300,1.276885475,1.207174377,1.311574707,0.5319,0.5319,0.33,44550720,cifar_event,cifar_cnn,quality-selected,event,event_t025_q005,4200,84200,1800,7
360,1.254538623,1.172810809,1.279167395,0.5417,0.5417,0.36,53945504,cifar_event,cifar_cnn,quality-selected,event,event_t025_q005,4200,84200,1800,7
420,1.248159264,1.154208435,1.270724231,0.5475,0.5475,0.344,63495824,cifar_event,cifar_cnn,quality-selected,event,event_t025_q005,4200,84200,1800,7
480,1.226204947,1.119039862,1.256296741,0.5517,0.5517,0.343,73244832,cifar_event,cifar_cnn,quality-selected,event,event_t025_q005,4200,84200,1800,7
540,1.235119052,1.114215808,1.254682437,0.5521,0.5521,0.302,83003776,cifar_event,cifar_cnn,quality-selected,event,event_t025_q005,4200,84200,1800,7
600,1.225770868,1.091353662,1.238019611,0.5595,0.5595,0.318,92826336,cifar_event,cifar_cnn,quality-selected,event,event_t025_q005,4200,84200,1800,7
660,1.231594937,1.081781018,1.248897998,0.5617,0.5617,0.312,102908928,cifar_event,cifar_cnn,quality-selected,event,event_t025_q005,4200,84200,1800,7
720,1.215804614,1.051033374,1.231982462,0.5677,0.5677,0.337,112930256,cifar_event,cifar_cnn,quality-selected,event,event_t025_q005,4200,84200,1800,7
780,1.216169763,1.03605993,1.231507617,0.5686,0.5686,0.36,123235168,cifar_event,cifar_cnn,quality-selected,event,event_t025_q005,4200,84200,1800,7
840,1.217080939,1.021244696,1.22977334,0.5711,0.5711,0.379,133528352,cifar_event,cifar_cnn,quality-selected,event,event_t025_q005,4200,84200,1800,7
900,1.222165833,1.010562378,1.215863422,0.5769,0.5769,0.323,144001648,cifar_event,cifar_cnn,quality-selected,event,event_t025_q005,4200,84200,1800,7
960,1.231194403,1.0033487,1.223185846,0.5792,0.5792,0.375,154485232,cifar_event,cifar_cnn,quality-selected,event,event_t025_q005,4200,84200,1800,7
1020,1.240574884,0.9961833435,1.221977725,0.5786,0.5786,0.336,165213152,cifar_event,cifar_cnn,quality-selected,event,event_t025_q005,4200,84200,1800,7
1080,1.245359241,0.9851968872,1.224546869,0.5747,0.5747,0.4,175911216,cifar_event,cifar_cnn,quality-selected,event,event_t025_q005,4200,84200,1800,7
1140,1.259252777,0.9827728271,1.220083167,0.5741,0.5741,0.397,186666816,cifar_event,cifar_cnn,quality-selected,event,event_t025_q005,4200,84200,1800,7
1200,1.269939496,0.9761300476,1.221088861,0.58,0.58,0.314,197452768,cifar_event,cifar_cnn,quality-selected,event,event_t025_q005,4200,84200,1800,7
1260,1.27564364,0.9652943359,1.226438715,0.5781,0.5781,0.333,208418160,cifar_event,cifar_cnn,quality-selected,event,event_t025_q005,4200,84200,1800,7
1320,1.295263861,0.9672930969,1.230125934,0.5759,0.5759,0.397,219435152,cifar_event,cifar_cnn,quality-selected,event,event_t025_q005,4200,84200,1800,7
1380,1.301020367,0.9561397217,1.226170593,0.5776,0.5776,0.398,230516896,cifar_event,cifar_cnn,quality-selected,event,event_t025_q005,4200,84200,1800,7
1440,1.314255768,0.953059906,1.238726297,0.5808,0.5808,0.342,241587728,cifar_event,cifar_cnn,quality-selected,event,event_t025_q005,4200,84200,1800,7
1500,1.323052216,0.9453344421,1.246615912,0.5723,0.5723,0.373,252721456,cifar_event,cifar_cnn,quality-selected,event,event_t025_q005,4200,84200,1800,7
1560,1.34544765,0.9505920593,1.24751539,0.5764,0.5764,0.385,264091408,cifar_event,cifar_cnn,quality-selected,event,event_t025_q005,4200,84200,1800,7
1620,1.348854816,0.9371867859,1.243064929,0.5721,0.5721,0.34,275487296,cifar_event,cifar_cnn,quality-selected,event,event_t025_q005,4200,84200,1800,7
1680,1.361644324,0.9322346863,1.250892572,0.5745,0.5745,0.378,286995824,cifar_event,cifar_cnn,quality-selected,event,event_t025_q005,4200,84200,1800,7
1740,1.374841406,0.9286871399,1.251730963,0.5749,0.5749,0.392,298454512,cifar_event,cifar_cnn,quality-selected,event,event_t025_q005,4200,84200,1800,7
1800,1.385453577,0.9220876709,1.251110019,0.5739,0.5739,0.392,309815296,cifar_event,cifar_cnn,quality-selected,event,event_t025_q005,4200,84200,1800,7
1,2.427124599,2.393614685,2.394103687,0.1094,0.1094,0.012,73344,cifar_event,cifar_cnn,quality-selected,event,event_t025_q005,4300,84300,1800,8
60,1.591298225,1.556606311,1.572922443,0.4408,0.4408,0.228,8885856,cifar_event,cifar_cnn,quality-selected,event,event_t025_q005,4300,84300,1800,8
120,1.477649564,1.436830701,1.468674661,0.4714,0.4714,0.234,17839696,cifar_event,cifar_cnn,quality-selected,event,event_t025_q005,4300,84300,1800,8
180,1.374246066,1.325030676,1.372954102,0.5122,0.5122,0.241,26847392,cifar_event,cifar_cnn,quality-selected,event,event_t025_q005,4300,84300,1800,8
240,1.330053492,1.270668372,1.331326724,0.5262,0.5262,0.294,36200096,cifar_event,cifar_cnn,quality-selected,event,event_t025_q005,4300,84300,1800,8
300,1.300890674,1.230456836,1.315999902,0.5324,0.5324,0.268,45572096,cifar_event,cifar_cnn,quality-selected,event,event_t025_q005,4300,84300,1800,8
360,1.278628278,1.196275037,1.288790604,0.5429,0.5429,0.294,55173872,cifar_event,cifar_cnn,quality-selected,event,event_t025_q005,4300,84300,1800,8
420,1.252912691,1.15784472,1.266718845,0.5538,0.5538,0.384,64933616,cifar_event,cifar_cnn,quality-selected,event,event_t025_q005,4300,84300,1800,8
480,1.225737817,1.117510278,1.251331958,0.5621,0.5621,0.363,74816976,cifar_event,cifar_cnn,quality-selected,event,event_t025_q005,4300,84300,1800,8
540,1.222785817,1.100883832,1.23981781,0.562,0.562,0.339,84715232,cifar_event,cifar_cnn,quality-selected,event,event_t025_q005,4300,84300,1800,8
600,1.216237619,1.080555505,1.237875299,0.5663,0.5663,0.332,94635920,cifar_event,cifar_cnn,quality-selected,event,event_t025_q005,4300,84300,1800,8
660,1.202822778,1.053155634,1.230911658,0.5689,0.5689,0.35,104659840,cifar_event,cifar_cnn,quality-selected,event,event_t025_q005,4300,84300,1800,8
720,1.20238992,1.037764691,1.226951169,0.5716,0.5716,0.398,114981920,cifar_event,cifar_cnn,quality-selected,event,event_t025_q005,4300,84300,1800,8
780,1.194818704,1.015334406,1.222914124,0.5791,0.5791,0.421,125144816,cifar_event,cifar_cnn,quality-selected,event,event_t025_q005,4300,84300,1800,8
840,1.20867438,1.014252216,1.231784479,0.5735,0.5735,0.292,135277776,cifar_event,cifar_cnn,quality-selected,event,event_t025_q005,4300,84300,1800,8
900,1.20738316,0.9976862305,1.22829527,0.5767,0.5767,0.329,145605552,cifar_event,cifar_cnn,quality-selected,event,event_t025_q005,4300,84300,1800,8
960,1.207913498,0.9825171509,1.221308237,0.5818,0.5818,0.322,156058656,cifar_event,cifar_cnn,quality-selected,event,event_t025_q005,4300,84300,1800,8
1020,1.227136676,0.9850411255,1.229388779,0.575,0.575,0.319,166638048,cifar_event,cifar_cnn,quality-selected,event,event_t025_q005,4300,84300,1800,8
1080,1.223468475,0.96520224,1.228266113,0.5795,0.5795,0.363,177173616,cifar_event,cifar_cnn,quality-selected,event,event_t025_q005,4300,84300,1800,8
1140,1.237033545,0.9620847229,1.237446924,0.5748,0.5748,0.375,187890544,cifar_event,cifar_cnn,quality-selected,event,event_t025_q005,4300,84300,1800,8
1200,1.239513477,0.9486393005,1.230657285,0.5802,0.5802,0.353,198678672,cifar_event,cifar_cnn,quality-selected,event,event_t025_q005,4300,84300,1800,8
1260,1.252006421,0.9443115356,1.233282416,0.5785,0.5785,0.339,209543392,cifar_event,cifar_cnn,quality-selected,event,event_t025_q005,4300,84300,1800,8
1320,1.264587903,0.9400927551,1.239629013,0.5812,0.5812,0.395,220411424,cifar_event,cifar_cnn,quality-selected,event,event_t025_q005,4300,84300,1800,8
1380,1.282129114,0.9402840515,1.2497767,0.5726,0.5726,0.362,231419056,cifar_event,cifar_cnn,quality-selected,event,event_t025_q005,4300,84300,1800,8
1440,1.280426025,0.9212089539,1.241098407,0.5782,0.5782,0.318,242401840,cifar_event,cifar_cnn,quality-selected,event,event_t025_q005,4300,84300,1800,8
1500,1.297849188,0.9216062073,1.246462646,0.5715,0.5715,0.364,253423936,cifar_event,cifar_cnn,quality-selected,event,event_t025_q005,4300,84300,1800,8
1560,1.301259985,0.9085890564,1.247197382,0.5773,0.5773,0.395,264411312,cifar_event,cifar_cnn,quality-selected,event,event_t025_q005,4300,84300,1800,8
1620,1.324291791,0.9139194458,1.263156738,0.5737,0.5737,0.38,275552944,cifar_event,cifar_cnn,quality-selected,event,event_t025_q005,4300,84300,1800,8
1680,1.324038763,0.8960516113,1.252586954,0.5775,0.5775,0.364,286688464,cifar_event,cifar_cnn,quality-selected,event,event_t025_q005,4300,84300,1800,8
1740,1.344017145,0.8983757263,1.260782257,0.5753,0.5753,0.367,297765840,cifar_event,cifar_cnn,quality-selected,event,event_t025_q005,4300,84300,1800,8
1800,1.349736859,0.8861289185,1.268917139,0.5778,0.5778,0.402,308973984,cifar_event,cifar_cnn,quality-selected,event,event_t025_q005,4300,84300,1800,8
1,2.424526582,2.391048779,2.389827435,0.1079,0.1079,0.007,70992,cifar_event,cifar_cnn,quality-selected,event,event_t025_q005,4400,84400,1800,9
60,1.578134847,1.544129297,1.572372815,0.4282,0.4282,0.227,9084448,cifar_event,cifar_cnn,quality-selected,event,event_t025_q005,4400,84400,1800,9
120,1.428203424,1.389130823,1.436774997,0.4871,0.4871,0.31,17989728,cifar_event,cifar_cnn,quality-selected,event,event_t025_q005,4400,84400,1800,9
180,1.377646447,1.33109834,1.387054126,0.5048,0.5048,0.244,26865168,cifar_event,cifar_cnn,quality-selected,event,event_t025_q005,4400,84400,1800,9
240,1.317277891,1.261634363,1.336722839,0.5223,0.5223,0.222,35996368,cifar_event,cifar_cnn,quality-selected,event,event_t025_q005,4400,84400,1800,9
300,1.280217834,1.214253723,1.308909827,0.533,0.533,0.365,45209152,cifar_event,cifar_cnn,quality-selected,event,event_t025_q005,4400,84400,1800,9
360,1.25640524,1.178966077,1.283140195,0.5445,0.5445,0.335,54522112,cifar_event,cifar_cnn,quality-selected,event,event_t025_q005,4400,84400,1800,9
420,1.236525659,1.146680872,1.269243158,0.5518,0.5518,0.333,64202384,cifar_event,cifar_cnn,quality-selected,event,event_t025_q005,4400,84400,1800,9
480,1.240315941,1.137549683,1.273664282,0.55,0.55,0.338,73976704,cifar_event,cifar_cnn,quality-selected,event,event_t025_q005,4400,84400,1800,9
540,1.228173935,1.111263214,1.257922958,0.5597,0.5597,0.344,83940352,cifar_event,cifar_cnn,quality-selected,event,event_t025_q005,4400,84400,1800,9
600,1.207956543,1.076856934,1.240226883,0.5648,0.5648,0.344,93971872,cifar_event,cifar_cnn,quality-selected,event,event_t025_q005,4400,84400,1800,9
660,1.212582147,1.066817285,1.236019928,0.5646,0.5646,0.34,104081904,cifar_event,cifar_cnn,quality-selected,event,event_t025_q005,4400,84400,1800,9
720,1.215625076,1.055300964,1.238896222,0.5667,0.5667,0.319,114273168,cifar_event,cifar_cnn,quality-selected,event,event_t025_q005,4400,84400,1800,9
780,1.210235205,1.034641516,1.236380225,0.5671,0.5671,0.31,124557392,cifar_event,cifar_cnn,quality-selected,event,event_t025_q005,4400,84400,1800,9
840,1.218080838,1.026766766,1.231524036,0.5693,0.5693,0.357,134941824,cifar_event,cifar_cnn,quality-selected,event,event_t025_q005,4400,84400,1800,9
900,1.226600928,1.019476874,1.240554193,0.5631,0.5631,0.347,145373152,cifar_event,cifar_cnn,quality-selected,event,event_t025_q005,4400,84400,1800,9
960,1.239978391,1.017089185,1.240893469,0.5618,0.5618,0.36,155770720,cifar_event,cifar_cnn,quality-selected,event,event_t025_q005,4400,84400,1800,9
1020,1.222609497,0.9836133728,1.234960974,0.5694,0.5694,0.4,166234272,cifar_event,cifar_cnn,quality-selected,event,event_t025_q005,4400,84400,1800,9
1080,1.253825455,0.9980301514,1.24669968,0.5676,0.5676,0.326,176635696,cifar_event,cifar_cnn,quality-selected,event,event_t025_q005,4400,84400,1800,9
1140,1.244089111,0.9713027954,1.234422974,0.5685,0.5685,0.35,187239200,cifar_event,cifar_cnn,quality-selected,event,event_t025_q005,4400,84400,1800,9
1200,1.261801685,0.9720849792,1.243565897,0.569,0.569,0.381,197909888,cifar_event,cifar_cnn,quality-selected,event,event_t025_q005,4400,84400,1800,9
1260,1.267208655,0.9604533447,1.237749948,0.5752,0.5752,0.364,208643424,cifar_event,cifar_cnn,quality-selected,event,event_t025_q005,4400,84400,1800,9
1320,1.280262781,0.9567969299,1.251335956,0.5667,0.5667,0.356,219169360,cifar_event,cifar_cnn,quality-selected,event,event_t025_q005,4400,84400,1800,9
1380,1.29283924,0.9521351685,1.246527731,0.5707,0.5707,0.31,229963728,cifar_event,cifar_cnn,quality-selected,event,event_t025_q005,4400,84400,1800,9
1440,1.308352747,0.9501153503,1.251635767,0.5713,0.5713,0.323,240757344,cifar_event,cifar_cnn,quality-selected,event,event_t025_q005,4400,84400,1800,9
1500,1.314513995,0.9385993225,1.24939118,0.5713,0.5713,0.362,251625568,cifar_event,cifar_cnn,quality-selected,event,event_t025_q005,4400,84400,1800,9
1560,1.320157837,0.9261072998,1.262420587,0.5691,0.5691,0.369,262500848,cifar_event,cifar_cnn,quality-selected,event,event_t025_q005,4400,84400,1800,9
1620,1.336263165,0.9242029236,1.253455499,0.5699,0.5699,0.39,273437792,cifar_event,cifar_cnn,quality-selected,event,event_t025_q005,4400,84400,1800,9
1680,1.347382849,0.9171328186,1.258563263,0.5724,0.5724,0.379,284438016,cifar_event,cifar_cnn,quality-selected,event,event_t025_q005,4400,84400,1800,9
1740,1.371750891,0.9242262329,1.259926767,0.5695,0.5695,0.341,295380144,cifar_event,cifar_cnn,quality-selected,event,event_t025_q005,4400,84400,1800,9
1800,1.370392792,0.9044511108,1.259016614,0.5683,0.5683,0.422,306329168,cifar_event,cifar_cnn,quality-selected,event,event_t025_q005,4400,84400,1800,9
1,2.602089474,2.568524719,2.573760815,0.0942,0.0942,0,206660,cifar_sign_quality,cifar_cnn,quality-selected,sign_ef,fixed,3500,83500,1800,0
60,1.84576329,1.812953296,1.823737039,0.3488,0.3488,0.2,12399600,cifar_sign_quality,cifar_cnn,quality-selected,sign_ef,fixed,3500,83500,1800,0
120,1.65664552,1.622887219,1.639015689,0.4136,0.4136,0.297,24799200,cifar_sign_quality,cifar_cnn,quality-selected,sign_ef,fixed,3500,83500,1800,0
180,1.547132298,1.51116864,1.532930496,0.445,0.445,0.258,37198800,cifar_sign_quality,cifar_cnn,quality-selected,sign_ef,fixed,3500,83500,1800,0
240,1.484196712,1.445258594,1.476815219,0.4629,0.4629,0.266,49598400,cifar_sign_quality,cifar_cnn,quality-selected,sign_ef,fixed,3500,83500,1800,0
300,1.446141047,1.403425818,1.4412599,0.4829,0.4829,0.3,61998000,cifar_sign_quality,cifar_cnn,quality-selected,sign_ef,fixed,3500,83500,1800,0
360,1.422955595,1.375737158,1.418605676,0.4904,0.4904,0.305,74397600,cifar_sign_quality,cifar_cnn,quality-selected,sign_ef,fixed,3500,83500,1800,0
420,1.392158487,1.33993667,1.394493597,0.5027,0.5027,0.202,86797200,cifar_sign_quality,cifar_cnn,quality-selected,sign_ef,fixed,3500,83500,1800,0
480,1.371978072,1.314619678,1.372608032,0.5086,0.5086,0.256,99196800,cifar_sign_quality,cifar_cnn,quality-selected,sign_ef,fixed,3500,83500,1800,0
540,1.352045338,1.289220978,1.357958502,0.5152,0.5152,0.283,111596400,cifar_sign_quality,cifar_cnn,quality-selected,sign_ef,fixed,3500,83500,1800,0
600,1.340194563,1.271458594,1.344190323,0.5219,0.5219,0.328,123996000,cifar_sign_quality,cifar_cnn,quality-selected,sign_ef,fixed,3500,83500,1800,0
660,1.333164117,1.258463556,1.331319568,0.5305,0.5305,0.333,136395600,cifar_sign_quality,cifar_cnn,quality-selected,sign_ef,fixed,3500,83500,1800,0
720,1.329123857,1.248270563,1.333655811,0.528,0.528,0.331,148795200,cifar_sign_quality,cifar_cnn,quality-selected,sign_ef,fixed,3500,83500,1800,0
780,1.320226587,1.233167688,1.327652539,0.5297,0.5297,0.306,161194800,cifar_sign_quality,cifar_cnn,quality-selected,sign_ef,fixed,3500,83500,1800,0
840,1.303577043,1.210707117,1.305975635,0.5335,0.5335,0.294,173594400,cifar_sign_quality,cifar_cnn,quality-selected,sign_ef,fixed,3500,83500,1800,0
900,1.306394781,1.208045966,1.311803656,0.535,0.535,0.28,185994000,cifar_sign_quality,cifar_cnn,quality-selected,sign_ef,fixed,3500,83500,1800,0
960,1.303921362,1.200400336,1.307174557,0.5375,0.5375,0.337,198393600,cifar_sign_quality,cifar_cnn,quality-selected,sign_ef,fixed,3500,83500,1800,0
1020,1.285803087,1.177906396,1.290999268,0.5398,0.5398,0.305,210793200,cifar_sign_quality,cifar_cnn,quality-selected,sign_ef,fixed,3500,83500,1800,0
1080,1.284544112,1.173536688,1.288913342,0.5433,0.5433,0.359,223192800,cifar_sign_quality,cifar_cnn,quality-selected,sign_ef,fixed,3500,83500,1800,0
1140,1.277305052,1.163425757,1.287525165,0.5423,0.5423,0.321,235592400,cifar_sign_quality,cifar_cnn,quality-selected,sign_ef,fixed,3500,83500,1800,0
1200,1.268375026,1.152422778,1.28562973,0.5463,0.5463,0.358,247992000,cifar_sign_quality,cifar_cnn,quality-selected,sign_ef,fixed,3500,83500,1800,0
1260,1.271612082,1.153020361,1.283434302,0.5462,0.5462,0.354,260391600,cifar_sign_quality,cifar_cnn,quality-selected,sign_ef,fixed,3500,83500,1800,0
1320,1.256750024,1.136647974,1.276491022,0.5497,0.5497,0.29,272791200,cifar_sign_quality,cifar_cnn,quality-selected,sign_ef,fixed,3500,83500,1800,0
1380,1.252521283,1.130943829,1.27319689,0.5542,0.5542,0.365,285190800,cifar_sign_quality,cifar_cnn,quality-selected,sign_ef,fixed,3500,83500,1800,0
1440,1.236922705,1.113711676,1.267160013,0.5536,0.5536,0.374,297590400,cifar_sign_quality,cifar_cnn,quality-selected,sign_ef,fixed,3500,83500,1800,0
1500,1.236790128,1.112014417,1.264153186,0.5578,0.5578,0.376,309990000,cifar_sign_quality,cifar_cnn,quality-selected,sign_ef,fixed,3500,83500,1800,0
1560,1.219799315,1.093306494,1.259215472,0.5577,0.5577,0.291,322389600,cifar_sign_quality,cifar_cnn,quality-selected,sign_ef,fixed,3500,83500,1800,0
1620,1.227748138,1.099422668,1.256991565,0.5577,0.5577,0.378,334789200,cifar_sign_quality,cifar_cnn,quality-selected,sign_ef,fixed,3500,83500,1800,0
1680,1.21283931,1.082647034,1.254303033,0.5591,0.5591,0.344,347188800,cifar_sign_quality,cifar_cnn,quality-selected,sign_ef,fixed,3500,83500,1800,0
1740,1.235087772,1.103077258,1.267961746,0.556,0.556,0.321,359588400,cifar_sign_quality,cifar_cnn,quality-selected,sign_ef,fixed,3500,83500,1800,0
1800,1.210079919,1.075977075,1.257296027,0.557,0.557,0.375,371988000,cifar_sign_quality,cifar_cnn,quality-selected,sign_ef,fixed,3500,83500,1800,0
1,2.593126212,2.559553821,2.579022754,0.0922,0.0922,0,206660,cifar_sign_quality,cifar_cnn,quality-selected,sign_ef,fixed,3600,83600,1800,1
60,1.845984288,1.813164197,1.81033374,0.358,0.358,0.199,12399600,cifar_sign_quality,cifar_cnn,quality-selected,sign_ef,fixed,3600,83600,1800,1
120,1.668040666,1.634304956,1.630100769,0.419,0.419,0.237,24799200,cifar_sign_quality,cifar_cnn,quality-selected,sign_ef,fixed,3600,83600,1800,1
180,1.56959815,1.533707422,1.533091776,0.4496,0.4496,0.221,37198800,cifar_sign_quality,cifar_cnn,quality-selected,sign_ef,fixed,3600,83600,1800,1
240,1.506064758,1.46694353,1.471659839,0.4728,0.4728,0.297,49598400,cifar_sign_quality,cifar_cnn,quality-selected,sign_ef,fixed,3600,83600,1800,1
300,1.469167725,1.425895215,1.432690668,0.4864,0.4864,0.258,61998000,cifar_sign_quality,cifar_cnn,quality-selected,sign_ef,fixed,3600,83600,1800,1
360,1.458487225,1.410465955,1.424693726,0.4891,0.4891,0.319,74397600,cifar_sign_quality,cifar_cnn,quality-selected,sign_ef,fixed,3600,83600,1800,1
420,1.425458764,1.372310864,1.394728522,0.5056,0.5056,0.331,86797200,cifar_sign_quality,cifar_cnn,quality-selected,sign_ef,fixed,3600,83600,1800,1
480,1.408977167,1.350396265,1.372877234,0.5109,0.5109,0.265,99196800,cifar_sign_quality,cifar_cnn,quality-selected,sign_ef,fixed,3600,83600,1800,1
540,1.3974258,1.333185596,1.359498236,0.5182,0.5182,0.357,111596400,cifar_sign_quality,cifar_cnn,quality-selected,sign_ef,fixed,3600,83600,1800,1
600,1.382116232,1.312084479,1.349976157,0.5211,0.5211,0.297,123996000,cifar_sign_quality,cifar_cnn,quality-selected,sign_ef,fixed,3600,83600,1800,1
660,1.37587673,1.299926367,1.342590863,0.5275,0.5275,0.355,136395600,cifar_sign_quality,cifar_cnn,quality-selected,sign_ef,fixed,3600,83600,1800,1
720,1.364355151,1.282484271,1.327548175,0.5332,0.5332,0.327,148795200,cifar_sign_quality,cifar_cnn,quality-selected,sign_ef,fixed,3600,83600,1800,1
780,1.349133241,1.261535852,1.31398299,0.5335,0.5335,0.303,161194800,cifar_sign_quality,cifar_cnn,quality-selected,sign_ef,fixed,3600,83600,1800,1
840,1.34587459,1.252820062,1.305023676,0.5418,0.5418,0.342,173594400,cifar_sign_quality,cifar_cnn,quality-selected,sign_ef,fixed,3600,83600,1800,1
900,1.332112804,1.233977039,1.293634814,0.5442,0.5442,0.382,185994000,cifar_sign_quality,cifar_cnn,quality-selected,sign_ef,fixed,3600,83600,1800,1
960,1.325497879,1.223118408,1.289722943,0.5465,0.5465,0.378,198393600,cifar_sign_quality,cifar_cnn,quality-selected,sign_ef,fixed,3600,83600,1800,1
1020,1.320394633,1.215046802,1.285718756,0.5466,0.5466,0.325,210793200,cifar_sign_quality,cifar_cnn,quality-selected,sign_ef,fixed,3600,83600,1800,1
1080,1.309980215,1.202320288,1.279989124,0.5516,0.5516,0.339,223192800,cifar_sign_quality,cifar_cnn,quality-selected,sign_ef,fixed,3600,83600,1800,1
1140,1.300767783,1.191748755,1.279537006,0.5468,0.5468,0.383,235592400,cifar_sign_quality,cifar_cnn,quality-selected,sign_ef,fixed,3600,83600,1800,1
1200,1.285775534,1.175278632,1.26592373,0.5537,0.5537,0.335,247992000,cifar_sign_quality,cifar_cnn,quality-selected,sign_ef,fixed,3600,83600,1800,1
1260,1.277999669,1.165833905,1.264832861,0.5532,0.5532,0.352,260391600,cifar_sign_quality,cifar_cnn,quality-selected,sign_ef,fixed,3600,83600,1800,1
1320,1.264961777,1.151289185,1.260394217,0.5529,0.5529,0.401,272791200,cifar_sign_quality,cifar_cnn,quality-selected,sign_ef,fixed,3600,83600,1800,1
1380,1.262768268,1.147796741,1.256497418,0.557,0.557,0.366,285190800,cifar_sign_quality,cifar_cnn,quality-selected,sign_ef,fixed,3600,83600,1800,1
1440,1.253099722,1.136379126,1.257047845,0.5569,0.5569,0.333,297590400,cifar_sign_quality,cifar_cnn,quality-selected,sign_ef,fixed,3600,83600,1800,1
1500,1.242868352,1.124610974,1.255598633,0.5588,0.5588,0.35,309990000,cifar_sign_quality,cifar_cnn,quality-selected,sign_ef,fixed,3600,83600,1800,1
1560,1.235625723,1.115565283,1.248730243,0.5647,0.5647,0.418,322389600,cifar_sign_quality,cifar_cnn,quality-selected,sign_ef,fixed,3600,83600,1800,1
1620,1.24408943,1.122239661,1.259997931,0.5538,0.5538,0.361,334789200,cifar_sign_quality,cifar_cnn,quality-selected,sign_ef,fixed,3600,83600,1800,1
1680,1.226888142,1.102943372,1.2469797,0.5602,0.5602,0.369,347188800,cifar_sign_quality,cifar_cnn,quality-selected,sign_ef,fixed,3600,83600,1800,1
1740,1.237438979,1.111286688,1.256544885,0.5627,0.5627,0.328,359588400,cifar_sign_quality,cifar_cnn,quality-selected,sign_ef,fixed,3600,83600,1800,1
1800,1.228878543,1.100656726,1.264843658,0.5579,0.5579,0.341,371988000,cifar_sign_quality,cifar_cnn,quality-selected,sign_ef,fixed,3600,83600,1800,1
1,2.625941699,2.592374622,2.588458051,0.0934,0.0934,0,206660,cifar_sign_quality,cifar_cnn,quality-selected,sign_ef,fixed,3700,83700,1800,2
60,1.889888895,1.857075952,1.845149362,0.3437,0.3437,0.144,12399600,cifar_sign_quality,cifar_cnn,quality-selected,sign_ef,fixed,3700,83700,1800,2
120,1.685268172,1.651443164,1.647839209,0.4156,0.4156,0.226,24799200,cifar_sign_quality,cifar_cnn,quality-selected,sign_ef,fixed,3700,83700,1800,2
180,1.583873788,1.547657971,1.545688361,0.445,0.445,0.279,37198800,cifar_sign_quality,cifar_cnn,quality-selected,sign_ef,fixed,3700,83700,1800,2
240,1.519630933,1.480221021,1.492164886,0.4597,0.4597,0.293,49598400,cifar_sign_quality,cifar_cnn,quality-selected,sign_ef,fixed,3700,83700,1800,2
300,1.480965506,1.437554663,1.452071564,0.4795,0.4795,0.273,61998000,cifar_sign_quality,cifar_cnn,quality-selected,sign_ef,fixed,3700,83700,1800,2
360,1.44697617,1.398868787,1.421056104,0.4913,0.4913,0.232,74397600,cifar_sign_quality,cifar_cnn,quality-selected,sign_ef,fixed,3700,83700,1800,2
420,1.413731922,1.360362915,1.398604358,0.5005,0.5005,0.287,86797200,cifar_sign_quality,cifar_cnn,quality-selected,sign_ef,fixed,3700,83700,1800,2
480,1.40249727,1.343581628,1.380811462,0.5049,0.5049,0.288,99196800,cifar_sign_quality,cifar_cnn,quality-selected,sign_ef,fixed,3700,83700,1800,2
540,1.376625645,1.312167249,1.359656097,0.516,0.516,0.291,111596400,cifar_sign_quality,cifar_cnn,quality-selected,sign_ef,fixed,3700,83700,1800,2
600,1.36012856,1.290193494,1.342733102,0.521,0.521,0.339,123996000,cifar_sign_quality,cifar_cnn,quality-selected,sign_ef,fixed,3700,83700,1800,2
660,1.347654872,1.271927295,1.327666888,0.5227,0.5227,0.338,136395600,cifar_sign_quality,cifar_cnn,quality-selected,sign_ef,fixed,3700,83700,1800,2
720,1.337112613,1.255679736,1.315666025,0.5301,0.5301,0.321,148795200,cifar_sign_quality,cifar_cnn,quality-selected,sign_ef,fixed,3700,83700,1800,2
780,1.326942505,1.240405212,1.305296277,0.5325,0.5325,0.29,161194800,cifar_sign_quality,cifar_cnn,quality-selected,sign_ef,fixed,3700,83700,1800,2
840,1.313282668,1.221420081,1.296711298,0.5392,0.5392,0.272,173594400,cifar_sign_quality,cifar_cnn,quality-selected,sign_ef,fixed,3700,83700,1800,2
900,1.300745819,1.204251099,1.284388727,0.5432,0.5432,0.368,185994000,cifar_sign_quality,cifar_cnn,quality-selected,sign_ef,fixed,3700,83700,1800,2
960,1.301074069,1.200481738,1.286958325,0.5426,0.5426,0.289,198393600,cifar_sign_quality,cifar_cnn,quality-selected,sign_ef,fixed,3700,83700,1800,2
1020,1.286892511,1.183063196,1.279246112,0.547,0.547,0.302,210793200,cifar_sign_quality,cifar_cnn,quality-selected,sign_ef,fixed,3700,83700,1800,2
1080,1.279182001,1.172703516,1.271907343,0.5529,0.5529,0.315,223192800,cifar_sign_quality,cifar_cnn,quality-selected,sign_ef,fixed,3700,83700,1800,2
1140,1.272084906,1.163210059,1.264864911,0.552,0.552,0.321,235592400,cifar_sign_quality,cifar_cnn,quality-selected,sign_ef,fixed,3700,83700,1800,2
1200,1.261545123,1.150706409,1.265295715,0.5538,0.5538,0.361,247992000,cifar_sign_quality,cifar_cnn,quality-selected,sign_ef,fixed,3700,83700,1800,2
1260,1.249178438,1.136494104,1.269619135,0.5502,0.5502,0.317,260391600,cifar_sign_quality,cifar_cnn,quality-selected,sign_ef,fixed,3700,83700,1800,2
1320,1.242879071,1.128729657,1.257402386,0.5533,0.5533,0.329,272791200,cifar_sign_quality,cifar_cnn,quality-selected,sign_ef,fixed,3700,83700,1800,2
1380,1.233987822,1.118419501,1.253925021,0.5559,0.5559,0.309,285190800,cifar_sign_quality,cifar_cnn,quality-selected,sign_ef,fixed,3700,83700,1800,2
1440,1.231379619,1.114338855,1.254691931,0.5577,0.5577,0.364,297590400,cifar_sign_quality,cifar_cnn,quality-selected,sign_ef,fixed,3700,83700,1800,2
1500,1.217973274,1.099521271,1.249712305,0.5568,0.5568,0.346,309990000,cifar_sign_quality,cifar_cnn,quality-selected,sign_ef,fixed,3700,83700,1800,2
1560,1.207043401,1.087157666,1.242279187,0.5625,0.5625,0.357,322389600,cifar_sign_quality,cifar_cnn,quality-selected,sign_ef,fixed,3700,83700,1800,2
1620,1.205693726,1.084496582,1.240133701,0.5619,0.5619,0.319,334789200,cifar_sign_quality,cifar_cnn,quality-selected,sign_ef,fixed,3700,83700,1800,2
1680,1.193837105,1.071019104,1.242137595,0.5583,0.5583,0.359,347188800,cifar_sign_quality,cifar_cnn,quality-selected,sign_ef,fixed,3700,83700,1800,2
1740,1.189220645,1.06496123,1.238383453,0.5668,0.5668,0.332,359588400,cifar_sign_quality,cifar_cnn,quality-selected,sign_ef,fixed,3700,83700,1800,2
1800,1.188357919,1.062839471,1.244773297,0.5644,0.5644,0.338,371988000,cifar_sign_quality,cifar_cnn,quality-selected,sign_ef,fixed,3700,83700,1800,2
1,2.608198362,2.574625208,2.590684222,0.0946,0.0946,0,206660,cifar_sign_quality,cifar_cnn,quality-selected,sign_ef,fixed,3800,83800,1800,3
60,1.830467832,1.797664758,1.816837415,0.3565,0.3565,0.166,12399600,cifar_sign_quality,cifar_cnn,quality-selected,sign_ef,fixed,3800,83800,1800,3
120,1.660027112,1.62637373,1.647081042,0.4088,0.4088,0.228,24799200,cifar_sign_quality,cifar_cnn,quality-selected,sign_ef,fixed,3800,83800,1800,3
180,1.540002889,1.504424524,1.531720526,0.4508,0.4508,0.239,37198800,cifar_sign_quality,cifar_cnn,quality-selected,sign_ef,fixed,3800,83800,1800,3
240,1.469575908,1.431133838,1.467090939,0.4726,0.4726,0.27,49598400,cifar_sign_quality,cifar_cnn,quality-selected,sign_ef,fixed,3800,83800,1800,3
300,1.419345843,1.377099219,1.427134778,0.4919,0.4919,0.323,61998000,cifar_sign_quality,cifar_cnn,quality-selected,sign_ef,fixed,3800,83800,1800,3
360,1.405350339,1.359016797,1.412191351,0.4946,0.4946,0.289,74397600,cifar_sign_quality,cifar_cnn,quality-selected,sign_ef,fixed,3800,83800,1800,3
420,1.367429088,1.31639928,1.381499573,0.5064,0.5064,0.234,86797200,cifar_sign_quality,cifar_cnn,quality-selected,sign_ef,fixed,3800,83800,1800,3
480,1.343224038,1.287135724,1.362425366,0.5147,0.5147,0.309,99196800,cifar_sign_quality,cifar_cnn,quality-selected,sign_ef,fixed,3800,83800,1800,3
540,1.333531361,1.272226776,1.351255353,0.5203,0.5203,0.338,111596400,cifar_sign_quality,cifar_cnn,quality-selected,sign_ef,fixed,3800,83800,1800,3
600,1.324978294,1.258391998,1.342927026,0.522,0.522,0.296,123996000,cifar_sign_quality,cifar_cnn,quality-selected,sign_ef,fixed,3800,83800,1800,3
660,1.308089032,1.235922192,1.330278439,0.5326,0.5326,0.288,136395600,cifar_sign_quality,cifar_cnn,quality-selected,sign_ef,fixed,3800,83800,1800,3
720,1.300283084,1.222530353,1.321815311,0.5351,0.5351,0.327,148795200,cifar_sign_quality,cifar_cnn,quality-selected,sign_ef,fixed,3800,83800,1800,3
780,1.306671686,1.223447595,1.327880884,0.5325,0.5325,0.26,161194800,cifar_sign_quality,cifar_cnn,quality-selected,sign_ef,fixed,3800,83800,1800,3
840,1.285577072,1.197293365,1.308678827,0.5384,0.5384,0.366,173594400,cifar_sign_quality,cifar_cnn,quality-selected,sign_ef,fixed,3800,83800,1800,3
900,1.280591426,1.187871387,1.300133771,0.5431,0.5431,0.345,185994000,cifar_sign_quality,cifar_cnn,quality-selected,sign_ef,fixed,3800,83800,1800,3
960,1.271452599,1.174370117,1.294269284,0.5471,0.5471,0.352,198393600,cifar_sign_quality,cifar_cnn,quality-selected,sign_ef,fixed,3800,83800,1800,3
1020,1.265051591,1.164016901,1.289907761,0.5466,0.5466,0.318,210793200,cifar_sign_quality,cifar_cnn,quality-selected,sign_ef,fixed,3800,83800,1800,3
1080,1.274053239,1.170006281,1.300059973,0.544,0.544,0.338,223192800,cifar_sign_quality,cifar_cnn,quality-selected,sign_ef,fixed,3800,83800,1800,3
1140,1.247147192,1.140451941,1.276261682,0.5498,0.5498,0.357,235592400,cifar_sign_quality,cifar_cnn,quality-selected,sign_ef,fixed,3800,83800,1800,3
1200,1.244616861,1.13558761,1.277710352,0.5519,0.5519,0.35,247992000,cifar_sign_quality,cifar_cnn,quality-selected,sign_ef,fixed,3800,83800,1800,3
1260,1.23848362,1.12723053,1.272832526,0.5498,0.5498,0.361,260391600,cifar_sign_quality,cifar_cnn,quality-selected,sign_ef,fixed,3800,83800,1800,3
1320,1.241244351,1.128040051,1.272576617,0.5515,0.5515,0.337,272791200,cifar_sign_quality,cifar_cnn,quality-selected,sign_ef,fixed,3800,83800,1800,3
1380,1.230913867,1.117030109,1.268329846,0.5497,0.5497,0.353,285190800,cifar_sign_quality,cifar_cnn,quality-selected,sign_ef,fixed,3800,83800,1800,3
1440,1.226197481,1.111637842,1.265781995,0.5541,0.5541,0.375,297590400,cifar_sign_quality,cifar_cnn,quality-selected,sign_ef,fixed,3800,83800,1800,3
1500,1.207953186,1.092717865,1.259488953,0.5546,0.5546,0.341,309990000,cifar_sign_quality,cifar_cnn,quality-selected,sign_ef,fixed,3800,83800,1800,3
1560,1.206994846,1.091041187,1.259405215,0.5567,0.5567,0.387,322389600,cifar_sign_quality,cifar_cnn,quality-selected,sign_ef,fixed,3800,83800,1800,3
1620,1.203450681,1.086723462,1.263595636,0.5562,0.5562,0.331,334789200,cifar_sign_quality,cifar_cnn,quality-selected,sign_ef,fixed,3800,83800,1800,3
1680,1.212247105,1.094545453,1.267508832,0.5558,0.5558,0.366,347188800,cifar_sign_quality,cifar_cnn,quality-selected,sign_ef,fixed,3800,83800,1800,3
1740,1.190802007,1.072169049,1.263515961,0.5545,0.5545,0.365,359588400,cifar_sign_quality,cifar_cnn,quality-selected,sign_ef,fixed,3800,83800,1800,3
1800,1.189956767,1.070361499,1.262989807,0.5557,0.5557,0.321,371988000,cifar_sign_quality,cifar_cnn,quality-selected,sign_ef,fixed,3800,83800,1800,3
1,2.605094703,2.571523547,2.57742356,0.0963,0.0963,0,206660,cifar_sign_quality,cifar_cnn,quality-selected,sign_ef,fixed,3900,83900,1800,4
60,1.861473343,1.828691467,1.831937335,0.35,0.35,0.183,12399600,cifar_sign_quality,cifar_cnn,quality-selected,sign_ef,fixed,3900,83900,1800,4
120,1.653024814,1.619214587,1.634546918,0.4146,0.4146,0.209,24799200,cifar_sign_quality,cifar_cnn,quality-selected,sign_ef,fixed,3900,83900,1800,4
180,1.54383264,1.50778501,1.53091803,0.4458,0.4458,0.244,37198800,cifar_sign_quality,cifar_cnn,quality-selected,sign_ef,fixed,3900,83900,1800,4
240,1.476606812,1.437574829,1.472632373,0.4711,0.4711,0.282,49598400,cifar_sign_quality,cifar_cnn,quality-selected,sign_ef,fixed,3900,83900,1800,4
300,1.451756631,1.408999536,1.444372705,0.4851,0.4851,0.305,61998000,cifar_sign_quality,cifar_cnn,quality-selected,sign_ef,fixed,3900,83900,1800,4
360,1.423869554,1.376618066,1.41566333,0.4947,0.4947,0.308,74397600,cifar_sign_quality,cifar_cnn,quality-selected,sign_ef,fixed,3900,83900,1800,4
420,1.400893868,1.34861665,1.394061328,0.5017,0.5017,0.287,86797200,cifar_sign_quality,cifar_cnn,quality-selected,sign_ef,fixed,3900,83900,1800,4
480,1.385111498,1.327411108,1.381483304,0.5103,0.5103,0.348,99196800,cifar_sign_quality,cifar_cnn,quality-selected,sign_ef,fixed,3900,83900,1800,4
540,1.375395856,1.311651807,1.367569073,0.5162,0.5162,0.311,111596400,cifar_sign_quality,cifar_cnn,quality-selected,sign_ef,fixed,3900,83900,1800,4
600,1.35906075,1.289097791,1.34998158,0.5236,0.5236,0.304,123996000,cifar_sign_quality,cifar_cnn,quality-selected,sign_ef,fixed,3900,83900,1800,4
660,1.351745412,1.2755547,1.341589288,0.5279,0.5279,0.359,136395600,cifar_sign_quality,cifar_cnn,quality-selected,sign_ef,fixed,3900,83900,1800,4
720,1.336374753,1.254138318,1.330132196,0.5307,0.5307,0.366,148795200,cifar_sign_quality,cifar_cnn,quality-selected,sign_ef,fixed,3900,83900,1800,4
780,1.341102783,1.252982117,1.326610046,0.5326,0.5326,0.326,161194800,cifar_sign_quality,cifar_cnn,quality-selected,sign_ef,fixed,3900,83900,1800,4
840,1.328975993,1.235331561,1.314133017,0.5407,0.5407,0.28,173594400,cifar_sign_quality,cifar_cnn,quality-selected,sign_ef,fixed,3900,83900,1800,4
900,1.315935042,1.217697577,1.303382458,0.5439,0.5439,0.32,185994000,cifar_sign_quality,cifar_cnn,quality-selected,sign_ef,fixed,3900,83900,1800,4
960,1.307026891,1.205014264,1.294216721,0.5449,0.5449,0.329,198393600,cifar_sign_quality,cifar_cnn,quality-selected,sign_ef,fixed,3900,83900,1800,4
1020,1.298373253,1.193021149,1.28761358,0.5472,0.5472,0.362,210793200,cifar_sign_quality,cifar_cnn,quality-selected,sign_ef,fixed,3900,83900,1800,4
1080,1.288759579,1.18028819,1.280738916,0.5514,0.5514,0.34,223192800,cifar_sign_quality,cifar_cnn,quality-selected,sign_ef,fixed,3900,83900,1800,4
1140,1.283934413,1.172472552,1.284334515,0.5514,0.5514,0.308,235592400,cifar_sign_quality,cifar_cnn,quality-selected,sign_ef,fixed,3900,83900,1800,4
1200,1.274892509,1.161077972,1.276849042,0.5523,0.5523,0.396,247992000,cifar_sign_quality,cifar_cnn,quality-selected,sign_ef,fixed,3900,83900,1800,4
1260,1.265777724,1.149633948,1.267594318,0.5568,0.5568,0.38,260391600,cifar_sign_quality,cifar_cnn,quality-selected,sign_ef,fixed,3900,83900,1800,4
1320,1.26825641,1.150378931,1.278240262,0.5539,0.5539,0.266,272791200,cifar_sign_quality,cifar_cnn,quality-selected,sign_ef,fixed,3900,83900,1800,4
1380,1.249051114,1.129365826,1.264654565,0.559,0.559,0.29,285190800,cifar_sign_quality,cifar_cnn,quality-selected,sign_ef,fixed,3900,83900,1800,4
1440,1.234369551,1.112860541,1.252704901,0.5626,0.5626,0.399,297590400,cifar_sign_quality,cifar_cnn,quality-selected,sign_ef,fixed,3900,83900,1800,4
1500,1.247616055,1.123689038,1.266266733,0.5597,0.5597,0.388,309990000,cifar_sign_quality,cifar_cnn,quality-selected,sign_ef,fixed,3900,83900,1800,4
1560,1.226343756,1.100410376,1.255562027,0.5637,0.5637,0.336,322389600,cifar_sign_quality,cifar_cnn,quality-selected,sign_ef,fixed,3900,83900,1800,4
1620,1.214780093,1.086798938,1.246666754,0.5637,0.5637,0.34,334789200,cifar_sign_quality,cifar_cnn,quality-selected,sign_ef,fixed,3900,83900,1800,4
1680,1.215427414,1.08511026,1.254915173,0.5638,0.5638,0.364,347188800,cifar_sign_quality,cifar_cnn,quality-selected,sign_ef,fixed,3900,83900,1800,4
1740,1.200590802,1.068367566,1.244610849,0.5698,0.5698,0.368,359588400,cifar_sign_quality,cifar_cnn,quality-selected,sign_ef,fixed,3900,83900,1800,4
1800,1.197918848,1.063436853,1.243206564,0.5683,0.5683,0.412,371988000,cifar_sign_quality,cifar_cnn,quality-selected,sign_ef,fixed,3900,83900,1800,4
1,2.605937256,2.572368652,2.580115216,0.0933,0.0933,0,206660,cifar_sign_quality,cifar_cnn,quality-selected,sign_ef,fixed,4000,84000,1800,5
60,1.846687591,1.813813403,1.81334834,0.3612,0.3612,0.182,12399600,cifar_sign_quality,cifar_cnn,quality-selected,sign_ef,fixed,4000,84000,1800,5
120,1.654446735,1.620505188,1.626958591,0.4189,0.4189,0.259,24799200,cifar_sign_quality,cifar_cnn,quality-selected,sign_ef,fixed,4000,84000,1800,5
180,1.549674371,1.513553979,1.523719348,0.4535,0.4535,0.261,37198800,cifar_sign_quality,cifar_cnn,quality-selected,sign_ef,fixed,4000,84000,1800,5
240,1.493581615,1.454201538,1.4692995,0.4721,0.4721,0.297,49598400,cifar_sign_quality,cifar_cnn,quality-selected,sign_ef,fixed,4000,84000,1800,5
300,1.441203519,1.39758125,1.426731366,0.4876,0.4876,0.267,61998000,cifar_sign_quality,cifar_cnn,quality-selected,sign_ef,fixed,4000,84000,1800,5
360,1.415926458,1.36749093,1.401280359,0.5008,0.5008,0.356,74397600,cifar_sign_quality,cifar_cnn,quality-selected,sign_ef,fixed,4000,84000,1800,5
420,1.381129437,1.327475598,1.374604703,0.5099,0.5099,0.267,86797200,cifar_sign_quality,cifar_cnn,quality-selected,sign_ef,fixed,4000,84000,1800,5
480,1.372141893,1.312872156,1.359270007,0.517,0.517,0.381,99196800,cifar_sign_quality,cifar_cnn,quality-selected,sign_ef,fixed,4000,84000,1800,5
540,1.34916496,1.283835767,1.342197852,0.524,0.524,0.269,111596400,cifar_sign_quality,cifar_cnn,quality-selected,sign_ef,fixed,4000,84000,1800,5
600,1.336199205,1.264722803,1.325814948,0.531,0.531,0.378,123996000,cifar_sign_quality,cifar_cnn,quality-selected,sign_ef,fixed,4000,84000,1800,5
660,1.329988118,1.252082532,1.321287387,0.5343,0.5343,0.36,136395600,cifar_sign_quality,cifar_cnn,quality-selected,sign_ef,fixed,4000,84000,1800,5
720,1.312281958,1.227892828,1.305622653,0.5417,0.5417,0.337,148795200,cifar_sign_quality,cifar_cnn,quality-selected,sign_ef,fixed,4000,84000,1800,5
780,1.297628856,1.206914508,1.293675092,0.5476,0.5476,0.287,161194800,cifar_sign_quality,cifar_cnn,quality-selected,sign_ef,fixed,4000,84000,1800,5
840,1.292640027,1.19592323,1.283697437,0.5502,0.5502,0.354,173594400,cifar_sign_quality,cifar_cnn,quality-selected,sign_ef,fixed,4000,84000,1800,5
900,1.292320972,1.189776782,1.280912738,0.5496,0.5496,0.342,185994000,cifar_sign_quality,cifar_cnn,quality-selected,sign_ef,fixed,4000,84000,1800,5
960,1.282761502,1.175236737,1.275639053,0.555,0.555,0.313,198393600,cifar_sign_quality,cifar_cnn,quality-selected,sign_ef,fixed,4000,84000,1800,5
1020,1.27582805,1.163969995,1.263140228,0.5531,0.5531,0.34,210793200,cifar_sign_quality,cifar_cnn,quality-selected,sign_ef,fixed,4000,84000,1800,5
1080,1.262495506,1.14716452,1.257330206,0.5543,0.5543,0.36,223192800,cifar_sign_quality,cifar_cnn,quality-selected,sign_ef,fixed,4000,84000,1800,5
1140,1.244623665,1.126817749,1.251247134,0.5614,0.5614,0.377,235592400,cifar_sign_quality,cifar_cnn,quality-selected,sign_ef,fixed,4000,84000,1800,5
1200,1.240255302,1.120606201,1.255867834,0.5626,0.5626,0.328,247992000,cifar_sign_quality,cifar_cnn,quality-selected,sign_ef,fixed,4000,84000,1800,5
1260,1.231368091,1.110549274,1.249053833,0.5589,0.5589,0.317,260391600,cifar_sign_quality,cifar_cnn,quality-selected,sign_ef,fixed,4000,84000,1800,5
1320,1.221750433,1.099878271,1.239500735,0.5654,0.5654,0.376,272791200,cifar_sign_quality,cifar_cnn,quality-selected,sign_ef,fixed,4000,84000,1800,5
1380,1.212813206,1.089697034,1.233629352,0.5645,0.5645,0.349,285190800,cifar_sign_quality,cifar_cnn,quality-selected,sign_ef,fixed,4000,84000,1800,5
1440,1.205881262,1.081748145,1.239875613,0.5633,0.5633,0.351,297590400,cifar_sign_quality,cifar_cnn,quality-selected,sign_ef,fixed,4000,84000,1800,5
1500,1.194355431,1.069313629,1.226792358,0.5689,0.5689,0.39,309990000,cifar_sign_quality,cifar_cnn,quality-selected,sign_ef,fixed,4000,84000,1800,5
1560,1.190993932,1.065207654,1.229818027,0.5714,0.5714,0.352,322389600,cifar_sign_quality,cifar_cnn,quality-selected,sign_ef,fixed,4000,84000,1800,5
1620,1.182911938,1.05609248,1.230722119,0.5714,0.5714,0.337,334789200,cifar_sign_quality,cifar_cnn,quality-selected,sign_ef,fixed,4000,84000,1800,5
1680,1.172460762,1.044769562,1.222969424,0.5755,0.5755,0.366,347188800,cifar_sign_quality,cifar_cnn,quality-selected,sign_ef,fixed,4000,84000,1800,5
1740,1.176924677,1.048195337,1.223887537,0.5718,0.5718,0.392,359588400,cifar_sign_quality,cifar_cnn,quality-selected,sign_ef,fixed,4000,84000,1800,5
1800,1.174995425,1.045374683,1.231849136,0.5698,0.5698,0.373,371988000,cifar_sign_quality,cifar_cnn,quality-selected,sign_ef,fixed,4000,84000,1800,5
1,2.604991781,2.571424219,2.581409375,0.0924,0.0924,0,206660,cifar_sign_quality,cifar_cnn,quality-selected,sign_ef,fixed,4100,84100,1800,6
60,1.842775294,1.809965625,1.82621647,0.3549,0.3549,0.199,12399600,cifar_sign_quality,cifar_cnn,quality-selected,sign_ef,fixed,4100,84100,1800,6
120,1.657682617,1.623976501,1.631824677,0.4168,0.4168,0.223,24799200,cifar_sign_quality,cifar_cnn,quality-selected,sign_ef,fixed,4100,84100,1800,6
180,1.559818521,1.523942773,1.534007355,0.4441,0.4441,0.23,37198800,cifar_sign_quality,cifar_cnn,quality-selected,sign_ef,fixed,4100,84100,1800,6
240,1.492983846,1.45395564,1.468969995,0.4724,0.4724,0.315,49598400,cifar_sign_quality,cifar_cnn,quality-selected,sign_ef,fixed,4100,84100,1800,6
300,1.457218924,1.414284949,1.439157687,0.4811,0.4811,0.261,61998000,cifar_sign_quality,cifar_cnn,quality-selected,sign_ef,fixed,4100,84100,1800,6
360,1.423246489,1.375737952,1.406133792,0.4969,0.4969,0.301,74397600,cifar_sign_quality,cifar_cnn,quality-selected,sign_ef,fixed,4100,84100,1800,6
420,1.399217362,1.346552502,1.388029889,0.5023,0.5023,0.291,86797200,cifar_sign_quality,cifar_cnn,quality-selected,sign_ef,fixed,4100,84100,1800,6
480,1.378048674,1.320000037,1.369858023,0.5168,0.5168,0.313,99196800,cifar_sign_quality,cifar_cnn,quality-selected,sign_ef,fixed,4100,84100,1800,6
540,1.366558237,1.302519983,1.357002286,0.5202,0.5202,0.35,111596400,cifar_sign_quality,cifar_cnn,quality-selected,sign_ef,fixed,4100,84100,1800,6
600,1.356276155,1.286136774,1.345986066,0.5245,0.5245,0.339,123996000,cifar_sign_quality,cifar_cnn,quality-selected,sign_ef,fixed,4100,84100,1800,6
660,1.344757332,1.268247192,1.341220294,0.5239,0.5239,0.32,136395600,cifar_sign_quality,cifar_cnn,quality-selected,sign_ef,fixed,4100,84100,1800,6
720,1.327217023,1.244296948,1.322797656,0.5322,0.5322,0.344,148795200,cifar_sign_quality,cifar_cnn,quality-selected,sign_ef,fixed,4100,84100,1800,6
780,1.319651024,1.230645447,1.315354065,0.534,0.534,0.357,161194800,cifar_sign_quality,cifar_cnn,quality-selected,sign_ef,fixed,4100,84100,1800,6
840,1.315780016,1.220462427,1.305265918,0.5413,0.5413,0.301,173594400,cifar_sign_quality,cifar_cnn,quality-selected,sign_ef,fixed,4100,84100,1800,6
900,1.307665193,1.206521143,1.296726596,0.5399,0.5399,0.316,185994000,cifar_sign_quality,cifar_cnn,quality-selected,sign_ef,fixed,4100,84100,1800,6
960,1.299438734,1.19312464,1.29148208,0.5453,0.5453,0.341,198393600,cifar_sign_quality,cifar_cnn,quality-selected,sign_ef,fixed,4100,84100,1800,6
1020,1.306490939,1.195948352,1.303383746,0.5377,0.5377,0.271,210793200,cifar_sign_quality,cifar_cnn,quality-selected,sign_ef,fixed,4100,84100,1800,6
1080,1.297218922,1.183530072,1.2967435,0.545,0.545,0.296,223192800,cifar_sign_quality,cifar_cnn,quality-selected,sign_ef,fixed,4100,84100,1800,6
1140,1.288282097,1.173071899,1.282697784,0.5456,0.5456,0.331,235592400,cifar_sign_quality,cifar_cnn,quality-selected,sign_ef,fixed,4100,84100,1800,6
1200,1.268335983,1.152184174,1.270037567,0.5485,0.5485,0.388,247992000,cifar_sign_quality,cifar_cnn,quality-selected,sign_ef,fixed,4100,84100,1800,6
1260,1.257417419,1.140384766,1.262997879,0.5517,0.5517,0.382,260391600,cifar_sign_quality,cifar_cnn,quality-selected,sign_ef,fixed,4100,84100,1800,6
1320,1.259922658,1.142572217,1.266114911,0.5524,0.5524,0.291,272791200,cifar_sign_quality,cifar_cnn,quality-selected,sign_ef,fixed,4100,84100,1800,6
1380,1.235826414,1.118297217,1.250369403,0.5606,0.5606,0.388,285190800,cifar_sign_quality,cifar_cnn,quality-selected,sign_ef,fixed,4100,84100,1800,6
1440,1.232916385,1.115178027,1.255566992,0.5573,0.5573,0.307,297590400,cifar_sign_quality,cifar_cnn,quality-selected,sign_ef,fixed,4100,84100,1800,6
1500,1.221796692,1.104008484,1.255835361,0.5563,0.5563,0.304,309990000,cifar_sign_quality,cifar_cnn,quality-selected,sign_ef,fixed,4100,84100,1800,6
1560,1.211406065,1.093322302,1.249637253,0.5588,0.5588,0.316,322389600,cifar_sign_quality,cifar_cnn,quality-selected,sign_ef,fixed,4100,84100,1800,6
1620,1.206000093,1.087270349,1.247973608,0.5597,0.5597,0.368,334789200,cifar_sign_quality,cifar_cnn,quality-selected,sign_ef,fixed,4100,84100,1800,6
1680,1.195938422,1.076555304,1.241975854,0.5624,0.5624,0.399,347188800,cifar_sign_quality,cifar_cnn,quality-selected,sign_ef,fixed,4100,84100,1800,6
1740,1.194347562,1.07420802,1.245576224,0.5606,0.5606,0.311,359588400,cifar_sign_quality,cifar_cnn,quality-selected,sign_ef,fixed,4100,84100,1800,6
1800,1.186345737,1.065468555,1.245015265,0.5633,0.5633,0.37,371988000,cifar_sign_quality,cifar_cnn,quality-selected,sign_ef,fixed,4100,84100,1800,6
1,2.58948145,2.55591792,2.585331287,0.0937,0.0937,0,206660,cifar_sign_quality,cifar_cnn,quality-selected,sign_ef,fixed,4200,84200,1800,7
60,1.853317423,1.820492712,1.828714581,0.3535,0.3535,0.132,12399600,cifar_sign_quality,cifar_cnn,quality-selected,sign_ef,fixed,4200,84200,1800,7
120,1.647452374,1.6137375,1.633596985,0.4204,0.4204,0.245,24799200,cifar_sign_quality,cifar_cnn,quality-selected,sign_ef,fixed,4200,84200,1800,7
180,1.530482561,1.494603308,1.527166962,0.4556,0.4556,0.265,37198800,cifar_sign_quality,cifar_cnn,quality-selected,sign_ef,fixed,4200,84200,1800,7
240,1.4657437,1.426844141,1.467373654,0.4769,0.4769,0.279,49598400,cifar_sign_quality,cifar_cnn,quality-selected,sign_ef,fixed,4200,84200,1800,7
300,1.427138438,1.384298804,1.434120502,0.4887,0.4887,0.269,61998000,cifar_sign_quality,cifar_cnn,quality-selected,sign_ef,fixed,4200,84200,1800,7
360,1.396486688,1.349167871,1.400998138,0.5027,0.5027,0.316,74397600,cifar_sign_quality,cifar_cnn,quality-selected,sign_ef,fixed,4200,84200,1800,7
420,1.380574879,1.328423645,1.385278503,0.5054,0.5054,0.319,86797200,cifar_sign_quality,cifar_cnn,quality-selected,sign_ef,fixed,4200,84200,1800,7
480,1.356997222,1.299629077,1.367236935,0.5174,0.5174,0.322,99196800,cifar_sign_quality,cifar_cnn,quality-selected,sign_ef,fixed,4200,84200,1800,7
540,1.350404487,1.287728625,1.362108621,0.5173,0.5173,0.276,111596400,cifar_sign_quality,cifar_cnn,quality-selected,sign_ef,fixed,4200,84200,1800,7
600,1.327170752,1.258952673,1.340561404,0.5247,0.5247,0.355,123996000,cifar_sign_quality,cifar_cnn,quality-selected,sign_ef,fixed,4200,84200,1800,7
660,1.32424492,1.250057916,1.33687355,0.5285,0.5285,0.298,136395600,cifar_sign_quality,cifar_cnn,quality-selected,sign_ef,fixed,4200,84200,1800,7
720,1.311730966,1.232057367,1.324567529,0.5333,0.5333,0.363,148795200,cifar_sign_quality,cifar_cnn,quality-selected,sign_ef,fixed,4200,84200,1800,7
780,1.295632428,1.210583142,1.310658002,0.5377,0.5377,0.358,161194800,cifar_sign_quality,cifar_cnn,quality-selected,sign_ef,fixed,4200,84200,1800,7
840,1.288881194,1.198776099,1.305349457,0.5426,0.5426,0.369,173594400,cifar_sign_quality,cifar_cnn,quality-selected,sign_ef,fixed,4200,84200,1800,7
900,1.27992908,1.185202686,1.290743359,0.5468,0.5468,0.319,185994000,cifar_sign_quality,cifar_cnn,quality-selected,sign_ef,fixed,4200,84200,1800,7
960,1.272238521,1.173793628,1.288316324,0.5463,0.5463,0.344,198393600,cifar_sign_quality,cifar_cnn,quality-selected,sign_ef,fixed,4200,84200,1800,7
1020,1.265158138,1.163615283,1.280875513,0.547,0.547,0.295,210793200,cifar_sign_quality,cifar_cnn,quality-selected,sign_ef,fixed,4200,84200,1800,7
1080,1.24884017,1.144867865,1.273635239,0.5497,0.5497,0.33,223192800,cifar_sign_quality,cifar_cnn,quality-selected,sign_ef,fixed,4200,84200,1800,7
1140,1.256014326,1.149860205,1.273724835,0.5548,0.5548,0.378,235592400,cifar_sign_quality,cifar_cnn,quality-selected,sign_ef,fixed,4200,84200,1800,7
1200,1.24948226,1.141172797,1.271446332,0.5535,0.5535,0.25,247992000,cifar_sign_quality,cifar_cnn,quality-selected,sign_ef,fixed,4200,84200,1800,7
1260,1.231033961,1.120935046,1.263084137,0.5556,0.5556,0.337,260391600,cifar_sign_quality,cifar_cnn,quality-selected,sign_ef,fixed,4200,84200,1800,7
1320,1.224469699,1.112391925,1.25509285,0.5561,0.5561,0.373,272791200,cifar_sign_quality,cifar_cnn,quality-selected,sign_ef,fixed,4200,84200,1800,7
1380,1.22168703,1.107713885,1.250577539,0.5625,0.5625,0.36,285190800,cifar_sign_quality,cifar_cnn,quality-selected,sign_ef,fixed,4200,84200,1800,7
1440,1.210023445,1.094475769,1.247387866,0.5578,0.5578,0.351,297590400,cifar_sign_quality,cifar_cnn,quality-selected,sign_ef,fixed,4200,84200,1800,7
1500,1.204132408,1.086809631,1.245157767,0.563,0.563,0.407,309990000,cifar_sign_quality,cifar_cnn,quality-selected,sign_ef,fixed,4200,84200,1800,7
1560,1.201284335,1.081708545,1.254587708,0.5602,0.5602,0.38,322389600,cifar_sign_quality,cifar_cnn,quality-selected,sign_ef,fixed,4200,84200,1800,7
1620,1.20044939,1.078652026,1.245480328,0.5612,0.5612,0.287,334789200,cifar_sign_quality,cifar_cnn,quality-selected,sign_ef,fixed,4200,84200,1800,7
1680,1.188145483,1.063736029,1.24484617,0.562,0.562,0.371,347188800,cifar_sign_quality,cifar_cnn,quality-selected,sign_ef,fixed,4200,84200,1800,7
1740,1.185851622,1.059431616,1.242742712,0.564,0.564,0.383,359588400,cifar_sign_quality,cifar_cnn,quality-selected,sign_ef,fixed,4200,84200,1800,7
1800,1.184749396,1.056175391,1.256288403,0.5612,0.5612,0.384,371988000,cifar_sign_quality,cifar_cnn,quality-selected,sign_ef,fixed,4200,84200,1800,7
1,2.604325196,2.570758984,2.577859351,0.092,0.092,0,206660,cifar_sign_quality,cifar_cnn,quality-selected,sign_ef,fixed,4300,84300,1800,8
60,1.862914976,1.830100244,1.826160107,0.3479,0.3479,0.184,12399600,cifar_sign_quality,cifar_cnn,quality-selected,sign_ef,fixed,4300,84300,1800,8
120,1.665828818,1.632025,1.641330908,0.4119,0.4119,0.246,24799200,cifar_sign_quality,cifar_cnn,quality-selected,sign_ef,fixed,4300,84300,1800,8
180,1.531040275,1.495075549,1.526517822,0.449,0.449,0.233,37198800,cifar_sign_quality,cifar_cnn,quality-selected,sign_ef,fixed,4300,84300,1800,8
240,1.466020345,1.426988062,1.468759332,0.4696,0.4696,0.279,49598400,cifar_sign_quality,cifar_cnn,quality-selected,sign_ef,fixed,4300,84300,1800,8
300,1.433880101,1.391023022,1.44025112,0.4801,0.4801,0.267,61998000,cifar_sign_quality,cifar_cnn,quality-selected,sign_ef,fixed,4300,84300,1800,8
360,1.398012032,1.350675061,1.403103204,0.5005,0.5005,0.271,74397600,cifar_sign_quality,cifar_cnn,quality-selected,sign_ef,fixed,4300,84300,1800,8
420,1.38222828,1.329720746,1.38568891,0.5119,0.5119,0.3,86797200,cifar_sign_quality,cifar_cnn,quality-selected,sign_ef,fixed,4300,84300,1800,8
480,1.358856506,1.300900269,1.371432843,0.5135,0.5135,0.327,99196800,cifar_sign_quality,cifar_cnn,quality-selected,sign_ef,fixed,4300,84300,1800,8
540,1.346161713,1.282428345,1.353384241,0.5187,0.5187,0.284,111596400,cifar_sign_quality,cifar_cnn,quality-selected,sign_ef,fixed,4300,84300,1800,8
600,1.339011469,1.26962417,1.344533484,0.5221,0.5221,0.232,123996000,cifar_sign_quality,cifar_cnn,quality-selected,sign_ef,fixed,4300,84300,1800,8
660,1.324233646,1.249153186,1.332120142,0.5261,0.5261,0.37,136395600,cifar_sign_quality,cifar_cnn,quality-selected,sign_ef,fixed,4300,84300,1800,8
720,1.32130153,1.240368066,1.32490842,0.5314,0.5314,0.347,148795200,cifar_sign_quality,cifar_cnn,quality-selected,sign_ef,fixed,4300,84300,1800,8
780,1.307836523,1.221193365,1.316563565,0.538,0.538,0.385,161194800,cifar_sign_quality,cifar_cnn,quality-selected,sign_ef,fixed,4300,84300,1800,8
840,1.306605432,1.215141992,1.315246783,0.5408,0.5408,0.345,173594400,cifar_sign_quality,cifar_cnn,quality-selected,sign_ef,fixed,4300,84300,1800,8
900,1.299091762,1.203291766,1.305250049,0.5407,0.5407,0.28,185994000,cifar_sign_quality,cifar_cnn,quality-selected,sign_ef,fixed,4300,84300,1800,8
960,1.286287421,1.18695365,1.296380225,0.5414,0.5414,0.293,198393600,cifar_sign_quality,cifar_cnn,quality-selected,sign_ef,fixed,4300,84300,1800,8
1020,1.28336465,1.181103931,1.292854211,0.5427,0.5427,0.33,210793200,cifar_sign_quality,cifar_cnn,quality-selected,sign_ef,fixed,4300,84300,1800,8
1080,1.277952078,1.173516852,1.287487521,0.544,0.544,0.302,223192800,cifar_sign_quality,cifar_cnn,quality-selected,sign_ef,fixed,4300,84300,1800,8
1140,1.256235776,1.149633069,1.274701648,0.5522,0.5522,0.345,235592400,cifar_sign_quality,cifar_cnn,quality-selected,sign_ef,fixed,4300,84300,1800,8
1200,1.247428442,1.139063391,1.272281982,0.5496,0.5496,0.288,247992000,cifar_sign_quality,cifar_cnn,quality-selected,sign_ef,fixed,4300,84300,1800,8
1260,1.243893597,1.134063489,1.272200183,0.5554,0.5554,0.323,260391600,cifar_sign_quality,cifar_cnn,quality-selected,sign_ef,fixed,4300,84300,1800,8
1320,1.246386832,1.135003271,1.272201117,0.5521,0.5521,0.329,272791200,cifar_sign_quality,cifar_cnn,quality-selected,sign_ef,fixed,4300,84300,1800,8
1380,1.221080571,1.10801875,1.264327246,0.5513,0.5513,0.374,285190800,cifar_sign_quality,cifar_cnn,quality-selected,sign_ef,fixed,4300,84300,1800,8
1440,1.215097722,1.100463635,1.259340997,0.5581,0.5581,0.326,297590400,cifar_sign_quality,cifar_cnn,quality-selected,sign_ef,fixed,4300,84300,1800,8
1500,1.212955634,1.096362616,1.254800464,0.5577,0.5577,0.347,309990000,cifar_sign_quality,cifar_cnn,quality-selected,sign_ef,fixed,4300,84300,1800,8
1560,1.209289253,1.091112518,1.258488428,0.5587,0.5587,0.392,322389600,cifar_sign_quality,cifar_cnn,quality-selected,sign_ef,fixed,4300,84300,1800,8
1620,1.218471558,1.098288116,1.263212976,0.5521,0.5521,0.321,334789200,cifar_sign_quality,cifar_cnn,quality-selected,sign_ef,fixed,4300,84300,1800,8
1680,1.198880974,1.077177673,1.25720303,0.5589,0.5589,0.32,347188800,cifar_sign_quality,cifar_cnn,quality-selected,sign_ef,fixed,4300,84300,1800,8
1740,1.198283611,1.074992572,1.252440927,0.5616,0.5616,0.359,359588400,cifar_sign_quality,cifar_cnn,quality-selected,sign_ef,fixed,4300,84300,1800,8
1800,1.185264781,1.060369586,1.254349112,0.5646,0.5646,0.409,371988000,cifar_sign_quality,cifar_cnn,quality-selected,sign_ef,fixed,4300,84300,1800,8
1,2.608145501,2.574576367,2.572331189,0.0943,0.0943,0,206660,cifar_sign_quality,cifar_cnn,quality-selected,sign_ef,fixed,4400,84400,1800,9
60,1.872008822,1.839347754,1.852273993,0.3407,0.3407,0.122,12399600,cifar_sign_quality,cifar_cnn,quality-selected,sign_ef,fixed,4400,84400,1800,9
120,1.653517211,1.620043994,1.648514355,0.4117,0.4117,0.248,24799200,cifar_sign_quality,cifar_cnn,quality-selected,sign_ef,fixed,4400,84400,1800,9
180,1.551157973,1.515625891,1.547890082,0.4441,0.4441,0.246,37198800,cifar_sign_quality,cifar_cnn,quality-selected,sign_ef,fixed,4400,84400,1800,9
240,1.484921127,1.446375366,1.487793109,0.4639,0.4639,0.224,49598400,cifar_sign_quality,cifar_cnn,quality-selected,sign_ef,fixed,4400,84400,1800,9
300,1.436218313,1.394183008,1.443829712,0.4822,0.4822,0.305,61998000,cifar_sign_quality,cifar_cnn,quality-selected,sign_ef,fixed,4400,84400,1800,9
360,1.403931532,1.357687842,1.41365845,0.4913,0.4913,0.282,74397600,cifar_sign_quality,cifar_cnn,quality-selected,sign_ef,fixed,4400,84400,1800,9
420,1.380156699,1.329003284,1.3919944,0.5041,0.5041,0.287,86797200,cifar_sign_quality,cifar_cnn,quality-selected,sign_ef,fixed,4400,84400,1800,9
480,1.3756636,1.319060657,1.388805096,0.5055,0.5055,0.312,99196800,cifar_sign_quality,cifar_cnn,quality-selected,sign_ef,fixed,4400,84400,1800,9
540,1.348911766,1.286553497,1.361283698,0.5189,0.5189,0.279,111596400,cifar_sign_quality,cifar_cnn,quality-selected,sign_ef,fixed,4400,84400,1800,9
600,1.3261554,1.258003583,1.336963977,0.5235,0.5235,0.33,123996000,cifar_sign_quality,cifar_cnn,quality-selected,sign_ef,fixed,4400,84400,1800,9
660,1.322561584,1.248404297,1.332227328,0.5296,0.5296,0.359,136395600,cifar_sign_quality,cifar_cnn,quality-selected,sign_ef,fixed,4400,84400,1800,9
720,1.318756503,1.238750018,1.327401361,0.531,0.531,0.291,148795200,cifar_sign_quality,cifar_cnn,quality-selected,sign_ef,fixed,4400,84400,1800,9
780,1.311154922,1.225300262,1.317640906,0.5378,0.5378,0.299,161194800,cifar_sign_quality,cifar_cnn,quality-selected,sign_ef,fixed,4400,84400,1800,9
840,1.304634184,1.213038,1.312555743,0.5404,0.5404,0.346,173594400,cifar_sign_quality,cifar_cnn,quality-selected,sign_ef,fixed,4400,84400,1800,9
900,1.313306258,1.215970313,1.319577856,0.5309,0.5309,0.295,185994000,cifar_sign_quality,cifar_cnn,quality-selected,sign_ef,fixed,4400,84400,1800,9
960,1.288372433,1.185743542,1.297282654,0.5444,0.5444,0.345,198393600,cifar_sign_quality,cifar_cnn,quality-selected,sign_ef,fixed,4400,84400,1800,9
1020,1.282216637,1.174605286,1.294073746,0.5416,0.5416,0.386,210793200,cifar_sign_quality,cifar_cnn,quality-selected,sign_ef,fixed,4400,84400,1800,9
1080,1.280316122,1.168005103,1.293064703,0.5417,0.5417,0.289,223192800,cifar_sign_quality,cifar_cnn,quality-selected,sign_ef,fixed,4400,84400,1800,9
1140,1.270562868,1.153805048,1.28798656,0.5437,0.5437,0.369,235592400,cifar_sign_quality,cifar_cnn,quality-selected,sign_ef,fixed,4400,84400,1800,9
1200,1.270369353,1.150335211,1.284760632,0.5522,0.5522,0.403,247992000,cifar_sign_quality,cifar_cnn,quality-selected,sign_ef,fixed,4400,84400,1800,9
1260,1.258035274,1.134642688,1.274615976,0.5528,0.5528,0.333,260391600,cifar_sign_quality,cifar_cnn,quality-selected,sign_ef,fixed,4400,84400,1800,9
1320,1.25781599,1.132348804,1.276406384,0.5502,0.5502,0.326,272791200,cifar_sign_quality,cifar_cnn,quality-selected,sign_ef,fixed,4400,84400,1800,9
1380,1.249876849,1.122868854,1.268865359,0.5545,0.5545,0.325,285190800,cifar_sign_quality,cifar_cnn,quality-selected,sign_ef,fixed,4400,84400,1800,9
1440,1.235680743,1.107344348,1.266864676,0.5521,0.5521,0.351,297590400,cifar_sign_quality,cifar_cnn,quality-selected,sign_ef,fixed,4400,84400,1800,9
1500,1.2315133,1.101971277,1.268846967,0.5581,0.5581,0.383,309990000,cifar_sign_quality,cifar_cnn,quality-selected,sign_ef,fixed,4400,84400,1800,9
1560,1.232013419,1.101487036,1.278697144,0.5523,0.5523,0.369,322389600,cifar_sign_quality,cifar_cnn,quality-selected,sign_ef,fixed,4400,84400,1800,9
1620,1.220225494,1.089102509,1.263267233,0.5573,0.5573,0.38,334789200,cifar_sign_quality,cifar_cnn,quality-selected,sign_ef,fixed,4400,84400,1800,9
1680,1.216280807,1.084417664,1.265215317,0.5584,0.5584,0.347,347188800,cifar_sign_quality,cifar_cnn,quality-selected,sign_ef,fixed,4400,84400,1800,9
1740,1.204791458,1.072366821,1.26359201,0.5587,0.5587,0.336,359588400,cifar_sign_quality,cifar_cnn,quality-selected,sign_ef,fixed,4400,84400,1800,9
1800,1.19599989,1.062819501,1.256088556,0.5623,0.5623,0.37,371988000,cifar_sign_quality,cifar_cnn,quality-selected,sign_ef,fixed,4400,84400,1800,9
1,2.791748977,2.757519092,2.76208819,0.1321,0.1321,0,381952,cifar_strom_near,cifar_cnn,nearest-traffic,strom,strom_t01,3500,83500,1800,0
60,2.196094745,1.900424609,1.90250748,0.3264,0.3264,0.062,9639088,cifar_strom_near,cifar_cnn,nearest-traffic,strom,strom_t01,3500,83500,1800,0
120,2.685318738,1.68565083,1.69962171,0.3783,0.3783,0.229,18670704,cifar_strom_near,cifar_cnn,nearest-traffic,strom,strom_t01,3500,83500,1800,0
180,3.689356946,1.650749402,1.664121182,0.3913,0.3913,0.09,28734656,cifar_strom_near,cifar_cnn,nearest-traffic,strom,strom_t01,3500,83500,1800,0
240,5.149601111,1.742340857,1.784808099,0.3725,0.3725,0.063,38858368,cifar_strom_near,cifar_cnn,nearest-traffic,strom,strom_t01,3500,83500,1800,0
300,6.727160889,1.704135986,1.753336267,0.3995,0.3995,0.134,49884912,cifar_strom_near,cifar_cnn,nearest-traffic,strom,strom_t01,3500,83500,1800,0
360,8.62375116,1.711419128,1.742129916,0.3731,0.3731,0.126,61376528,cifar_strom_near,cifar_cnn,nearest-traffic,strom,strom_t01,3500,83500,1800,0
420,10.94209479,1.886542053,1.939017804,0.3369,0.3369,0.092,73241456,cifar_strom_near,cifar_cnn,nearest-traffic,strom,strom_t01,3500,83500,1800,0
480,13.15889241,1.623110181,1.67006803,0.4025,0.4025,0.159,85673856,cifar_strom_near,cifar_cnn,nearest-traffic,strom,strom_t01,3500,83500,1800,0
540,15.29288275,1.623702087,1.675880176,0.4025,0.4025,0.057,97847872,cifar_strom_near,cifar_cnn,nearest-traffic,strom,strom_t01,3500,83500,1800,0
600,17.12757467,1.562926233,1.617701233,0.4209,0.4209,0.108,110015664,cifar_strom_near,cifar_cnn,nearest-traffic,strom,strom_t01,3500,83500,1800,0
660,18.73967816,1.501537537,1.551112354,0.4451,0.4451,0.224,122349296,cifar_strom_near,cifar_cnn,nearest-traffic,strom,strom_t01,3500,83500,1800,0
720,20.10028842,1.741261072,1.828835229,0.3841,0.3841,0.123,134742064,cifar_strom_near,cifar_cnn,nearest-traffic,strom,strom_t01,3500,83500,1800,0
780,20.589046,1.445194434,1.532776056,0.4542,0.4542,0.265,147834880,cifar_strom_near,cifar_cnn,nearest-traffic,strom,strom_t01,3500,83500,1800,0
840,21.88989529,1.625278101,1.713764682,0.4068,0.4068,0.263,160943712,cifar_strom_near,cifar_cnn,nearest-traffic,strom,strom_t01,3500,83500,1800,0
900,22.71634701,1.622876306,1.720104697,0.4143,0.4143,0.062,174665632,cifar_strom_near,cifar_cnn,nearest-traffic,strom,strom_t01,3500,83500,1800,0
960,23.47868435,1.476008569,1.597755374,0.4372,0.4372,0.148,188973040,cifar_strom_near,cifar_cnn,nearest-traffic,strom,strom_t01,3500,83500,1800,0
1020,24.3423561,1.372514307,1.480420813,0.4775,0.4775,0.19,203444480,cifar_strom_near,cifar_cnn,nearest-traffic,strom,strom_t01,3500,83500,1800,0
1080,24.87081831,1.416956982,1.520421878,0.4739,0.4739,0.188,217864496,cifar_strom_near,cifar_cnn,nearest-traffic,strom,strom_t01,3500,83500,1800,0
1140,25.47439247,1.695706921,1.81304101,0.4068,0.4068,0.223,232381168,cifar_strom_near,cifar_cnn,nearest-traffic,strom,strom_t01,3500,83500,1800,0
1200,25.98744364,1.561472937,1.674070969,0.4462,0.4462,0.13,247404560,cifar_strom_near,cifar_cnn,nearest-traffic,strom,strom_t01,3500,83500,1800,0
1260,26.65274174,1.654661658,1.74965976,0.4096,0.4096,0.18,262587632,cifar_strom_near,cifar_cnn,nearest-traffic,strom,strom_t01,3500,83500,1800,0
1320,27.01969418,1.419893396,1.528148373,0.4681,0.4681,0.09,277633104,cifar_strom_near,cifar_cnn,nearest-traffic,strom,strom_t01,3500,83500,1800,0
1380,27.54699387,1.442904028,1.551906781,0.4742,0.4742,0.235,293060080,cifar_strom_near,cifar_cnn,nearest-traffic,strom,strom_t01,3500,83500,1800,0
1440,28.30750886,1.605842847,1.710049078,0.444,0.444,0.201,308304816,cifar_strom_near,cifar_cnn,nearest-traffic,strom,strom_t01,3500,83500,1800,0
1500,28.81088157,1.459893286,1.560464145,0.4663,0.4663,0.189,323555696,cifar_strom_near,cifar_cnn,nearest-traffic,strom,strom_t01,3500,83500,1800,0
1560,29.5725239,1.585531714,1.681222598,0.441,0.441,0.219,338652144,cifar_strom_near,cifar_cnn,nearest-traffic,strom,strom_t01,3500,83500,1800,0
1620,30.18572659,1.487523462,1.606710733,0.4585,0.4585,0.152,353473840,cifar_strom_near,cifar_cnn,nearest-traffic,strom,strom_t01,3500,83500,1800,0
1680,30.48823856,1.413238562,1.552555692,0.4707,0.4707,0.232,368469568,cifar_strom_near,cifar_cnn,nearest-traffic,strom,strom_t01,3500,83500,1800,0
1740,31.00801653,1.304575128,1.423975049,0.5118,0.5118,0.277,383722912,cifar_strom_near,cifar_cnn,nearest-traffic,strom,strom_t01,3500,83500,1800,0
1800,31.6485948,1.432764722,1.563313361,0.4723,0.4723,0.239,398869808,cifar_strom_near,cifar_cnn,nearest-traffic,strom,strom_t01,3500,83500,1800,0
1,3.227275887,3.192997314,3.174782141,0.1351,0.1351,0,382688,cifar_strom_near,cifar_cnn,nearest-traffic,strom,strom_t01,3600,83600,1800,1
60,2.288854871,1.991747388,1.976144238,0.3037,0.3037,0.039,10139328,cifar_strom_near,cifar_cnn,nearest-traffic,strom,strom_t01,3600,83600,1800,1
120,2.856364478,1.900116614,1.886666193,0.3274,0.3274,0.047,19034128,cifar_strom_near,cifar_cnn,nearest-traffic,strom,strom_t01,3600,83600,1800,1
180,4.175258923,2.122512097,2.130072815,0.2879,0.2879,0.068,29056960,cifar_strom_near,cifar_cnn,nearest-traffic,strom,strom_t01,3600,83600,1800,1
240,5.345047229,1.776939563,1.79346759,0.3831,0.3831,0.101,40277632,cifar_strom_near,cifar_cnn,nearest-traffic,strom,strom_t01,3600,83600,1800,1
300,6.908151489,1.577687134,1.607071759,0.4235,0.4235,0.155,52371008,cifar_strom_near,cifar_cnn,nearest-traffic,strom,strom_t01,3600,83600,1800,1
360,8.838167969,1.667738281,1.731587326,0.3949,0.3949,0.123,65083344,cifar_strom_near,cifar_cnn,nearest-traffic,strom,strom_t01,3600,83600,1800,1
420,10.61388787,1.483641772,1.536269818,0.4607,0.4607,0.219,78555552,cifar_strom_near,cifar_cnn,nearest-traffic,strom,strom_t01,3600,83600,1800,1
480,12.77178767,1.643691968,1.696153967,0.4169,0.4169,0.17,92193408,cifar_strom_near,cifar_cnn,nearest-traffic,strom,strom_t01,3600,83600,1800,1
540,14.49360486,1.502268921,1.549807471,0.4613,0.4613,0.21,106615712,cifar_strom_near,cifar_cnn,nearest-traffic,strom,strom_t01,3600,83600,1800,1
600,16.35075674,1.508747949,1.565784991,0.4386,0.4386,0.158,122018912,cifar_strom_near,cifar_cnn,nearest-traffic,strom,strom_t01,3600,83600,1800,1
660,18.131052,1.461022705,1.525810748,0.4555,0.4555,0.101,135675616,cifar_strom_near,cifar_cnn,nearest-traffic,strom,strom_t01,3600,83600,1800,1
720,20.46215994,1.87681228,1.938409497,0.3968,0.3968,0.23,150139424,cifar_strom_near,cifar_cnn,nearest-traffic,strom,strom_t01,3600,83600,1800,1
780,21.59280458,1.394244031,1.468128638,0.4807,0.4807,0.151,165427696,cifar_strom_near,cifar_cnn,nearest-traffic,strom,strom_t01,3600,83600,1800,1
840,22.93499597,1.478747925,1.577962814,0.4666,0.4666,0.074,180553840,cifar_strom_near,cifar_cnn,nearest-traffic,strom,strom_t01,3600,83600,1800,1
900,24.34041097,1.680922693,1.727069464,0.3962,0.3962,0.06,196417360,cifar_strom_near,cifar_cnn,nearest-traffic,strom,strom_t01,3600,83600,1800,1
960,25.26230123,1.504615686,1.575933966,0.4561,0.4561,0.197,211320160,cifar_strom_near,cifar_cnn,nearest-traffic,strom,strom_t01,3600,83600,1800,1
1020,26.17281616,1.422376709,1.50249321,0.481,0.481,0.214,227100800,cifar_strom_near,cifar_cnn,nearest-traffic,strom,strom_t01,3600,83600,1800,1
1080,27.11965519,1.377616125,1.460152234,0.4957,0.4957,0.073,242633152,cifar_strom_near,cifar_cnn,nearest-traffic,strom,strom_t01,3600,83600,1800,1
1140,28.59705437,1.845263354,1.914813733,0.3815,0.3815,0.036,258569664,cifar_strom_near,cifar_cnn,nearest-traffic,strom,strom_t01,3600,83600,1800,1
1200,29.31102076,1.618458264,1.69268725,0.4161,0.4161,0.087,274346048,cifar_strom_near,cifar_cnn,nearest-traffic,strom,strom_t01,3600,83600,1800,1
1260,30.16608745,1.445124561,1.547949167,0.4771,0.4771,0.29,289905024,cifar_strom_near,cifar_cnn,nearest-traffic,strom,strom_t01,3600,83600,1800,1
1320,30.51291694,1.475559521,1.548859802,0.4633,0.4633,0.116,306238352,cifar_strom_near,cifar_cnn,nearest-traffic,strom,strom_t01,3600,83600,1800,1
1380,30.64759065,1.613418774,1.665481583,0.4414,0.4414,0.242,322597936,cifar_strom_near,cifar_cnn,nearest-traffic,strom,strom_t01,3600,83600,1800,1
1440,30.59325506,1.437173029,1.534826733,0.4799,0.4799,0.199,338266320,cifar_strom_near,cifar_cnn,nearest-traffic,strom,strom_t01,3600,83600,1800,1
1500,30.5973668,1.354858984,1.461223294,0.4921,0.4921,0.254,354061312,cifar_strom_near,cifar_cnn,nearest-traffic,strom,strom_t01,3600,83600,1800,1
1560,30.87266469,1.340967419,1.427420422,0.5076,0.5076,0.365,369654640,cifar_strom_near,cifar_cnn,nearest-traffic,strom,strom_t01,3600,83600,1800,1
1620,31.66305542,1.458668701,1.5283185,0.4709,0.4709,0.257,385538864,cifar_strom_near,cifar_cnn,nearest-traffic,strom,strom_t01,3600,83600,1800,1
1680,31.98386953,1.445215234,1.54506496,0.4825,0.4825,0.212,400696448,cifar_strom_near,cifar_cnn,nearest-traffic,strom,strom_t01,3600,83600,1800,1
1740,32.42267214,1.515650659,1.60211828,0.4581,0.4581,0.243,416251296,cifar_strom_near,cifar_cnn,nearest-traffic,strom,strom_t01,3600,83600,1800,1
1800,32.72065911,1.483006763,1.576458337,0.4864,0.4864,0.244,431751840,cifar_strom_near,cifar_cnn,nearest-traffic,strom,strom_t01,3600,83600,1800,1
1,2.691547256,2.657348511,2.680769647,0.1051,0.1051,0,404208,cifar_strom_near,cifar_cnn,nearest-traffic,strom,strom_t01,3700,83700,1800,2
60,2.096954059,1.830090747,1.852099554,0.3177,0.3177,0.077,11233568,cifar_strom_near,cifar_cnn,nearest-traffic,strom,strom_t01,3700,83700,1800,2
120,2.656494482,1.739904761,1.744104529,0.3791,0.3791,0.081,20854992,cifar_strom_near,cifar_cnn,nearest-traffic,strom,strom_t01,3700,83700,1800,2
180,3.464394495,1.562881311,1.583299228,0.4267,0.4267,0.193,30950240,cifar_strom_near,cifar_cnn,nearest-traffic,strom,strom_t01,3700,83700,1800,2
240,4.706699231,1.632867444,1.661376093,0.4063,0.4063,0.058,42582736,cifar_strom_near,cifar_cnn,nearest-traffic,strom,strom_t01,3700,83700,1800,2
300,6.363536719,1.752946875,1.807400531,0.3856,0.3856,0.218,55473600,cifar_strom_near,cifar_cnn,nearest-traffic,strom,strom_t01,3700,83700,1800,2
360,8.025887,1.500908972,1.546760059,0.4479,0.4479,0.15,68804976,cifar_strom_near,cifar_cnn,nearest-traffic,strom,strom_t01,3700,83700,1800,2
420,10.12613383,1.486775427,1.547776794,0.4464,0.4464,0.136,83032144,cifar_strom_near,cifar_cnn,nearest-traffic,strom,strom_t01,3700,83700,1800,2
480,12.35124357,1.531869543,1.593604718,0.4427,0.4427,0.194,97774384,cifar_strom_near,cifar_cnn,nearest-traffic,strom,strom_t01,3700,83700,1800,2
540,14.45115201,1.476037756,1.577885291,0.4512,0.4512,0.083,112358000,cifar_strom_near,cifar_cnn,nearest-traffic,strom,strom_t01,3700,83700,1800,2
600,16.44974696,1.477030164,1.589003204,0.4411,0.4411,0.269,127051936,cifar_strom_near,cifar_cnn,nearest-traffic,strom,strom_t01,3700,83700,1800,2
660,18.19570364,1.453016138,1.537229187,0.4603,0.4603,0.099,142301568,cifar_strom_near,cifar_cnn,nearest-traffic,strom,strom_t01,3700,83700,1800,2
720,19.67038868,1.365414075,1.459457312,0.4872,0.4872,0.192,157460768,cifar_strom_near,cifar_cnn,nearest-traffic,strom,strom_t01,3700,83700,1800,2
780,21.20636647,1.655975842,1.764599707,0.3997,0.3997,0.071,172610928,cifar_strom_near,cifar_cnn,nearest-traffic,strom,strom_t01,3700,83700,1800,2
840,21.76701552,1.622804578,1.705035907,0.434,0.434,0.117,188367184,cifar_strom_near,cifar_cnn,nearest-traffic,strom,strom_t01,3700,83700,1800,2
900,21.9871936,1.624871338,1.672112842,0.4276,0.4276,0.201,204611536,cifar_strom_near,cifar_cnn,nearest-traffic,strom,strom_t01,3700,83700,1800,2
960,21.66788887,1.396947461,1.495441815,0.4765,0.4765,0.287,220679936,cifar_strom_near,cifar_cnn,nearest-traffic,strom,strom_t01,3700,83700,1800,2
1020,22.05521849,1.566577869,1.643952838,0.4275,0.4275,0.049,236933792,cifar_strom_near,cifar_cnn,nearest-traffic,strom,strom_t01,3700,83700,1800,2
1080,22.50145264,1.606817871,1.712899146,0.4377,0.4377,0.284,253247248,cifar_strom_near,cifar_cnn,nearest-traffic,strom,strom_t01,3700,83700,1800,2
1140,23.00841387,1.45851543,1.545528055,0.4688,0.4688,0.157,269368064,cifar_strom_near,cifar_cnn,nearest-traffic,strom,strom_t01,3700,83700,1800,2
1200,23.55833304,1.385344763,1.502173807,0.4742,0.4742,0.295,285139728,cifar_strom_near,cifar_cnn,nearest-traffic,strom,strom_t01,3700,83700,1800,2
1260,32.22409248,9.437711621,9.154299097,0.1566,0.1566,0.002,301912016,cifar_strom_near,cifar_cnn,nearest-traffic,strom,strom_t01,3700,83700,1800,2
1320,23.75841025,2.310548926,2.311491321,0.1002,0.1002,0,310216480,cifar_strom_near,cifar_cnn,nearest-traffic,strom,strom_t01,3700,83700,1800,2
1380,21.662005,2.307823364,2.308139429,0.1,0.1,0,312937760,cifar_strom_near,cifar_cnn,nearest-traffic,strom,strom_t01,3700,83700,1800,2
1440,19.89432351,2.306907495,2.307551563,0.1,0.1,0,315138816,cifar_strom_near,cifar_cnn,nearest-traffic,strom,strom_t01,3700,83700,1800,2
1500,18.61454412,2.306434741,2.307551569,0.1,0.1,0,317031088,cifar_strom_near,cifar_cnn,nearest-traffic,strom,strom_t01,3700,83700,1800,2
1560,18.09792993,2.306907471,2.307551569,0.1,0.1,0,320708240,cifar_strom_near,cifar_cnn,nearest-traffic,strom,strom_t01,3700,83700,1800,2
1620,17.96157903,2.305051685,2.306597925,0.1,0.1,0,323341904,cifar_strom_near,cifar_cnn,nearest-traffic,strom,strom_t01,3700,83700,1800,2
1680,18.05880286,2.303734497,2.304566559,0.1,0.1,0,325526528,cifar_strom_near,cifar_cnn,nearest-traffic,strom,strom_t01,3700,83700,1800,2
1740,18.41778409,2.303989172,2.304137036,0.1,0.1,0,327449840,cifar_strom_near,cifar_cnn,nearest-traffic,strom,strom_t01,3700,83700,1800,2
1800,19.03184312,2.303747412,2.304081342,0.1,0.1,0,329189280,cifar_strom_near,cifar_cnn,nearest-traffic,strom,strom_t01,3700,83700,1800,2
1,2.983040672,2.948866626,2.982391553,0.119,0.119,0,398880,cifar_strom_near,cifar_cnn,nearest-traffic,strom,strom_t01,3800,83800,1800,3
60,2.268113232,1.918301404,1.945050085,0.2956,0.2956,0.017,11030256,cifar_strom_near,cifar_cnn,nearest-traffic,strom,strom_t01,3800,83800,1800,3
120,2.749823853,1.715382812,1.738984906,0.374,0.374,0.124,20006352,cifar_strom_near,cifar_cnn,nearest-traffic,strom,strom_t01,3800,83800,1800,3
180,3.761219934,1.674098596,1.706444424,0.3819,0.3819,0.051,29836448,cifar_strom_near,cifar_cnn,nearest-traffic,strom,strom_t01,3800,83800,1800,3
240,4.866741064,1.645470557,1.689482001,0.3985,0.3985,0.176,40490288,cifar_strom_near,cifar_cnn,nearest-traffic,strom,strom_t01,3800,83800,1800,3
300,6.217041272,1.690664807,1.762514905,0.3848,0.3848,0.1,52874528,cifar_strom_near,cifar_cnn,nearest-traffic,strom,strom_t01,3800,83800,1800,3
360,7.573800452,1.554366858,1.630879138,0.4264,0.4264,0.142,65667312,cifar_strom_near,cifar_cnn,nearest-traffic,strom,strom_t01,3800,83800,1800,3
420,9.625965906,1.681624597,1.732217871,0.3762,0.3762,0.109,79340928,cifar_strom_near,cifar_cnn,nearest-traffic,strom,strom_t01,3800,83800,1800,3
480,11.45145405,1.57600874,1.641728195,0.4259,0.4259,0.103,91636144,cifar_strom_near,cifar_cnn,nearest-traffic,strom,strom_t01,3800,83800,1800,3
540,13.40767047,1.709868713,1.758835864,0.3769,0.3769,0.051,104722576,cifar_strom_near,cifar_cnn,nearest-traffic,strom,strom_t01,3800,83800,1800,3
600,15.17526211,1.462811914,1.527913242,0.4507,0.4507,0.237,118444496,cifar_strom_near,cifar_cnn,nearest-traffic,strom,strom_t01,3800,83800,1800,3
660,17.36296713,1.622561853,1.703816223,0.4088,0.4088,0.131,132468368,cifar_strom_near,cifar_cnn,nearest-traffic,strom,strom_t01,3800,83800,1800,3
720,18.82280973,1.519194495,1.606726712,0.4294,0.4294,0.218,146174512,cifar_strom_near,cifar_cnn,nearest-traffic,strom,strom_t01,3800,83800,1800,3
780,19.93319427,1.540620056,1.603901688,0.4246,0.4246,0.144,158963424,cifar_strom_near,cifar_cnn,nearest-traffic,strom,strom_t01,3800,83800,1800,3
840,21.44670914,2.084879065,2.061900183,0.3857,0.3857,0.149,172222256,cifar_strom_near,cifar_cnn,nearest-traffic,strom,strom_t01,3800,83800,1800,3
900,22.38558414,1.703672034,1.79462684,0.3902,0.3902,0.155,185143408,cifar_strom_near,cifar_cnn,nearest-traffic,strom,strom_t01,3800,83800,1800,3
960,23.27858187,1.441609216,1.502922272,0.4715,0.4715,0.2,198033312,cifar_strom_near,cifar_cnn,nearest-traffic,strom,strom_t01,3800,83800,1800,3
1020,24.49801224,1.635525916,1.693908929,0.3973,0.3973,0.073,210855264,cifar_strom_near,cifar_cnn,nearest-traffic,strom,strom_t01,3800,83800,1800,3
1080,25.24325668,1.487991052,1.587696631,0.4562,0.4562,0.257,223511728,cifar_strom_near,cifar_cnn,nearest-traffic,strom,strom_t01,3800,83800,1800,3
1140,26.45828168,1.769094177,1.834354248,0.3974,0.3974,0.094,236474560,cifar_strom_near,cifar_cnn,nearest-traffic,strom,strom_t01,3800,83800,1800,3
1200,26.96073768,1.483745496,1.5523526,0.4568,0.4568,0.342,249805888,cifar_strom_near,cifar_cnn,nearest-traffic,strom,strom_t01,3800,83800,1800,3
1260,27.79373146,1.448088879,1.545460062,0.4657,0.4657,0.206,263113872,cifar_strom_near,cifar_cnn,nearest-traffic,strom,strom_t01,3800,83800,1800,3
1320,28.50810159,1.377818384,1.492294498,0.4742,0.4742,0.248,276662048,cifar_strom_near,cifar_cnn,nearest-traffic,strom,strom_t01,3800,83800,1800,3
1380,29.31185933,1.426540967,1.517806326,0.4787,0.4787,0.341,289978112,cifar_strom_near,cifar_cnn,nearest-traffic,strom,strom_t01,3800,83800,1800,3
1440,30.20893477,1.479694531,1.573959473,0.4607,0.4607,0.193,302865664,cifar_strom_near,cifar_cnn,nearest-traffic,strom,strom_t01,3800,83800,1800,3
1500,30.89830746,1.396235193,1.500490714,0.4795,0.4795,0.268,316577840,cifar_strom_near,cifar_cnn,nearest-traffic,strom,strom_t01,3800,83800,1800,3
1560,31.95896056,1.750919543,1.835820517,0.3937,0.3937,0.157,330101344,cifar_strom_near,cifar_cnn,nearest-traffic,strom,strom_t01,3800,83800,1800,3
1620,32.2229421,1.475211633,1.586787439,0.4603,0.4603,0.216,344191296,cifar_strom_near,cifar_cnn,nearest-traffic,strom,strom_t01,3800,83800,1800,3
1680,32.53080038,1.491554285,1.590019531,0.4554,0.4554,0.221,358519136,cifar_strom_near,cifar_cnn,nearest-traffic,strom,strom_t01,3800,83800,1800,3
1740,33.02155861,1.465007825,1.563514288,0.4526,0.4526,0.306,373081360,cifar_strom_near,cifar_cnn,nearest-traffic,strom,strom_t01,3800,83800,1800,3
1800,33.40529988,1.557618237,1.638209332,0.4279,0.4279,0.213,387534176,cifar_strom_near,cifar_cnn,nearest-traffic,strom,strom_t01,3800,83800,1800,3
1,2.830358733,2.796278296,2.810164984,0.1181,0.1181,0,378176,cifar_strom_near,cifar_cnn,nearest-traffic,strom,strom_t01,3900,83900,1800,4
60,1.96245929,1.6983255,1.723069238,0.3811,0.3811,0.064,10155664,cifar_strom_near,cifar_cnn,nearest-traffic,strom,strom_t01,3900,83900,1800,4
120,2.520455273,1.571615979,1.616944409,0.4143,0.4143,0.107,19130480,cifar_strom_near,cifar_cnn,nearest-traffic,strom,strom_t01,3900,83900,1800,4
180,3.716008423,1.685116333,1.752456192,0.3736,0.3736,0.042,29030400,cifar_strom_near,cifar_cnn,nearest-traffic,strom,strom_t01,3900,83900,1800,4
240,5.253923474,1.742452527,1.776086151,0.3652,0.3652,0.128,40724848,cifar_strom_near,cifar_cnn,nearest-traffic,strom,strom_t01,3900,83900,1800,4
300,6.896494324,1.579003113,1.615534985,0.4173,0.4173,0.151,51290880,cifar_strom_near,cifar_cnn,nearest-traffic,strom,strom_t01,3900,83900,1800,4
360,8.751140173,1.471940466,1.552735703,0.4369,0.4369,0.123,63606704,cifar_strom_near,cifar_cnn,nearest-traffic,strom,strom_t01,3900,83900,1800,4
420,10.84462378,1.510462646,1.570949805,0.4427,0.4427,0.278,76914560,cifar_strom_near,cifar_cnn,nearest-traffic,strom,strom_t01,3900,83900,1800,4
480,13.02034624,1.593398975,1.660286688,0.4179,0.4179,0.323,90684448,cifar_strom_near,cifar_cnn,nearest-traffic,strom,strom_t01,3900,83900,1800,4
540,14.83462581,1.467406079,1.565575824,0.4494,0.4494,0.251,104636896,cifar_strom_near,cifar_cnn,nearest-traffic,strom,strom_t01,3900,83900,1800,4
600,16.78291615,1.392014783,1.497490094,0.4625,0.4625,0.261,118927120,cifar_strom_near,cifar_cnn,nearest-traffic,strom,strom_t01,3900,83900,1800,4
660,18.98522708,1.548039575,1.650481281,0.4306,0.4306,0.166,133596448,cifar_strom_near,cifar_cnn,nearest-traffic,strom,strom_t01,3900,83900,1800,4
720,20.59906287,1.366926147,1.471653061,0.4771,0.4771,0.276,148537824,cifar_strom_near,cifar_cnn,nearest-traffic,strom,strom_t01,3900,83900,1800,4
780,21.89314683,1.431812842,1.54290744,0.4504,0.4504,0.209,164177344,cifar_strom_near,cifar_cnn,nearest-traffic,strom,strom_t01,3900,83900,1800,4
840,22.99444064,1.565708215,1.65183349,0.4302,0.4302,0.116,180095744,cifar_strom_near,cifar_cnn,nearest-traffic,strom,strom_t01,3900,83900,1800,4
900,23.87133722,1.546489563,1.66567226,0.4222,0.4222,0.269,195835696,cifar_strom_near,cifar_cnn,nearest-traffic,strom,strom_t01,3900,83900,1800,4
960,24.86170979,1.516887524,1.634125876,0.4296,0.4296,0.29,211217184,cifar_strom_near,cifar_cnn,nearest-traffic,strom,strom_t01,3900,83900,1800,4
1020,25.74633763,1.467458728,1.572222345,0.4611,0.4611,0.13,227032880,cifar_strom_near,cifar_cnn,nearest-traffic,strom,strom_t01,3900,83900,1800,4
1080,26.51135472,1.398790271,1.53333772,0.4672,0.4672,0.269,242751520,cifar_strom_near,cifar_cnn,nearest-traffic,strom,strom_t01,3900,83900,1800,4
1140,27.35728721,1.282054785,1.430010938,0.5018,0.5018,0.302,258750928,cifar_strom_near,cifar_cnn,nearest-traffic,strom,strom_t01,3900,83900,1800,4
1200,27.9312452,1.273850665,1.44573287,0.5007,0.5007,0.298,274677008,cifar_strom_near,cifar_cnn,nearest-traffic,strom,strom_t01,3900,83900,1800,4
1260,28.66619618,1.28577821,1.452893936,0.4962,0.4962,0.343,290680128,cifar_strom_near,cifar_cnn,nearest-traffic,strom,strom_t01,3900,83900,1800,4
1320,29.75885266,1.719944458,1.88068288,0.4144,0.4144,0.194,307214800,cifar_strom_near,cifar_cnn,nearest-traffic,strom,strom_t01,3900,83900,1800,4
1380,30.10508732,1.429770911,1.541559592,0.4672,0.4672,0.232,323442432,cifar_strom_near,cifar_cnn,nearest-traffic,strom,strom_t01,3900,83900,1800,4
1440,30.37969385,1.364555176,1.490351944,0.4763,0.4763,0.166,339324384,cifar_strom_near,cifar_cnn,nearest-traffic,strom,strom_t01,3900,83900,1800,4
1500,30.93073463,1.682459241,1.85098295,0.4133,0.4133,0.177,355178672,cifar_strom_near,cifar_cnn,nearest-traffic,strom,strom_t01,3900,83900,1800,4
1560,30.93852629,1.319309497,1.485830811,0.497,0.497,0.26,371076112,cifar_strom_near,cifar_cnn,nearest-traffic,strom,strom_t01,3900,83900,1800,4
1620,31.46477416,1.41888158,1.58036795,0.4597,0.4597,0.163,387545008,cifar_strom_near,cifar_cnn,nearest-traffic,strom,strom_t01,3900,83900,1800,4
1680,31.77335212,1.388166577,1.538341968,0.4757,0.4757,0.159,404124384,cifar_strom_near,cifar_cnn,nearest-traffic,strom,strom_t01,3900,83900,1800,4
1740,32.02337653,1.345515198,1.508368634,0.4853,0.4853,0.345,420689200,cifar_strom_near,cifar_cnn,nearest-traffic,strom,strom_t01,3900,83900,1800,4
1800,31.98355997,1.255796301,1.407853452,0.5082,0.5082,0.209,437861456,cifar_strom_near,cifar_cnn,nearest-traffic,strom,strom_t01,3900,83900,1800,4
1,2.749937144,2.715754688,2.726766052,0.1207,0.1207,0,383232,cifar_strom_near,cifar_cnn,nearest-traffic,strom,strom_t01,4000,84000,1800,5
60,2.133703918,1.850345581,1.863935626,0.3163,0.3163,0.081,9870480,cifar_strom_near,cifar_cnn,nearest-traffic,strom,strom_t01,4000,84000,1800,5
120,2.815246606,1.762438501,1.769627856,0.3484,0.3484,0.157,19029712,cifar_strom_near,cifar_cnn,nearest-traffic,strom,strom_t01,4000,84000,1800,5
180,5.86099939,3.645532837,3.734310071,0.2278,0.2278,0.077,28148032,cifar_strom_near,cifar_cnn,nearest-traffic,strom,strom_t01,4000,84000,1800,5
240,5.601074951,1.804982178,1.843390134,0.3365,0.3365,0.103,37906880,cifar_strom_near,cifar_cnn,nearest-traffic,strom,strom_t01,4000,84000,1800,5
300,7.062309644,1.579927808,1.603788879,0.415,0.415,0.129,48623248,cifar_strom_near,cifar_cnn,nearest-traffic,strom,strom_t01,4000,84000,1800,5
360,9.204278101,1.844324487,1.863241846,0.3238,0.3238,0.128,60236928,cifar_strom_near,cifar_cnn,nearest-traffic,strom,strom_t01,4000,84000,1800,5
420,11.03645203,1.707737183,1.73449996,0.3573,0.3573,0.17,70718976,cifar_strom_near,cifar_cnn,nearest-traffic,strom,strom_t01,4000,84000,1800,5
480,12.86922076,1.603363342,1.639114566,0.4025,0.4025,0.121,81347264,cifar_strom_near,cifar_cnn,nearest-traffic,strom,strom_t01,4000,84000,1800,5
540,14.89347805,1.706609888,1.750825119,0.3767,0.3767,0.03,92052384,cifar_strom_near,cifar_cnn,nearest-traffic,strom,strom_t01,4000,84000,1800,5
600,17.30662635,1.763057996,1.768698578,0.3544,0.3544,0.148,103895408,cifar_strom_near,cifar_cnn,nearest-traffic,strom,strom_t01,4000,84000,1800,5
660,19.71769868,1.799415479,1.842871179,0.3547,0.3547,0.131,114203248,cifar_strom_near,cifar_cnn,nearest-traffic,strom,strom_t01,4000,84000,1800,5
720,21.88002678,1.745216235,1.814027612,0.3508,0.3508,0.128,124342352,cifar_strom_near,cifar_cnn,nearest-traffic,strom,strom_t01,4000,84000,1800,5
780,23.90541666,1.695990881,1.768378705,0.3798,0.3798,0.104,134467248,cifar_strom_near,cifar_cnn,nearest-traffic,strom,strom_t01,4000,84000,1800,5
840,26.02287389,1.794028186,1.827627863,0.3661,0.3661,0.133,144960080,cifar_strom_near,cifar_cnn,nearest-traffic,strom,strom_t01,4000,84000,1800,5
900,28.04403834,1.730858655,1.789545258,0.3668,0.3668,0.122,155823360,cifar_strom_near,cifar_cnn,nearest-traffic,strom,strom_t01,4000,84000,1800,5
960,29.57591945,1.626817883,1.669650937,0.3979,0.3979,0.214,166872064,cifar_strom_near,cifar_cnn,nearest-traffic,strom,strom_t01,4000,84000,1800,5
1020,31.09320502,1.657292908,1.708783051,0.3781,0.3781,0.158,177448624,cifar_strom_near,cifar_cnn,nearest-traffic,strom,strom_t01,4000,84000,1800,5
1080,31.7770475,1.641729138,1.696125674,0.3903,0.3903,0.172,187779728,cifar_strom_near,cifar_cnn,nearest-traffic,strom,strom_t01,4000,84000,1800,5
1140,32.60513727,1.717156799,1.755841943,0.3747,0.3747,0.14,198275088,cifar_strom_near,cifar_cnn,nearest-traffic,strom,strom_t01,4000,84000,1800,5
1200,33.07972595,1.677501343,1.694988281,0.3882,0.3882,0.2,208237856,cifar_strom_near,cifar_cnn,nearest-traffic,strom,strom_t01,4000,84000,1800,5
1260,33.49107094,1.665547498,1.710192715,0.3857,0.3857,0.045,217677632,cifar_strom_near,cifar_cnn,nearest-traffic,strom,strom_t01,4000,84000,1800,5
1320,33.85878059,1.615833325,1.673328787,0.3908,0.3908,0.205,227403216,cifar_strom_near,cifar_cnn,nearest-traffic,strom,strom_t01,4000,84000,1800,5
1380,34.30813214,1.546065735,1.616211432,0.4202,0.4202,0.057,237427360,cifar_strom_near,cifar_cnn,nearest-traffic,strom,strom_t01,4000,84000,1800,5
1440,34.97776139,1.692421545,1.733466388,0.3803,0.3803,0.046,247813280,cifar_strom_near,cifar_cnn,nearest-traffic,strom,strom_t01,4000,84000,1800,5
1500,35.87906206,1.787448779,1.812628781,0.3503,0.3503,0.161,258587120,cifar_strom_near,cifar_cnn,nearest-traffic,strom,strom_t01,4000,84000,1800,5
1560,36.40013669,1.549249976,1.600721671,0.4249,0.4249,0.117,267496880,cifar_strom_near,cifar_cnn,nearest-traffic,strom,strom_t01,4000,84000,1800,5
1620,37.03977649,1.611557739,1.647459882,0.4018,0.4018,0.07,276653120,cifar_strom_near,cifar_cnn,nearest-traffic,strom,strom_t01,4000,84000,1800,5
1680,37.84160067,1.70898739,1.734751971,0.3772,0.3772,0.186,285901472,cifar_strom_near,cifar_cnn,nearest-traffic,strom,strom_t01,4000,84000,1800,5
1740,38.23639639,1.729025293,1.755007458,0.3773,0.3773,0.152,295295744,cifar_strom_near,cifar_cnn,nearest-traffic,strom,strom_t01,4000,84000,1800,5
1800,38.15764879,1.591902698,1.66013576,0.4103,0.4103,0.099,304916752,cifar_strom_near,cifar_cnn,nearest-traffic,strom,strom_t01,4000,84000,1800,5
1,3.368823825,3.33477605,3.351665497,0.0925,0.0925,0,396896,cifar_strom_near,cifar_cnn,nearest-traffic,strom,strom_t01,4100,84100,1800,6
60,2.195407312,1.903482446,1.918700363,0.2923,0.2923,0.08,11227712,cifar_strom_near,cifar_cnn,nearest-traffic,strom,strom_t01,4100,84100,1800,6
120,2.656277563,1.748593298,1.781498065,0.3517,0.3517,0.197,19557984,cifar_strom_near,cifar_cnn,nearest-traffic,strom,strom_t01,4100,84100,1800,6
180,3.50326189,1.639380054,1.664136969,0.3892,0.3892,0.235,28475312,cifar_strom_near,cifar_cnn,nearest-traffic,strom,strom_t01,4100,84100,1800,6
240,4.633247095,1.626016382,1.659925751,0.3845,0.3845,0.201,38458448,cifar_strom_near,cifar_cnn,nearest-traffic,strom,strom_t01,4100,84100,1800,6
300,5.915759778,1.660837903,1.713661075,0.3797,0.3797,0.016,48792224,cifar_strom_near,cifar_cnn,nearest-traffic,strom,strom_t01,4100,84100,1800,6
360,7.380004785,1.657633691,1.671735101,0.4016,0.4016,0.064,59191680,cifar_strom_near,cifar_cnn,nearest-traffic,strom,strom_t01,4100,84100,1800,6
420,9.042375769,1.71272489,1.741992703,0.378,0.378,0.097,69941104,cifar_strom_near,cifar_cnn,nearest-traffic,strom,strom_t01,4100,84100,1800,6
480,10.74102561,1.755199438,1.81355892,0.353,0.353,0.109,81126976,cifar_strom_near,cifar_cnn,nearest-traffic,strom,strom_t01,4100,84100,1800,6
540,12.26490566,1.574590234,1.623795734,0.4191,0.4191,0.158,92929120,cifar_strom_near,cifar_cnn,nearest-traffic,strom,strom_t01,4100,84100,1800,6
600,13.84223812,1.681043787,1.718380258,0.3875,0.3875,0.075,105287904,cifar_strom_near,cifar_cnn,nearest-traffic,strom,strom_t01,4100,84100,1800,6
660,15.22993989,1.54861958,1.612296191,0.4208,0.4208,0.211,117485360,cifar_strom_near,cifar_cnn,nearest-traffic,strom,strom_t01,4100,84100,1800,6
720,16.84383937,1.599689954,1.643483514,0.3979,0.3979,0.085,129253152,cifar_strom_near,cifar_cnn,nearest-traffic,strom,strom_t01,4100,84100,1800,6
780,18.23140388,1.562950757,1.629740875,0.4168,0.4168,0.27,141942080,cifar_strom_near,cifar_cnn,nearest-traffic,strom,strom_t01,4100,84100,1800,6
840,19.6545455,1.500121667,1.577745157,0.4389,0.4389,0.079,154500464,cifar_strom_near,cifar_cnn,nearest-traffic,strom,strom_t01,4100,84100,1800,6
900,21.6448252,1.92859082,2.006514612,0.346,0.346,0.087,167712544,cifar_strom_near,cifar_cnn,nearest-traffic,strom,strom_t01,4100,84100,1800,6
960,22.76374678,1.655112012,1.730300211,0.4282,0.4282,0.203,181039328,cifar_strom_near,cifar_cnn,nearest-traffic,strom,strom_t01,4100,84100,1800,6
1020,23.86026101,1.551011011,1.63899505,0.439,0.439,0.138,194054896,cifar_strom_near,cifar_cnn,nearest-traffic,strom,strom_t01,4100,84100,1800,6
1080,24.81172217,1.458714355,1.584667255,0.4451,0.4451,0.175,207093072,cifar_strom_near,cifar_cnn,nearest-traffic,strom,strom_t01,4100,84100,1800,6
1140,25.93580511,1.408531677,1.510770242,0.4624,0.4624,0.242,220616272,cifar_strom_near,cifar_cnn,nearest-traffic,strom,strom_t01,4100,84100,1800,6
1200,27.14560338,1.446122913,1.549325708,0.4525,0.4525,0.142,234034256,cifar_strom_near,cifar_cnn,nearest-traffic,strom,strom_t01,4100,84100,1800,6
1260,28.28852657,1.487753137,1.563337482,0.4377,0.4377,0.182,246909376,cifar_strom_near,cifar_cnn,nearest-traffic,strom,strom_t01,4100,84100,1800,6
1320,29.20394902,1.630060352,1.688898492,0.4035,0.4035,0.237,259822432,cifar_strom_near,cifar_cnn,nearest-traffic,strom,strom_t01,4100,84100,1800,6
1380,29.62682997,1.471576062,1.559933344,0.444,0.444,0.125,272479744,cifar_strom_near,cifar_cnn,nearest-traffic,strom,strom_t01,4100,84100,1800,6
1440,29.9126326,1.633954871,1.726981,0.4068,0.4068,0.179,285114528,cifar_strom_near,cifar_cnn,nearest-traffic,strom,strom_t01,4100,84100,1800,6
1500,30.45037173,1.891805322,1.96630105,0.3451,0.3451,0.046,298006368,cifar_strom_near,cifar_cnn,nearest-traffic,strom,strom_t01,4100,84100,1800,6
1560,30.69039565,1.691426904,1.72372962,0.4101,0.4101,0.023,310782096,cifar_strom_near,cifar_cnn,nearest-traffic,strom,strom_t01,4100,84100,1800,6
1620,31.19107335,1.442544055,1.515580511,0.4671,0.4671,0.302,323765504,cifar_strom_near,cifar_cnn,nearest-traffic,strom,strom_t01,4100,84100,1800,6
1680,31.89534446,1.549551489,1.588767911,0.4353,0.4353,0.2,336648880,cifar_strom_near,cifar_cnn,nearest-traffic,strom,strom_t01,4100,84100,1800,6
1740,32.99094388,1.7826099,1.834125348,0.3757,0.3757,0.162,349176432,cifar_strom_near,cifar_cnn,nearest-traffic,strom,strom_t01,4100,84100,1800,6
1800,33.65583195,1.692876868,1.724214862,0.39,0.39,0.217,362140672,cifar_strom_near,cifar_cnn,nearest-traffic,strom,strom_t01,4100,84100,1800,6
1,2.796610704,2.762438135,2.744777136,0.1105,0.1105,0,386432,cifar_strom_near,cifar_cnn,nearest-traffic,strom,strom_t01,4200,84200,1800,7
60,2.294207648,2.019158545,2.031546362,0.2654,0.2654,0.086,8454096,cifar_strom_near,cifar_cnn,nearest-traffic,strom,strom_t01,4200,84200,1800,7
120,2.687194873,1.780303271,1.788480859,0.3324,0.3324,0.088,15165408,cifar_strom_near,cifar_cnn,nearest-traffic,strom,strom_t01,4200,84200,1800,7
180,3.674354187,1.697301819,1.721454181,0.3558,0.3558,0.127,23136736,cifar_strom_near,cifar_cnn,nearest-traffic,strom,strom_t01,4200,84200,1800,7
240,5.050824268,1.686474414,1.707753296,0.3674,0.3674,0.079,31845584,cifar_strom_near,cifar_cnn,nearest-traffic,strom,strom_t01,4200,84200,1800,7
300,6.568939478,1.637592798,1.677656522,0.3862,0.3862,0.17,41069872,cifar_strom_near,cifar_cnn,nearest-traffic,strom,strom_t01,4200,84200,1800,7
360,8.323379041,1.679810193,1.720507663,0.3724,0.3724,0.132,50368352,cifar_strom_near,cifar_cnn,nearest-traffic,strom,strom_t01,4200,84200,1800,7
420,10.16133831,1.863059985,1.902925061,0.3373,0.3373,0.055,59833264,cifar_strom_near,cifar_cnn,nearest-traffic,strom,strom_t01,4200,84200,1800,7
480,11.78832841,1.673856726,1.695975427,0.3841,0.3841,0.167,69644080,cifar_strom_near,cifar_cnn,nearest-traffic,strom,strom_t01,4200,84200,1800,7
540,13.69760265,1.705171985,1.735869373,0.3648,0.3648,0.09,79127888,cifar_strom_near,cifar_cnn,nearest-traffic,strom,strom_t01,4200,84200,1800,7
600,15.71101783,1.682594983,1.712492841,0.3667,0.3667,0.089,88745936,cifar_strom_near,cifar_cnn,nearest-traffic,strom,strom_t01,4200,84200,1800,7
660,17.56660143,1.608355334,1.672754932,0.3831,0.3831,0.066,98140224,cifar_strom_near,cifar_cnn,nearest-traffic,strom,strom_t01,4200,84200,1800,7
720,19.33142893,1.906399634,1.904006851,0.2911,0.2911,0.144,108544592,cifar_strom_near,cifar_cnn,nearest-traffic,strom,strom_t01,4200,84200,1800,7
780,20.17356162,1.79329209,1.823647906,0.3381,0.3381,0.127,117474080,cifar_strom_near,cifar_cnn,nearest-traffic,strom,strom_t01,4200,84200,1800,7
840,20.3661822,1.627652905,1.664871954,0.3902,0.3902,0.156,126355472,cifar_strom_near,cifar_cnn,nearest-traffic,strom,strom_t01,4200,84200,1800,7
900,21.5181114,2.296267651,2.33591131,0.2912,0.2912,0.097,136016816,cifar_strom_near,cifar_cnn,nearest-traffic,strom,strom_t01,4200,84200,1800,7
960,21.86935463,2.050305798,2.080793207,0.3145,0.3145,0.059,145150816,cifar_strom_near,cifar_cnn,nearest-traffic,strom,strom_t01,4200,84200,1800,7
1020,22.15994624,1.830163037,1.865051913,0.3434,0.3434,0.045,154805216,cifar_strom_near,cifar_cnn,nearest-traffic,strom,strom_t01,4200,84200,1800,7
1080,23.04630334,1.83322522,1.837483005,0.339,0.339,0.033,163602432,cifar_strom_near,cifar_cnn,nearest-traffic,strom,strom_t01,4200,84200,1800,7
1140,23.56945463,1.780462439,1.808739392,0.345,0.345,0.108,171560912,cifar_strom_near,cifar_cnn,nearest-traffic,strom,strom_t01,4200,84200,1800,7
1200,23.8193604,1.694950244,1.720169885,0.3636,0.3636,0.033,179968400,cifar_strom_near,cifar_cnn,nearest-traffic,strom,strom_t01,4200,84200,1800,7
1260,24.45125697,1.93856947,1.951959259,0.3025,0.3025,0.071,188493136,cifar_strom_near,cifar_cnn,nearest-traffic,strom,strom_t01,4200,84200,1800,7
1320,25.17370588,1.893660962,1.905390387,0.2895,0.2895,0.097,196988192,cifar_strom_near,cifar_cnn,nearest-traffic,strom,strom_t01,4200,84200,1800,7
1380,25.26530232,1.839817944,1.840206781,0.3146,0.3146,0.055,204111520,cifar_strom_near,cifar_cnn,nearest-traffic,strom,strom_t01,4200,84200,1800,7
1440,25.34430669,1.921396533,1.927063818,0.3098,0.3098,0.028,211690816,cifar_strom_near,cifar_cnn,nearest-traffic,strom,strom_t01,4200,84200,1800,7
1500,25.17789324,1.776192065,1.791586374,0.3387,0.3387,0.198,219041472,cifar_strom_near,cifar_cnn,nearest-traffic,strom,strom_t01,4200,84200,1800,7
1560,25.32556339,1.726836829,1.743011945,0.3561,0.3561,0.117,227435472,cifar_strom_near,cifar_cnn,nearest-traffic,strom,strom_t01,4200,84200,1800,7
1620,26.03480509,1.796488684,1.831791556,0.3257,0.3257,0.008,235203184,cifar_strom_near,cifar_cnn,nearest-traffic,strom,strom_t01,4200,84200,1800,7
1680,27.15605112,1.67592417,1.688570667,0.3927,0.3927,0.129,243801392,cifar_strom_near,cifar_cnn,nearest-traffic,strom,strom_t01,4200,84200,1800,7
1740,28.26488101,1.631951318,1.670612991,0.3955,0.3955,0.147,252932240,cifar_strom_near,cifar_cnn,nearest-traffic,strom,strom_t01,4200,84200,1800,7
1800,29.88186544,2.324121301,2.327659552,0.1,0.1,0,264246448,cifar_strom_near,cifar_cnn,nearest-traffic,strom,strom_t01,4200,84200,1800,7
1,3.497596767,3.463308838,3.478323566,0.0876,0.0876,0,404112,cifar_strom_near,cifar_cnn,nearest-traffic,strom,strom_t01,4300,84300,1800,8
60,2.099177405,1.825844458,1.844209116,0.333,0.333,0.072,11837920,cifar_strom_near,cifar_cnn,nearest-traffic,strom,strom_t01,4300,84300,1800,8
120,2.714379407,1.722069409,1.764971246,0.3779,0.3779,0.171,20911296,cifar_strom_near,cifar_cnn,nearest-traffic,strom,strom_t01,4300,84300,1800,8
180,3.787309814,1.695455322,1.721256302,0.3971,0.3971,0.272,31165152,cifar_strom_near,cifar_cnn,nearest-traffic,strom,strom_t01,4300,84300,1800,8
240,5.147241919,1.654470435,1.703171988,0.4009,0.4009,0.189,41915632,cifar_strom_near,cifar_cnn,nearest-traffic,strom,strom_t01,4300,84300,1800,8
300,6.832121631,1.694572803,1.740537811,0.3668,0.3668,0.118,53656576,cifar_strom_near,cifar_cnn,nearest-traffic,strom,strom_t01,4300,84300,1800,8
360,8.75074552,1.783230383,1.848371814,0.3662,0.3662,0.097,66105168,cifar_strom_near,cifar_cnn,nearest-traffic,strom,strom_t01,4300,84300,1800,8
420,10.64055959,1.689570337,1.739220126,0.3784,0.3784,0.133,79206576,cifar_strom_near,cifar_cnn,nearest-traffic,strom,strom_t01,4300,84300,1800,8
480,12.55988647,1.519401123,1.608705029,0.4266,0.4266,0.136,92429584,cifar_strom_near,cifar_cnn,nearest-traffic,strom,strom_t01,4300,84300,1800,8
540,14.71437899,1.588955164,1.653024255,0.4077,0.4077,0.141,106109472,cifar_strom_near,cifar_cnn,nearest-traffic,strom,strom_t01,4300,84300,1800,8
600,16.4876844,1.488699048,1.584755444,0.4365,0.4365,0.186,119870672,cifar_strom_near,cifar_cnn,nearest-traffic,strom,strom_t01,4300,84300,1800,8
660,18.21995748,1.490588342,1.588067041,0.4429,0.4429,0.184,134181056,cifar_strom_near,cifar_cnn,nearest-traffic,strom,strom_t01,4300,84300,1800,8
720,19.76668776,1.658529553,1.713616748,0.4193,0.4193,0.159,148542208,cifar_strom_near,cifar_cnn,nearest-traffic,strom,strom_t01,4300,84300,1800,8
780,20.77926843,1.463430542,1.561969772,0.4512,0.4512,0.196,162723632,cifar_strom_near,cifar_cnn,nearest-traffic,strom,strom_t01,4300,84300,1800,8
840,21.83203529,1.382015759,1.51510575,0.4763,0.4763,0.092,176671024,cifar_strom_near,cifar_cnn,nearest-traffic,strom,strom_t01,4300,84300,1800,8
900,23.07478375,1.495574768,1.601756772,0.4422,0.4422,0.207,190578512,cifar_strom_near,cifar_cnn,nearest-traffic,strom,strom_t01,4300,84300,1800,8
960,23.72100031,1.633529602,1.677821802,0.4313,0.4313,0.27,204935168,cifar_strom_near,cifar_cnn,nearest-traffic,strom,strom_t01,4300,84300,1800,8
1020,23.40622418,1.482565979,1.579826797,0.456,0.456,0.104,218947984,cifar_strom_near,cifar_cnn,nearest-traffic,strom,strom_t01,4300,84300,1800,8
1080,23.4135342,1.526362329,1.600225543,0.4477,0.4477,0.142,232804064,cifar_strom_near,cifar_cnn,nearest-traffic,strom,strom_t01,4300,84300,1800,8
1140,23.44155171,1.394516553,1.490291583,0.4704,0.4704,0.243,247326912,cifar_strom_near,cifar_cnn,nearest-traffic,strom,strom_t01,4300,84300,1800,8
1200,23.73308379,1.337683398,1.457782645,0.4951,0.4951,0.336,261903696,cifar_strom_near,cifar_cnn,nearest-traffic,strom,strom_t01,4300,84300,1800,8
1260,24.31494099,1.334208563,1.482562442,0.4852,0.4852,0.175,276824512,cifar_strom_near,cifar_cnn,nearest-traffic,strom,strom_t01,4300,84300,1800,8
1320,25.15448387,1.488300281,1.622044247,0.4437,0.4437,0.263,292056240,cifar_strom_near,cifar_cnn,nearest-traffic,strom,strom_t01,4300,84300,1800,8
1380,25.90240686,1.352910767,1.479522675,0.479,0.479,0.201,307569296,cifar_strom_near,cifar_cnn,nearest-traffic,strom,strom_t01,4300,84300,1800,8
1440,26.91780483,1.489619287,1.61588696,0.4557,0.4557,0.142,323041696,cifar_strom_near,cifar_cnn,nearest-traffic,strom,strom_t01,4300,84300,1800,8
1500,27.72982465,1.462082458,1.564159915,0.4591,0.4591,0.084,338478368,cifar_strom_near,cifar_cnn,nearest-traffic,strom,strom_t01,4300,84300,1800,8
1560,28.53157622,1.413662158,1.532187204,0.4678,0.4678,0.209,353889440,cifar_strom_near,cifar_cnn,nearest-traffic,strom,strom_t01,4300,84300,1800,8
1620,29.53391538,1.723749365,1.810157391,0.407,0.407,0.226,369409616,cifar_strom_near,cifar_cnn,nearest-traffic,strom,strom_t01,4300,84300,1800,8
1680,30.04149953,1.342409686,1.47428367,0.4908,0.4908,0.179,385205712,cifar_strom_near,cifar_cnn,nearest-traffic,strom,strom_t01,4300,84300,1800,8
1740,30.77185129,1.415148169,1.521014291,0.4877,0.4877,0.227,401361808,cifar_strom_near,cifar_cnn,nearest-traffic,strom,strom_t01,4300,84300,1800,8
1800,31.77422957,1.417292065,1.563499103,0.4708,0.4708,0.198,418212592,cifar_strom_near,cifar_cnn,nearest-traffic,strom,strom_t01,4300,84300,1800,8
1,2.785176326,2.751117603,2.760975043,0.1033,0.1033,0,395088,cifar_strom_near,cifar_cnn,nearest-traffic,strom,strom_t01,4400,84400,1800,9
60,2.205796692,1.962610352,1.973947284,0.2962,0.2962,0.005,10260064,cifar_strom_near,cifar_cnn,nearest-traffic,strom,strom_t01,4400,84400,1800,9
120,2.517264075,1.728056433,1.759120682,0.3754,0.3754,0.165,18636112,cifar_strom_near,cifar_cnn,nearest-traffic,strom,strom_t01,4400,84400,1800,9
180,3.235186292,1.540178601,1.589567117,0.423,0.423,0.156,27947680,cifar_strom_near,cifar_cnn,nearest-traffic,strom,strom_t01,4400,84400,1800,9
240,4.467455823,1.494719739,1.557253485,0.4409,0.4409,0.072,38090016,cifar_strom_near,cifar_cnn,nearest-traffic,strom,strom_t01,4400,84400,1800,9
300,5.956305005,1.429064282,1.513909171,0.4642,0.4642,0.18,49525136,cifar_strom_near,cifar_cnn,nearest-traffic,strom,strom_t01,4400,84400,1800,9
360,8.082493494,1.759445154,1.853211389,0.388,0.388,0.139,62280368,cifar_strom_near,cifar_cnn,nearest-traffic,strom,strom_t01,4400,84400,1800,9
420,10.19758812,1.682947498,1.768552042,0.3966,0.3966,0.121,76141808,cifar_strom_near,cifar_cnn,nearest-traffic,strom,strom_t01,4400,84400,1800,9
480,12.43533226,1.53567406,1.616271231,0.443,0.443,0.152,90164384,cifar_strom_near,cifar_cnn,nearest-traffic,strom,strom_t01,4400,84400,1800,9
540,14.71220438,1.556110632,1.644407782,0.4194,0.4194,0.309,104820256,cifar_strom_near,cifar_cnn,nearest-traffic,strom,strom_t01,4400,84400,1800,9
600,16.59597684,1.405726843,1.499654938,0.4707,0.4707,0.155,119517056,cifar_strom_near,cifar_cnn,nearest-traffic,strom,strom_t01,4400,84400,1800,9
660,18.38975735,1.423372583,1.535184402,0.4607,0.4607,0.275,135053952,cifar_strom_near,cifar_cnn,nearest-traffic,strom,strom_t01,4400,84400,1800,9
720,20.05493792,1.565373462,1.699209372,0.4366,0.4366,0.107,150474240,cifar_strom_near,cifar_cnn,nearest-traffic,strom,strom_t01,4400,84400,1800,9
780,21.2545801,1.445736353,1.55772796,0.4658,0.4658,0.219,165690320,cifar_strom_near,cifar_cnn,nearest-traffic,strom,strom_t01,4400,84400,1800,9
840,22.39710076,1.36191521,1.494516751,0.4797,0.4797,0.229,181437424,cifar_strom_near,cifar_cnn,nearest-traffic,strom,strom_t01,4400,84400,1800,9
900,23.73231184,1.459458325,1.580194086,0.4596,0.4596,0.229,197291952,cifar_strom_near,cifar_cnn,nearest-traffic,strom,strom_t01,4400,84400,1800,9
960,24.9074141,1.353884802,1.490602692,0.4946,0.4946,0.182,213509856,cifar_strom_near,cifar_cnn,nearest-traffic,strom,strom_t01,4400,84400,1800,9
1020,26.39786539,1.532992346,1.614167126,0.4411,0.4411,0.215,229213440,cifar_strom_near,cifar_cnn,nearest-traffic,strom,strom_t01,4400,84400,1800,9
1080,27.57799011,1.510978394,1.609562622,0.4422,0.4422,0.126,245253344,cifar_strom_near,cifar_cnn,nearest-traffic,strom,strom_t01,4400,84400,1800,9
1140,29.09222563,1.861420947,1.915438129,0.3481,0.3481,0.116,261362000,cifar_strom_near,cifar_cnn,nearest-traffic,strom,strom_t01,4400,84400,1800,9
1200,29.22845303,1.588451074,1.699620734,0.4363,0.4363,0.177,275420864,cifar_strom_near,cifar_cnn,nearest-traffic,strom,strom_t01,4400,84400,1800,9
1260,29.51614948,1.587475647,1.712524353,0.4388,0.4388,0.182,290397728,cifar_strom_near,cifar_cnn,nearest-traffic,strom,strom_t01,4400,84400,1800,9
1320,29.39809807,1.382320728,1.513216632,0.4675,0.4675,0.054,306093296,cifar_strom_near,cifar_cnn,nearest-traffic,strom,strom_t01,4400,84400,1800,9
1380,28.90908365,1.407646155,1.524052686,0.4815,0.4815,0.189,321997552,cifar_strom_near,cifar_cnn,nearest-traffic,strom,strom_t01,4400,84400,1800,9
1440,28.29387067,1.291228094,1.41245567,0.5016,0.5016,0.333,338038208,cifar_strom_near,cifar_cnn,nearest-traffic,strom,strom_t01,4400,84400,1800,9
1500,28.49812645,1.795788562,1.894775574,0.3698,0.3698,0.13,354458240,cifar_strom_near,cifar_cnn,nearest-traffic,strom,strom_t01,4400,84400,1800,9
1560,28.52144775,1.567799316,1.669073022,0.4474,0.4474,0.247,370056144,cifar_strom_near,cifar_cnn,nearest-traffic,strom,strom_t01,4400,84400,1800,9
1620,28.76930251,1.366720483,1.476185074,0.497,0.497,0.223,384944736,cifar_strom_near,cifar_cnn,nearest-traffic,strom,strom_t01,4400,84400,1800,9
1680,29.12382993,1.806058447,1.837713824,0.3336,0.3336,0.109,398950768,cifar_strom_near,cifar_cnn,nearest-traffic,strom,strom_t01,4400,84400,1800,9
1740,28.29525537,1.619835449,1.656916678,0.415,0.415,0.161,410841744,cifar_strom_near,cifar_cnn,nearest-traffic,strom,strom_t01,4400,84400,1800,9
1800,27.91440127,1.635618066,1.67894859,0.4118,0.4118,0.067,422719584,cifar_strom_near,cifar_cnn,nearest-traffic,strom,strom_t01,4400,84400,1800,9
1,2.326858432,2.293412219,2.292120447,0.1426,0.1426,0,1490656,cifar_strom_quality,cifar_cnn,quality-selected,strom,strom_t0025,3500,83500,1800,0
60,1.565648926,1.498041748,1.527847314,0.4415,0.4415,0.2,65252048,cifar_strom_quality,cifar_cnn,quality-selected,strom,strom_t0025,3500,83500,1800,0
120,1.56633833,1.428516553,1.491409814,0.4577,0.4577,0.214,133681152,cifar_strom_quality,cifar_cnn,quality-selected,strom,strom_t0025,3500,83500,1800,0
180,1.640393573,1.401490863,1.470913495,0.4658,0.4658,0.242,210199312,cifar_strom_quality,cifar_cnn,quality-selected,strom,strom_t0025,3500,83500,1800,0
240,1.74956217,1.362063055,1.425817435,0.4934,0.4934,0.23,284527280,cifar_strom_quality,cifar_cnn,quality-selected,strom,strom_t0025,3500,83500,1800,0
300,1.948834888,1.368312671,1.428344489,0.4891,0.4891,0.188,359746512,cifar_strom_quality,cifar_cnn,quality-selected,strom,strom_t0025,3500,83500,1800,0
360,2.185249329,1.373100159,1.458613016,0.4831,0.4831,0.228,438192800,cifar_strom_quality,cifar_cnn,quality-selected,strom,strom_t0025,3500,83500,1800,0
420,2.3823862,1.301019867,1.415704654,0.5041,0.5041,0.242,517177408,cifar_strom_quality,cifar_cnn,quality-selected,strom,strom_t0025,3500,83500,1800,0
480,2.685475079,1.306595074,1.402190948,0.5039,0.5039,0.281,596587504,cifar_strom_quality,cifar_cnn,quality-selected,strom,strom_t0025,3500,83500,1800,0
540,2.989541034,1.274307391,1.383789081,0.5173,0.5173,0.323,678648976,cifar_strom_quality,cifar_cnn,quality-selected,strom,strom_t0025,3500,83500,1800,0
600,3.351840942,1.269622192,1.388872388,0.5141,0.5141,0.233,761100976,cifar_strom_quality,cifar_cnn,quality-selected,strom,strom_t0025,3500,83500,1800,0
660,3.740123834,1.281239313,1.383433942,0.5199,0.5199,0.28,842664160,cifar_strom_quality,cifar_cnn,quality-selected,strom,strom_t0025,3500,83500,1800,0
720,4.121984125,1.256727533,1.365929114,0.5209,0.5209,0.199,922623568,cifar_strom_quality,cifar_cnn,quality-selected,strom,strom_t0025,3500,83500,1800,0
780,4.566411267,1.267757947,1.389208771,0.5235,0.5235,0.301,1000397856,cifar_strom_quality,cifar_cnn,quality-selected,strom,strom_t0025,3500,83500,1800,0
840,5.01703703,1.264979657,1.365843939,0.5302,0.5302,0.255,1079543424,cifar_strom_quality,cifar_cnn,quality-selected,strom,strom_t0025,3500,83500,1800,0
900,5.470805835,1.253223315,1.350072156,0.5255,0.5255,0.312,1157599024,cifar_strom_quality,cifar_cnn,quality-selected,strom,strom_t0025,3500,83500,1800,0
960,5.986154016,1.307825891,1.403014423,0.5164,0.5164,0.25,1233954272,cifar_strom_quality,cifar_cnn,quality-selected,strom,strom_t0025,3500,83500,1800,0
1020,6.379715149,1.271505188,1.386453943,0.5221,0.5221,0.234,1310086560,cifar_strom_quality,cifar_cnn,quality-selected,strom,strom_t0025,3500,83500,1800,0
1080,6.868290527,1.303169922,1.409598248,0.5058,0.5058,0.326,1385288464,cifar_strom_quality,cifar_cnn,quality-selected,strom,strom_t0025,3500,83500,1800,0
1140,7.289334021,1.302026404,1.416872491,0.4975,0.4975,0.215,1458624144,cifar_strom_quality,cifar_cnn,quality-selected,strom,strom_t0025,3500,83500,1800,0
1200,7.712599646,1.322799353,1.427166016,0.5027,0.5027,0.241,1533129312,cifar_strom_quality,cifar_cnn,quality-selected,strom,strom_t0025,3500,83500,1800,0
1260,8.102695691,1.309574597,1.41541116,0.5047,0.5047,0.266,1606352512,cifar_strom_quality,cifar_cnn,quality-selected,strom,strom_t0025,3500,83500,1800,0
1320,8.541242981,1.341530579,1.453037204,0.4969,0.4969,0.256,1678443216,cifar_strom_quality,cifar_cnn,quality-selected,strom,strom_t0025,3500,83500,1800,0
1380,9.026682727,1.40131554,1.49844928,0.4741,0.4741,0.25,1751088880,cifar_strom_quality,cifar_cnn,quality-selected,strom,strom_t0025,3500,83500,1800,0
1440,9.426939832,1.381231335,1.488117862,0.4831,0.4831,0.143,1823702752,cifar_strom_quality,cifar_cnn,quality-selected,strom,strom_t0025,3500,83500,1800,0
1500,9.861924524,1.395983118,1.490871436,0.4808,0.4808,0.262,1893723568,cifar_strom_quality,cifar_cnn,quality-selected,strom,strom_t0025,3500,83500,1800,0
1560,10.26817438,1.398816956,1.471612555,0.479,0.479,0.251,1959288880,cifar_strom_quality,cifar_cnn,quality-selected,strom,strom_t0025,3500,83500,1800,0
1620,10.70647097,1.410307886,1.490045367,0.463,0.463,0.34,2020973680,cifar_strom_quality,cifar_cnn,quality-selected,strom,strom_t0025,3500,83500,1800,0
1680,11.15141552,1.424055164,1.509678952,0.4723,0.4723,0.255,2082912080,cifar_strom_quality,cifar_cnn,quality-selected,strom,strom_t0025,3500,83500,1800,0
1740,11.63424872,1.476870789,1.560220215,0.4484,0.4484,0.089,2142472976,cifar_strom_quality,cifar_cnn,quality-selected,strom,strom_t0025,3500,83500,1800,0
1800,12.06892512,1.523398755,1.578211539,0.4375,0.4375,0.177,2201604624,cifar_strom_quality,cifar_cnn,quality-selected,strom,strom_t0025,3500,83500,1800,0
1,2.327831866,2.29434519,2.292500928,0.1337,0.1337,0.008,1511120,cifar_strom_quality,cifar_cnn,quality-selected,strom,strom_t0025,3600,83600,1800,1
60,1.570729993,1.504573682,1.529320837,0.4445,0.4445,0.222,64512880,cifar_strom_quality,cifar_cnn,quality-selected,strom,strom_t0025,3600,83600,1800,1
120,1.546236472,1.395232458,1.430503223,0.4823,0.4823,0.249,139232496,cifar_strom_quality,cifar_cnn,quality-selected,strom,strom_t0025,3600,83600,1800,1
180,1.664984271,1.367991199,1.442210712,0.4876,0.4876,0.302,217325504,cifar_strom_quality,cifar_cnn,quality-selected,strom,strom_t0025,3600,83600,1800,1
240,1.838388385,1.345955127,1.433636273,0.4852,0.4852,0.224,295589728,cifar_strom_quality,cifar_cnn,quality-selected,strom,strom_t0025,3600,83600,1800,1
300,2.067596991,1.330053229,1.397871945,0.5058,0.5058,0.356,373323840,cifar_strom_quality,cifar_cnn,quality-selected,strom,strom_t0025,3600,83600,1800,1
360,2.357648523,1.340842065,1.426574097,0.4859,0.4859,0.251,453536816,cifar_strom_quality,cifar_cnn,quality-selected,strom,strom_t0025,3600,83600,1800,1
420,2.654304907,1.325055518,1.41601582,0.5024,0.5024,0.312,536949424,cifar_strom_quality,cifar_cnn,quality-selected,strom,strom_t0025,3600,83600,1800,1
480,3.017731598,1.319159332,1.404682941,0.5063,0.5063,0.245,620799488,cifar_strom_quality,cifar_cnn,quality-selected,strom,strom_t0025,3600,83600,1800,1
540,3.42524754,1.318339825,1.406563647,0.5036,0.5036,0.382,702987024,cifar_strom_quality,cifar_cnn,quality-selected,strom,strom_t0025,3600,83600,1800,1
600,3.839780121,1.302967621,1.40727309,0.5059,0.5059,0.255,784503168,cifar_strom_quality,cifar_cnn,quality-selected,strom,strom_t0025,3600,83600,1800,1
660,4.259246954,1.287344611,1.413055588,0.5105,0.5105,0.31,870562992,cifar_strom_quality,cifar_cnn,quality-selected,strom,strom_t0025,3600,83600,1800,1
720,4.730001904,1.315290967,1.402351385,0.5148,0.5148,0.245,957151568,cifar_strom_quality,cifar_cnn,quality-selected,strom,strom_t0025,3600,83600,1800,1
780,5.193513074,1.296078503,1.407477686,0.5053,0.5053,0.217,1044394080,cifar_strom_quality,cifar_cnn,quality-selected,strom,strom_t0025,3600,83600,1800,1
840,5.674183368,1.315840106,1.426202411,0.4965,0.4965,0.323,1130879648,cifar_strom_quality,cifar_cnn,quality-selected,strom,strom_t0025,3600,83600,1800,1
900,6.134657031,1.314015918,1.421524402,0.4972,0.4972,0.302,1213377456,cifar_strom_quality,cifar_cnn,quality-selected,strom,strom_t0025,3600,83600,1800,1
960,6.607454456,1.311045276,1.430351404,0.5045,0.5045,0.289,1293611360,cifar_strom_quality,cifar_cnn,quality-selected,strom,strom_t0025,3600,83600,1800,1
1020,7.085746521,1.325129822,1.417116339,0.5062,0.5062,0.202,1374784432,cifar_strom_quality,cifar_cnn,quality-selected,strom,strom_t0025,3600,83600,1800,1
1080,7.561424829,1.317812036,1.418281891,0.5037,0.5037,0.148,1452741264,cifar_strom_quality,cifar_cnn,quality-selected,strom,strom_t0025,3600,83600,1800,1
1140,8.026333173,1.303661786,1.416748196,0.5015,0.5015,0.286,1530324480,cifar_strom_quality,cifar_cnn,quality-selected,strom,strom_t0025,3600,83600,1800,1
1200,8.489797119,1.306238037,1.409285223,0.5096,0.5096,0.242,1606784592,cifar_strom_quality,cifar_cnn,quality-selected,strom,strom_t0025,3600,83600,1800,1
1260,8.987924353,1.307807166,1.417357031,0.503,0.503,0.146,1681873264,cifar_strom_quality,cifar_cnn,quality-selected,strom,strom_t0025,3600,83600,1800,1
1320,9.46221734,1.319460016,1.428658984,0.4969,0.4969,0.269,1756552512,cifar_strom_quality,cifar_cnn,quality-selected,strom,strom_t0025,3600,83600,1800,1
1380,9.87726145,1.298188208,1.414047025,0.5096,0.5096,0.338,1832114880,cifar_strom_quality,cifar_cnn,quality-selected,strom,strom_t0025,3600,83600,1800,1
1440,10.35531769,1.307086243,1.406662357,0.5082,0.5082,0.264,1908064080,cifar_strom_quality,cifar_cnn,quality-selected,strom,strom_t0025,3600,83600,1800,1
1500,10.8139986,1.350670477,1.445758804,0.5022,0.5022,0.306,1985398000,cifar_strom_quality,cifar_cnn,quality-selected,strom,strom_t0025,3600,83600,1800,1
1560,11.2488079,1.333250281,1.412637952,0.5022,0.5022,0.377,2061857360,cifar_strom_quality,cifar_cnn,quality-selected,strom,strom_t0025,3600,83600,1800,1
1620,11.70398411,1.33432688,1.419953943,0.5103,0.5103,0.294,2138937760,cifar_strom_quality,cifar_cnn,quality-selected,strom,strom_t0025,3600,83600,1800,1
1680,12.16075612,1.332865491,1.435399561,0.5084,0.5084,0.281,2216624704,cifar_strom_quality,cifar_cnn,quality-selected,strom,strom_t0025,3600,83600,1800,1
1740,12.65323121,1.352730237,1.428512195,0.5059,0.5059,0.267,2293024480,cifar_strom_quality,cifar_cnn,quality-selected,strom,strom_t0025,3600,83600,1800,1
1800,13.09338517,1.35331095,1.432016675,0.4951,0.4951,0.337,2368776800,cifar_strom_quality,cifar_cnn,quality-selected,strom,strom_t0025,3600,83600,1800,1
1,2.329993896,2.296568774,2.294781921,0.1428,0.1428,0,1468032,cifar_strom_quality,cifar_cnn,quality-selected,strom,strom_t0025,3700,83700,1800,2
60,1.575745189,1.508683826,1.538788208,0.4409,0.4409,0.12,65838368,cifar_strom_quality,cifar_cnn,quality-selected,strom,strom_t0025,3700,83700,1800,2
120,1.561078525,1.414930469,1.460110535,0.4719,0.4719,0.221,138271152,cifar_strom_quality,cifar_cnn,quality-selected,strom,strom_t0025,3700,83700,1800,2
180,1.67962804,1.406844653,1.474816107,0.4695,0.4695,0.285,210379664,cifar_strom_quality,cifar_cnn,quality-selected,strom,strom_t0025,3700,83700,1800,2
240,1.790138232,1.348952563,1.426484802,0.4973,0.4973,0.328,282434720,cifar_strom_quality,cifar_cnn,quality-selected,strom,strom_t0025,3700,83700,1800,2
300,1.980078931,1.323605481,1.402681763,0.4971,0.4971,0.343,360732832,cifar_strom_quality,cifar_cnn,quality-selected,strom,strom_t0025,3700,83700,1800,2
360,2.260950793,1.344097888,1.402017126,0.5035,0.5035,0.21,439964768,cifar_strom_quality,cifar_cnn,quality-selected,strom,strom_t0025,3700,83700,1800,2
420,2.528044104,1.311040686,1.384111819,0.5113,0.5113,0.294,521455408,cifar_strom_quality,cifar_cnn,quality-selected,strom,strom_t0025,3700,83700,1800,2
480,2.85113324,1.302448792,1.394730167,0.5043,0.5043,0.247,604596368,cifar_strom_quality,cifar_cnn,quality-selected,strom,strom_t0025,3700,83700,1800,2
540,3.188952783,1.297160181,1.384611835,0.5128,0.5128,0.331,691484096,cifar_strom_quality,cifar_cnn,quality-selected,strom,strom_t0025,3700,83700,1800,2
600,3.537980042,1.296115784,1.391029822,0.5066,0.5066,0.288,777764608,cifar_strom_quality,cifar_cnn,quality-selected,strom,strom_t0025,3700,83700,1800,2
660,3.906508264,1.29089718,1.394307211,0.5044,0.5044,0.349,861345168,cifar_strom_quality,cifar_cnn,quality-selected,strom,strom_t0025,3700,83700,1800,2
720,4.299127295,1.28916416,1.408424774,0.5104,0.5104,0.259,943117600,cifar_strom_quality,cifar_cnn,quality-selected,strom,strom_t0025,3700,83700,1800,2
780,4.718848181,1.30363407,1.413133209,0.514,0.514,0.309,1024517216,cifar_strom_quality,cifar_cnn,quality-selected,strom,strom_t0025,3700,83700,1800,2
840,5.120853528,1.315406018,1.412877322,0.5054,0.5054,0.241,1107352832,cifar_strom_quality,cifar_cnn,quality-selected,strom,strom_t0025,3700,83700,1800,2
900,5.547567273,1.352972058,1.457355432,0.4909,0.4909,0.211,1188628800,cifar_strom_quality,cifar_cnn,quality-selected,strom,strom_t0025,3700,83700,1800,2
960,5.958602039,1.376378406,1.443419614,0.492,0.492,0.221,1271091648,cifar_strom_quality,cifar_cnn,quality-selected,strom,strom_t0025,3700,83700,1800,2
1020,6.399965295,1.414368616,1.505411987,0.4709,0.4709,0.218,1350398464,cifar_strom_quality,cifar_cnn,quality-selected,strom,strom_t0025,3700,83700,1800,2
1080,6.789991882,1.40495575,1.470259174,0.4895,0.4895,0.265,1424715296,cifar_strom_quality,cifar_cnn,quality-selected,strom,strom_t0025,3700,83700,1800,2
1140,7.202893237,1.395284351,1.480168842,0.4801,0.4801,0.295,1495966640,cifar_strom_quality,cifar_cnn,quality-selected,strom,strom_t0025,3700,83700,1800,2
1200,7.631300098,1.406829883,1.493172006,0.484,0.484,0.238,1566062224,cifar_strom_quality,cifar_cnn,quality-selected,strom,strom_t0025,3700,83700,1800,2
1260,8.062597791,1.457627087,1.545977698,0.4623,0.4623,0.18,1636675152,cifar_strom_quality,cifar_cnn,quality-selected,strom,strom_t0025,3700,83700,1800,2
1320,8.408119177,1.437143103,1.499077319,0.4814,0.4814,0.287,1706208288,cifar_strom_quality,cifar_cnn,quality-selected,strom,strom_t0025,3700,83700,1800,2
1380,8.776243359,1.433883984,1.497206207,0.4696,0.4696,0.134,1772567600,cifar_strom_quality,cifar_cnn,quality-selected,strom,strom_t0025,3700,83700,1800,2
1440,9.052153711,1.374975977,1.448252682,0.4959,0.4959,0.271,1835487408,cifar_strom_quality,cifar_cnn,quality-selected,strom,strom_t0025,3700,83700,1800,2
1500,9.412549756,1.39950874,1.465801816,0.4766,0.4766,0.27,1896250256,cifar_strom_quality,cifar_cnn,quality-selected,strom,strom_t0025,3700,83700,1800,2
1560,9.712181042,1.388167371,1.449900851,0.4975,0.4975,0.247,1955635152,cifar_strom_quality,cifar_cnn,quality-selected,strom,strom_t0025,3700,83700,1800,2
1620,10.08529684,1.454686487,1.516751013,0.4738,0.4738,0.29,2014061824,cifar_strom_quality,cifar_cnn,quality-selected,strom,strom_t0025,3700,83700,1800,2
1680,10.3203661,1.399097546,1.467846902,0.4831,0.4831,0.249,2072683808,cifar_strom_quality,cifar_cnn,quality-selected,strom,strom_t0025,3700,83700,1800,2
1740,10.6033662,1.421424792,1.493325577,0.4736,0.4736,0.328,2130935488,cifar_strom_quality,cifar_cnn,quality-selected,strom,strom_t0025,3700,83700,1800,2
1800,10.88833046,1.457535535,1.509716858,0.4587,0.4587,0.282,2191718192,cifar_strom_quality,cifar_cnn,quality-selected,strom,strom_t0025,3700,83700,1800,2
1,2.309778755,2.276337646,2.284303937,0.1457,0.1457,0.001,1525888,cifar_strom_quality,cifar_cnn,quality-selected,strom,strom_t0025,3800,83800,1800,3
60,1.542105547,1.472240564,1.535706424,0.4461,0.4461,0.167,68690672,cifar_strom_quality,cifar_cnn,quality-selected,strom,strom_t0025,3800,83800,1800,3
120,1.551294199,1.39425802,1.483673993,0.4603,0.4603,0.176,142159744,cifar_strom_quality,cifar_cnn,quality-selected,strom,strom_t0025,3800,83800,1800,3
180,1.601156287,1.308615271,1.425210095,0.4823,0.4823,0.303,223257888,cifar_strom_quality,cifar_cnn,quality-selected,strom,strom_t0025,3800,83800,1800,3
240,1.782886908,1.310381964,1.432374432,0.4862,0.4862,0.239,310094096,cifar_strom_quality,cifar_cnn,quality-selected,strom,strom_t0025,3800,83800,1800,3
300,2.026834039,1.317090448,1.434872351,0.4972,0.4972,0.334,396841904,cifar_strom_quality,cifar_cnn,quality-selected,strom,strom_t0025,3800,83800,1800,3
360,2.308253381,1.31498916,1.421974692,0.4941,0.4941,0.278,483174432,cifar_strom_quality,cifar_cnn,quality-selected,strom,strom_t0025,3800,83800,1800,3
420,2.594851465,1.284474146,1.431648788,0.5019,0.5019,0.31,569996864,cifar_strom_quality,cifar_cnn,quality-selected,strom,strom_t0025,3800,83800,1800,3
480,2.946575427,1.314398914,1.456907465,0.4935,0.4935,0.236,660978112,cifar_strom_quality,cifar_cnn,quality-selected,strom,strom_t0025,3800,83800,1800,3
540,3.319876489,1.327638452,1.444751349,0.4844,0.4844,0.369,748268832,cifar_strom_quality,cifar_cnn,quality-selected,strom,strom_t0025,3800,83800,1800,3
600,3.696692493,1.311751575,1.433669012,0.4868,0.4868,0.207,832181424,cifar_strom_quality,cifar_cnn,quality-selected,strom,strom_t0025,3800,83800,1800,3
660,4.11755965,1.304738116,1.44446825,0.4881,0.4881,0.386,915006032,cifar_strom_quality,cifar_cnn,quality-selected,strom,strom_t0025,3800,83800,1800,3
720,4.560905334,1.287950012,1.410777997,0.5005,0.5005,0.339,999488384,cifar_strom_quality,cifar_cnn,quality-selected,strom,strom_t0025,3800,83800,1800,3
780,5.039963751,1.293769171,1.427471655,0.4978,0.4978,0.294,1082556576,cifar_strom_quality,cifar_cnn,quality-selected,strom,strom_t0025,3800,83800,1800,3
840,5.504882977,1.280071454,1.428301398,0.4958,0.4958,0.283,1161961488,cifar_strom_quality,cifar_cnn,quality-selected,strom,strom_t0025,3800,83800,1800,3
900,6.025883801,1.312887708,1.452181781,0.495,0.495,0.151,1241609872,cifar_strom_quality,cifar_cnn,quality-selected,strom,strom_t0025,3800,83800,1800,3
960,6.518006519,1.298166187,1.416109769,0.5011,0.5011,0.327,1318056896,cifar_strom_quality,cifar_cnn,quality-selected,strom,strom_t0025,3800,83800,1800,3
1020,7.016035864,1.295225806,1.426356815,0.5064,0.5064,0.326,1395985024,cifar_strom_quality,cifar_cnn,quality-selected,strom,strom_t0025,3800,83800,1800,3
1080,7.504672559,1.320033887,1.447500574,0.4935,0.4935,0.199,1472353296,cifar_strom_quality,cifar_cnn,quality-selected,strom,strom_t0025,3800,83800,1800,3
1140,8.004360272,1.333197186,1.426819016,0.4963,0.4963,0.24,1548316016,cifar_strom_quality,cifar_cnn,quality-selected,strom,strom_t0025,3800,83800,1800,3
1200,8.507857202,1.334441187,1.45879758,0.4908,0.4908,0.303,1624278176,cifar_strom_quality,cifar_cnn,quality-selected,strom,strom_t0025,3800,83800,1800,3
1260,8.991961365,1.355345642,1.479971246,0.4772,0.4772,0.248,1700888528,cifar_strom_quality,cifar_cnn,quality-selected,strom,strom_t0025,3800,83800,1800,3
1320,9.434785132,1.352972632,1.448137476,0.4918,0.4918,0.235,1771972672,cifar_strom_quality,cifar_cnn,quality-selected,strom,strom_t0025,3800,83800,1800,3
1380,9.860305273,1.3769625,1.462924561,0.4894,0.4894,0.318,1839600864,cifar_strom_quality,cifar_cnn,quality-selected,strom,strom_t0025,3800,83800,1800,3
1440,10.21960724,1.376911926,1.479393539,0.4772,0.4772,0.292,1904767504,cifar_strom_quality,cifar_cnn,quality-selected,strom,strom_t0025,3800,83800,1800,3
1500,10.52186492,1.356190112,1.470752069,0.4809,0.4809,0.238,1971707552,cifar_strom_quality,cifar_cnn,quality-selected,strom,strom_t0025,3800,83800,1800,3
1560,10.76484462,1.344052625,1.454827036,0.4841,0.4841,0.288,2038340304,cifar_strom_quality,cifar_cnn,quality-selected,strom,strom_t0025,3800,83800,1800,3
1620,11.05835803,1.391501587,1.476015155,0.481,0.481,0.325,2103415744,cifar_strom_quality,cifar_cnn,quality-selected,strom,strom_t0025,3800,83800,1800,3
1680,11.31471956,1.414935376,1.497406351,0.4855,0.4855,0.181,2168213184,cifar_strom_quality,cifar_cnn,quality-selected,strom,strom_t0025,3800,83800,1800,3
1740,11.64816296,1.487980347,1.546727823,0.4688,0.4688,0.298,2235194864,cifar_strom_quality,cifar_cnn,quality-selected,strom,strom_t0025,3800,83800,1800,3
1800,11.87305664,1.447110352,1.521781134,0.4666,0.4666,0.245,2305557408,cifar_strom_quality,cifar_cnn,quality-selected,strom,strom_t0025,3800,83800,1800,3
1,2.323094394,2.289647388,2.293039526,0.1274,0.1274,0.003,1489744,cifar_strom_quality,cifar_cnn,quality-selected,strom,strom_t0025,3900,83900,1800,4
60,1.571667851,1.507157178,1.55194426,0.429,0.429,0.164,57274944,cifar_strom_quality,cifar_cnn,quality-selected,strom,strom_t0025,3900,83900,1800,4
120,1.526710007,1.391921143,1.458549463,0.4671,0.4671,0.118,126414208,cifar_strom_quality,cifar_cnn,quality-selected,strom,strom_t0025,3900,83900,1800,4
180,1.611533301,1.361426367,1.434542114,0.4895,0.4895,0.231,201948000,cifar_strom_quality,cifar_cnn,quality-selected,strom,strom_t0025,3900,83900,1800,4
240,1.735609656,1.322101416,1.410044336,0.4951,0.4951,0.217,285975328,cifar_strom_quality,cifar_cnn,quality-selected,strom,strom_t0025,3900,83900,1800,4
300,1.916945361,1.292921741,1.400464276,0.5021,0.5021,0.277,377214096,cifar_strom_quality,cifar_cnn,quality-selected,strom,strom_t0025,3900,83900,1800,4
360,2.177447595,1.281018457,1.384338034,0.5041,0.5041,0.257,467889760,cifar_strom_quality,cifar_cnn,quality-selected,strom,strom_t0025,3900,83900,1800,4
420,2.497751709,1.276929077,1.399292902,0.5062,0.5062,0.273,556736208,cifar_strom_quality,cifar_cnn,quality-selected,strom,strom_t0025,3900,83900,1800,4
480,2.878929749,1.28996344,1.414510846,0.4977,0.4977,0.35,643286624,cifar_strom_quality,cifar_cnn,quality-selected,strom,strom_t0025,3900,83900,1800,4
540,3.316196179,1.293077893,1.418696301,0.5028,0.5028,0.367,729060816,cifar_strom_quality,cifar_cnn,quality-selected,strom,strom_t0025,3900,83900,1800,4
600,3.76340415,1.270117285,1.415589624,0.5096,0.5096,0.368,814279360,cifar_strom_quality,cifar_cnn,quality-selected,strom,strom_t0025,3900,83900,1800,4
660,4.262245618,1.276524426,1.416801917,0.5121,0.5121,0.217,900048896,cifar_strom_quality,cifar_cnn,quality-selected,strom,strom_t0025,3900,83900,1800,4
720,4.770185571,1.269691919,1.403658096,0.5076,0.5076,0.376,985703376,cifar_strom_quality,cifar_cnn,quality-selected,strom,strom_t0025,3900,83900,1800,4
780,5.29574118,1.275537079,1.420765106,0.5073,0.5073,0.339,1070714688,cifar_strom_quality,cifar_cnn,quality-selected,strom,strom_t0025,3900,83900,1800,4
840,5.808386218,1.261161121,1.395340942,0.5122,0.5122,0.365,1149305184,cifar_strom_quality,cifar_cnn,quality-selected,strom,strom_t0025,3900,83900,1800,4
900,6.386167297,1.287316711,1.420444812,0.5069,0.5069,0.245,1225955872,cifar_strom_quality,cifar_cnn,quality-selected,strom,strom_t0025,3900,83900,1800,4
960,6.964577917,1.312133093,1.438900409,0.4978,0.4978,0.203,1300807056,cifar_strom_quality,cifar_cnn,quality-selected,strom,strom_t0025,3900,83900,1800,4
1020,7.488562036,1.311030298,1.43325275,0.4957,0.4957,0.348,1373378432,cifar_strom_quality,cifar_cnn,quality-selected,strom,strom_t0025,3900,83900,1800,4
1080,7.985904443,1.312207178,1.434425488,0.4983,0.4983,0.239,1444988864,cifar_strom_quality,cifar_cnn,quality-selected,strom,strom_t0025,3900,83900,1800,4
1140,8.425927466,1.307894751,1.444614752,0.5065,0.5065,0.3,1516485408,cifar_strom_quality,cifar_cnn,quality-selected,strom,strom_t0025,3900,83900,1800,4
1200,8.834771033,1.329527869,1.462493494,0.4957,0.4957,0.256,1587811504,cifar_strom_quality,cifar_cnn,quality-selected,strom,strom_t0025,3900,83900,1800,4
1260,9.182864478,1.33609397,1.453966827,0.4935,0.4935,0.314,1656471488,cifar_strom_quality,cifar_cnn,quality-selected,strom,strom_t0025,3900,83900,1800,4
1320,9.501894897,1.316532104,1.410810657,0.5123,0.5123,0.289,1722535936,cifar_strom_quality,cifar_cnn,quality-selected,strom,strom_t0025,3900,83900,1800,4
1380,9.832977307,1.318905042,1.428306421,0.5056,0.5056,0.258,1788755488,cifar_strom_quality,cifar_cnn,quality-selected,strom,strom_t0025,3900,83900,1800,4
1440,10.23647269,1.39528324,1.487718637,0.4772,0.4772,0.206,1855894592,cifar_strom_quality,cifar_cnn,quality-selected,strom,strom_t0025,3900,83900,1800,4
1500,10.48784164,1.345290857,1.437891724,0.4974,0.4974,0.306,1922710368,cifar_strom_quality,cifar_cnn,quality-selected,strom,strom_t0025,3900,83900,1800,4
1560,10.78032386,1.389044568,1.478301663,0.4853,0.4853,0.256,1991283952,cifar_strom_quality,cifar_cnn,quality-selected,strom,strom_t0025,3900,83900,1800,4
1620,11.04090789,1.412749683,1.513312424,0.4788,0.4788,0.176,2057723712,cifar_strom_quality,cifar_cnn,quality-selected,strom,strom_t0025,3900,83900,1800,4
1680,11.2607356,1.369611572,1.453874988,0.4861,0.4861,0.143,2122054080,cifar_strom_quality,cifar_cnn,quality-selected,strom,strom_t0025,3900,83900,1800,4
1740,11.56568878,1.406718079,1.482793933,0.469,0.469,0.209,2186009584,cifar_strom_quality,cifar_cnn,quality-selected,strom,strom_t0025,3900,83900,1800,4
1800,11.76597849,1.352689429,1.438002341,0.4908,0.4908,0.206,2249146160,cifar_strom_quality,cifar_cnn,quality-selected,strom,strom_t0025,3900,83900,1800,4
1,2.311201041,2.277742969,2.2838284,0.1373,0.1373,0,1476160,cifar_strom_quality,cifar_cnn,quality-selected,strom,strom_t0025,4000,84000,1800,5
60,1.571772939,1.508011487,1.533147839,0.4374,0.4374,0.217,62368384,cifar_strom_quality,cifar_cnn,quality-selected,strom,strom_t0025,4000,84000,1800,5
120,1.536417075,1.402523596,1.480771777,0.4656,0.4656,0.278,134391760,cifar_strom_quality,cifar_cnn,quality-selected,strom,strom_t0025,4000,84000,1800,5
180,1.618338806,1.372574219,1.445791016,0.4829,0.4829,0.269,212715056,cifar_strom_quality,cifar_cnn,quality-selected,strom,strom_t0025,4000,84000,1800,5
240,1.766151477,1.372990527,1.453737616,0.4816,0.4816,0.263,297079472,cifar_strom_quality,cifar_cnn,quality-selected,strom,strom_t0025,4000,84000,1800,5
300,1.943684009,1.354631458,1.433916879,0.5016,0.5016,0.23,382137008,cifar_strom_quality,cifar_cnn,quality-selected,strom,strom_t0025,4000,84000,1800,5
360,2.199730542,1.353368481,1.44748367,0.4919,0.4919,0.299,465220192,cifar_strom_quality,cifar_cnn,quality-selected,strom,strom_t0025,4000,84000,1800,5
420,2.510119775,1.343449854,1.418747687,0.4989,0.4989,0.355,547264336,cifar_strom_quality,cifar_cnn,quality-selected,strom,strom_t0025,4000,84000,1800,5
480,2.837662158,1.329346118,1.408471527,0.5035,0.5035,0.343,624067552,cifar_strom_quality,cifar_cnn,quality-selected,strom,strom_t0025,4000,84000,1800,5
540,3.179017358,1.303862329,1.400242267,0.5075,0.5075,0.318,698564672,cifar_strom_quality,cifar_cnn,quality-selected,strom,strom_t0025,4000,84000,1800,5
600,3.600351758,1.31683833,1.388665161,0.5121,0.5121,0.321,770157888,cifar_strom_quality,cifar_cnn,quality-selected,strom,strom_t0025,4000,84000,1800,5
660,4.030675403,1.294580676,1.390574146,0.508,0.508,0.257,840068464,cifar_strom_quality,cifar_cnn,quality-selected,strom,strom_t0025,4000,84000,1800,5
720,4.546829004,1.383751367,1.461935883,0.4793,0.4793,0.28,910767456,cifar_strom_quality,cifar_cnn,quality-selected,strom,strom_t0025,4000,84000,1800,5
780,4.962371143,1.367009326,1.462297574,0.4822,0.4822,0.231,976205072,cifar_strom_quality,cifar_cnn,quality-selected,strom,strom_t0025,4000,84000,1800,5
840,5.41817594,1.373078772,1.475469455,0.4797,0.4797,0.319,1038274752,cifar_strom_quality,cifar_cnn,quality-selected,strom,strom_t0025,4000,84000,1800,5
900,5.91908833,1.404736768,1.503645258,0.4668,0.4668,0.299,1099203568,cifar_strom_quality,cifar_cnn,quality-selected,strom,strom_t0025,4000,84000,1800,5
960,6.385456604,1.407506409,1.4996004,0.457,0.457,0.172,1158378928,cifar_strom_quality,cifar_cnn,quality-selected,strom,strom_t0025,4000,84000,1800,5
1020,6.84179126,1.401023193,1.487869009,0.4676,0.4676,0.285,1215745680,cifar_strom_quality,cifar_cnn,quality-selected,strom,strom_t0025,4000,84000,1800,5
1080,7.330341382,1.419405835,1.496445667,0.4702,0.4702,0.263,1272762512,cifar_strom_quality,cifar_cnn,quality-selected,strom,strom_t0025,4000,84000,1800,5
1140,7.77418877,1.42816582,1.497277737,0.4666,0.4666,0.238,1328633872,cifar_strom_quality,cifar_cnn,quality-selected,strom,strom_t0025,4000,84000,1800,5
1200,8.19755802,1.467900305,1.53608627,0.4472,0.4472,0.286,1383885632,cifar_strom_quality,cifar_cnn,quality-selected,strom,strom_t0025,4000,84000,1800,5
1260,8.619880872,1.51892677,1.597669269,0.4331,0.4331,0.266,1439071088,cifar_strom_quality,cifar_cnn,quality-selected,strom,strom_t0025,4000,84000,1800,5
1320,8.961335217,1.497992932,1.572987381,0.4416,0.4416,0.224,1494094144,cifar_strom_quality,cifar_cnn,quality-selected,strom,strom_t0025,4000,84000,1800,5
1380,9.334467578,1.531866016,1.593964951,0.4256,0.4256,0.257,1547143104,cifar_strom_quality,cifar_cnn,quality-selected,strom,strom_t0025,4000,84000,1800,5
1440,9.649974805,1.530002148,1.604782843,0.4284,0.4284,0.218,1599289520,cifar_strom_quality,cifar_cnn,quality-selected,strom,strom_t0025,4000,84000,1800,5
1500,9.94130509,1.5240922,1.578373135,0.4285,0.4285,0.116,1649608432,cifar_strom_quality,cifar_cnn,quality-selected,strom,strom_t0025,4000,84000,1800,5
1560,10.22541763,1.505866846,1.593010736,0.4356,0.4356,0.105,1699553136,cifar_strom_quality,cifar_cnn,quality-selected,strom,strom_t0025,4000,84000,1800,5
1620,10.51357931,1.547841028,1.613829138,0.4173,0.4173,0.119,1749736320,cifar_strom_quality,cifar_cnn,quality-selected,strom,strom_t0025,4000,84000,1800,5
1680,10.89920702,1.726652332,1.729103979,0.3754,0.3754,0.094,1801123120,cifar_strom_quality,cifar_cnn,quality-selected,strom,strom_t0025,4000,84000,1800,5
1740,11.02717417,1.670725928,1.721196576,0.3793,0.3793,0.067,1850291488,cifar_strom_quality,cifar_cnn,quality-selected,strom,strom_t0025,4000,84000,1800,5
1800,11.15146147,1.6326646,1.686522797,0.3791,0.3791,0.222,1896227936,cifar_strom_quality,cifar_cnn,quality-selected,strom,strom_t0025,4000,84000,1800,5
1,2.343807923,2.310404614,2.310759546,0.1202,0.1202,0.002,1489552,cifar_strom_quality,cifar_cnn,quality-selected,strom,strom_t0025,4100,84100,1800,6
60,1.593487776,1.52850498,1.552098596,0.4279,0.4279,0.301,59997168,cifar_strom_quality,cifar_cnn,quality-selected,strom,strom_t0025,4100,84100,1800,6
120,1.537254404,1.401274622,1.437357007,0.4753,0.4753,0.244,129992848,cifar_strom_quality,cifar_cnn,quality-selected,strom,strom_t0025,4100,84100,1800,6
180,1.630039627,1.375219421,1.45823273,0.4745,0.4745,0.289,207792656,cifar_strom_quality,cifar_cnn,quality-selected,strom,strom_t0025,4100,84100,1800,6
240,1.749265356,1.328266089,1.409889697,0.5041,0.5041,0.325,292549504,cifar_strom_quality,cifar_cnn,quality-selected,strom,strom_t0025,4100,84100,1800,6
300,1.92997323,1.304346094,1.407552917,0.5019,0.5019,0.297,384055200,cifar_strom_quality,cifar_cnn,quality-selected,strom,strom_t0025,4100,84100,1800,6
360,2.184143848,1.305946155,1.413905899,0.4994,0.4994,0.148,474568000,cifar_strom_quality,cifar_cnn,quality-selected,strom,strom_t0025,4100,84100,1800,6
420,2.459887262,1.281778131,1.389895709,0.5076,0.5076,0.311,564482176,cifar_strom_quality,cifar_cnn,quality-selected,strom,strom_t0025,4100,84100,1800,6
480,2.837667847,1.322303955,1.413472632,0.5004,0.5004,0.277,652041104,cifar_strom_quality,cifar_cnn,quality-selected,strom,strom_t0025,4100,84100,1800,6
540,3.244759888,1.35061084,1.429070038,0.4865,0.4865,0.307,737783520,cifar_strom_quality,cifar_cnn,quality-selected,strom,strom_t0025,4100,84100,1800,6
600,3.653554346,1.339349756,1.407900348,0.5083,0.5083,0.28,820308880,cifar_strom_quality,cifar_cnn,quality-selected,strom,strom_t0025,4100,84100,1800,6
660,4.08702793,1.32149082,1.435427957,0.4955,0.4955,0.174,899454576,cifar_strom_quality,cifar_cnn,quality-selected,strom,strom_t0025,4100,84100,1800,6
720,4.573785486,1.327106531,1.421154114,0.5006,0.5006,0.281,975969504,cifar_strom_quality,cifar_cnn,quality-selected,strom,strom_t0025,4100,84100,1800,6
780,5.094581165,1.347738635,1.450317764,0.4968,0.4968,0.255,1053935152,cifar_strom_quality,cifar_cnn,quality-selected,strom,strom_t0025,4100,84100,1800,6
840,5.630257288,1.362695276,1.453742404,0.4867,0.4867,0.231,1131184576,cifar_strom_quality,cifar_cnn,quality-selected,strom,strom_t0025,4100,84100,1800,6
900,6.18104325,1.354491003,1.441657062,0.4916,0.4916,0.28,1205027312,cifar_strom_quality,cifar_cnn,quality-selected,strom,strom_t0025,4100,84100,1800,6
960,6.723171155,1.351406506,1.44291759,0.4984,0.4984,0.277,1274882816,cifar_strom_quality,cifar_cnn,quality-selected,strom,strom_t0025,4100,84100,1800,6
1020,7.249263232,1.320733936,1.417330292,0.5081,0.5081,0.259,1341937136,cifar_strom_quality,cifar_cnn,quality-selected,strom,strom_t0025,4100,84100,1800,6
1080,7.837245142,1.351741235,1.455224469,0.4906,0.4906,0.242,1406122432,cifar_strom_quality,cifar_cnn,quality-selected,strom,strom_t0025,4100,84100,1800,6
1140,8.419404431,1.349087048,1.430936053,0.5002,0.5002,0.301,1468024928,cifar_strom_quality,cifar_cnn,quality-selected,strom,strom_t0025,4100,84100,1800,6
1200,9.011701013,1.384880212,1.463680148,0.4873,0.4873,0.317,1530629088,cifar_strom_quality,cifar_cnn,quality-selected,strom,strom_t0025,4100,84100,1800,6
1260,9.537410571,1.3759052,1.464562408,0.4894,0.4894,0.354,1592661520,cifar_strom_quality,cifar_cnn,quality-selected,strom,strom_t0025,4100,84100,1800,6
1320,10.01326846,1.358222559,1.433919104,0.4933,0.4933,0.222,1655301936,cifar_strom_quality,cifar_cnn,quality-selected,strom,strom_t0025,4100,84100,1800,6
1380,10.49608611,1.370878101,1.461701465,0.4943,0.4943,0.316,1714529440,cifar_strom_quality,cifar_cnn,quality-selected,strom,strom_t0025,4100,84100,1800,6
1440,10.92216074,1.356271094,1.461397107,0.492,0.492,0.196,1777612160,cifar_strom_quality,cifar_cnn,quality-selected,strom,strom_t0025,4100,84100,1800,6
1500,11.33566942,1.370408679,1.486653174,0.4902,0.4902,0.263,1844154368,cifar_strom_quality,cifar_cnn,quality-selected,strom,strom_t0025,4100,84100,1800,6
1560,11.74236006,1.381049512,1.487227579,0.4899,0.4899,0.269,1909175200,cifar_strom_quality,cifar_cnn,quality-selected,strom,strom_t0025,4100,84100,1800,6
1620,12.1094026,1.367373303,1.466285144,0.4864,0.4864,0.253,1971874016,cifar_strom_quality,cifar_cnn,quality-selected,strom,strom_t0025,4100,84100,1800,6
1680,12.48469468,1.3979271,1.512504205,0.4717,0.4717,0.249,2035188880,cifar_strom_quality,cifar_cnn,quality-selected,strom,strom_t0025,4100,84100,1800,6
1740,12.77988622,1.40796825,1.504053613,0.4752,0.4752,0.277,2098093504,cifar_strom_quality,cifar_cnn,quality-selected,strom,strom_t0025,4100,84100,1800,6
1800,13.07711719,1.455157227,1.52675704,0.4604,0.4604,0.267,2161275696,cifar_strom_quality,cifar_cnn,quality-selected,strom,strom_t0025,4100,84100,1800,6
1,2.327541885,2.294133362,2.295129803,0.131,0.131,0.001,1480752,cifar_strom_quality,cifar_cnn,quality-selected,strom,strom_t0025,4200,84200,1800,7
60,1.570432177,1.50745658,1.549213409,0.4302,0.4302,0.231,53821680,cifar_strom_quality,cifar_cnn,quality-selected,strom,strom_t0025,4200,84200,1800,7
120,1.519007541,1.380583972,1.445806042,0.4788,0.4788,0.273,119561936,cifar_strom_quality,cifar_cnn,quality-selected,strom,strom_t0025,4200,84200,1800,7
180,1.619044135,1.356807837,1.447951385,0.4857,0.4857,0.282,194992864,cifar_strom_quality,cifar_cnn,quality-selected,strom,strom_t0025,4200,84200,1800,7
240,1.780817023,1.332551367,1.417846231,0.4985,0.4985,0.28,272009392,cifar_strom_quality,cifar_cnn,quality-selected,strom,strom_t0025,4200,84200,1800,7
300,2.013769958,1.326199341,1.419023398,0.5016,0.5016,0.263,350366016,cifar_strom_quality,cifar_cnn,quality-selected,strom,strom_t0025,4200,84200,1800,7
360,2.286873962,1.3165401,1.415587436,0.501,0.501,0.236,427659344,cifar_strom_quality,cifar_cnn,quality-selected,strom,strom_t0025,4200,84200,1800,7
420,2.599523438,1.311338989,1.419317798,0.5046,0.5046,0.315,504705696,cifar_strom_quality,cifar_cnn,quality-selected,strom,strom_t0025,4200,84200,1800,7
480,2.916442334,1.257544019,1.352756091,0.5187,0.5187,0.307,582194688,cifar_strom_quality,cifar_cnn,quality-selected,strom,strom_t0025,4200,84200,1800,7
540,3.35371283,1.278438171,1.400146439,0.5099,0.5099,0.222,659069808,cifar_strom_quality,cifar_cnn,quality-selected,strom,strom_t0025,4200,84200,1800,7
600,3.828063013,1.285738794,1.37031131,0.5117,0.5117,0.368,736394432,cifar_strom_quality,cifar_cnn,quality-selected,strom,strom_t0025,4200,84200,1800,7
660,4.320602039,1.288232166,1.377205634,0.5123,0.5123,0.278,815180976,cifar_strom_quality,cifar_cnn,quality-selected,strom,strom_t0025,4200,84200,1800,7
720,4.824180054,1.27408728,1.395293597,0.5095,0.5095,0.289,899048928,cifar_strom_quality,cifar_cnn,quality-selected,strom,strom_t0025,4200,84200,1800,7
780,5.342686829,1.263064758,1.375049994,0.5179,0.5179,0.345,984411680,cifar_strom_quality,cifar_cnn,quality-selected,strom,strom_t0025,4200,84200,1800,7
840,5.915278357,1.273574255,1.403279211,0.5038,0.5038,0.339,1069315696,cifar_strom_quality,cifar_cnn,quality-selected,strom,strom_t0025,4200,84200,1800,7
900,6.522852124,1.320608472,1.449097473,0.4875,0.4875,0.251,1154716240,cifar_strom_quality,cifar_cnn,quality-selected,strom,strom_t0025,4200,84200,1800,7
960,7.00669198,1.281986414,1.386744797,0.5079,0.5079,0.348,1237252688,cifar_strom_quality,cifar_cnn,quality-selected,strom,strom_t0025,4200,84200,1800,7
1020,7.495815247,1.277634583,1.391328143,0.5047,0.5047,0.314,1316873504,cifar_strom_quality,cifar_cnn,quality-selected,strom,strom_t0025,4200,84200,1800,7
1080,7.994785767,1.295378052,1.405325214,0.5173,0.5173,0.313,1395382384,cifar_strom_quality,cifar_cnn,quality-selected,strom,strom_t0025,4200,84200,1800,7
1140,8.4860323,1.320416089,1.411847089,0.5039,0.5039,0.292,1474014512,cifar_strom_quality,cifar_cnn,quality-selected,strom,strom_t0025,4200,84200,1800,7
1200,8.910688013,1.318029321,1.408281989,0.5102,0.5102,0.288,1550943904,cifar_strom_quality,cifar_cnn,quality-selected,strom,strom_t0025,4200,84200,1800,7
1260,9.338856592,1.324957666,1.44376579,0.5091,0.5091,0.258,1627659376,cifar_strom_quality,cifar_cnn,quality-selected,strom,strom_t0025,4200,84200,1800,7
1320,9.775342737,1.364072229,1.475009595,0.484,0.484,0.1,1704863616,cifar_strom_quality,cifar_cnn,quality-selected,strom,strom_t0025,4200,84200,1800,7
1380,10.12381954,1.334689661,1.466507578,0.5069,0.5069,0.267,1780428000,cifar_strom_quality,cifar_cnn,quality-selected,strom,strom_t0025,4200,84200,1800,7
1440,10.46853899,1.326132739,1.439466522,0.5048,0.5048,0.208,1856216448,cifar_strom_quality,cifar_cnn,quality-selected,strom,strom_t0025,4200,84200,1800,7
1500,10.86427449,1.356425854,1.475842126,0.4916,0.4916,0.232,1931492192,cifar_strom_quality,cifar_cnn,quality-selected,strom,strom_t0025,4200,84200,1800,7
1560,11.24718888,1.349706458,1.459474536,0.4961,0.4961,0.27,2006784896,cifar_strom_quality,cifar_cnn,quality-selected,strom,strom_t0025,4200,84200,1800,7
1620,11.59222437,1.331661865,1.429737045,0.5054,0.5054,0.25,2082122912,cifar_strom_quality,cifar_cnn,quality-selected,strom,strom_t0025,4200,84200,1800,7
1680,11.98148354,1.3418771,1.457468747,0.4968,0.4968,0.299,2155721984,cifar_strom_quality,cifar_cnn,quality-selected,strom,strom_t0025,4200,84200,1800,7
1740,12.33737966,1.303206812,1.420432056,0.5041,0.5041,0.29,2230205616,cifar_strom_quality,cifar_cnn,quality-selected,strom,strom_t0025,4200,84200,1800,7
1800,12.80173085,1.363904675,1.459721252,0.4989,0.4989,0.262,2303586528,cifar_strom_quality,cifar_cnn,quality-selected,strom,strom_t0025,4200,84200,1800,7
1,2.337929771,2.304492981,2.314765076,0.1287,0.1287,0,1494240,cifar_strom_quality,cifar_cnn,quality-selected,strom,strom_t0025,4300,84300,1800,8
60,1.628374889,1.561721179,1.580891107,0.4214,0.4214,0.196,65630048,cifar_strom_quality,cifar_cnn,quality-selected,strom,strom_t0025,4300,84300,1800,8
120,1.56688757,1.422211438,1.481378711,0.4643,0.4643,0.234,135760144,cifar_strom_quality,cifar_cnn,quality-selected,strom,strom_t0025,4300,84300,1800,8
180,1.63277796,1.354697668,1.433680661,0.4887,0.4887,0.271,207940368,cifar_strom_quality,cifar_cnn,quality-selected,strom,strom_t0025,4300,84300,1800,8
240,1.764299628,1.316469183,1.406379095,0.5013,0.5013,0.328,283595040,cifar_strom_quality,cifar_cnn,quality-selected,strom,strom_t0025,4300,84300,1800,8
300,1.939857715,1.292909534,1.393995587,0.5015,0.5015,0.287,364561136,cifar_strom_quality,cifar_cnn,quality-selected,strom,strom_t0025,4300,84300,1800,8
360,2.173166022,1.29199671,1.406808359,0.509,0.509,0.191,448366560,cifar_strom_quality,cifar_cnn,quality-selected,strom,strom_t0025,4300,84300,1800,8
420,2.411353717,1.259373004,1.369262265,0.5159,0.5159,0.349,533288912,cifar_strom_quality,cifar_cnn,quality-selected,strom,strom_t0025,4300,84300,1800,8
480,2.703194971,1.253167749,1.376550342,0.52,0.52,0.338,617173952,cifar_strom_quality,cifar_cnn,quality-selected,strom,strom_t0025,4300,84300,1800,8
540,3.0352724,1.260041565,1.379523022,0.5182,0.5182,0.293,699672416,cifar_strom_quality,cifar_cnn,quality-selected,strom,strom_t0025,4300,84300,1800,8
600,3.421982947,1.288353552,1.393290149,0.5105,0.5105,0.328,780452576,cifar_strom_quality,cifar_cnn,quality-selected,strom,strom_t0025,4300,84300,1800,8
660,3.753542334,1.255833594,1.393866553,0.5171,0.5171,0.331,860540528,cifar_strom_quality,cifar_cnn,quality-selected,strom,strom_t0025,4300,84300,1800,8
720,4.168817517,1.283724255,1.392924591,0.5066,0.5066,0.237,941666592,cifar_strom_quality,cifar_cnn,quality-selected,strom,strom_t0025,4300,84300,1800,8
780,4.521355829,1.267975946,1.397365576,0.5114,0.5114,0.357,1019055776,cifar_strom_quality,cifar_cnn,quality-selected,strom,strom_t0025,4300,84300,1800,8
840,4.955342468,1.320123962,1.419892877,0.5071,0.5071,0.257,1095614224,cifar_strom_quality,cifar_cnn,quality-selected,strom,strom_t0025,4300,84300,1800,8
900,5.345746521,1.301627136,1.396876355,0.5109,0.5109,0.279,1171229968,cifar_strom_quality,cifar_cnn,quality-selected,strom,strom_t0025,4300,84300,1800,8
960,5.766640143,1.305310065,1.405272498,0.5075,0.5075,0.332,1245883680,cifar_strom_quality,cifar_cnn,quality-selected,strom,strom_t0025,4300,84300,1800,8
1020,6.165381073,1.303544647,1.408800378,0.5017,0.5017,0.354,1322967376,cifar_strom_quality,cifar_cnn,quality-selected,strom,strom_t0025,4300,84300,1800,8
1080,6.545639734,1.29475155,1.397029669,0.5093,0.5093,0.267,1399531216,cifar_strom_quality,cifar_cnn,quality-selected,strom,strom_t0025,4300,84300,1800,8
1140,6.949737939,1.317349268,1.404888699,0.5063,0.5063,0.291,1473301984,cifar_strom_quality,cifar_cnn,quality-selected,strom,strom_t0025,4300,84300,1800,8
1200,7.321910077,1.298955487,1.388972418,0.5074,0.5074,0.174,1543961024,cifar_strom_quality,cifar_cnn,quality-selected,strom,strom_t0025,4300,84300,1800,8
1260,7.746247034,1.329103479,1.425168951,0.4943,0.4943,0.365,1614655808,cifar_strom_quality,cifar_cnn,quality-selected,strom,strom_t0025,4300,84300,1800,8
1320,8.123700659,1.320177222,1.425587683,0.4966,0.4966,0.329,1686206336,cifar_strom_quality,cifar_cnn,quality-selected,strom,strom_t0025,4300,84300,1800,8
1380,8.480274365,1.297306592,1.400067645,0.5031,0.5031,0.261,1760094672,cifar_strom_quality,cifar_cnn,quality-selected,strom,strom_t0025,4300,84300,1800,8
1440,8.847789587,1.296763708,1.378408264,0.5155,0.5155,0.286,1834980944,cifar_strom_quality,cifar_cnn,quality-selected,strom,strom_t0025,4300,84300,1800,8
1500,9.206054425,1.313515363,1.406607544,0.5114,0.5114,0.327,1908014576,cifar_strom_quality,cifar_cnn,quality-selected,strom,strom_t0025,4300,84300,1800,8
1560,9.499224347,1.301081769,1.395470856,0.5207,0.5207,0.365,1978195744,cifar_strom_quality,cifar_cnn,quality-selected,strom,strom_t0025,4300,84300,1800,8
1620,9.842466089,1.315710229,1.397438519,0.5094,0.5094,0.328,2046259856,cifar_strom_quality,cifar_cnn,quality-selected,strom,strom_t0025,4300,84300,1800,8
1680,10.19643061,1.33748139,1.417517413,0.5,0.5,0.333,2112139920,cifar_strom_quality,cifar_cnn,quality-selected,strom,strom_t0025,4300,84300,1800,8
1740,10.53254202,1.315309601,1.408171182,0.4965,0.4965,0.318,2176711712,cifar_strom_quality,cifar_cnn,quality-selected,strom,strom_t0025,4300,84300,1800,8
1800,10.89403303,1.330614087,1.429499988,0.4982,0.4982,0.345,2243126240,cifar_strom_quality,cifar_cnn,quality-selected,strom,strom_t0025,4300,84300,1800,8
1,2.337520472,2.304065161,2.302315167,0.1253,0.1253,0,1506816,cifar_strom_quality,cifar_cnn,quality-selected,strom,strom_t0025,4400,84400,1800,9
60,1.56815215,1.504086072,1.538442166,0.4412,0.4412,0.19,64115616,cifar_strom_quality,cifar_cnn,quality-selected,strom,strom_t0025,4400,84400,1800,9
120,1.555377716,1.416261597,1.474429529,0.4727,0.4727,0.244,133157456,cifar_strom_quality,cifar_cnn,quality-selected,strom,strom_t0025,4400,84400,1800,9
180,1.636564685,1.37797948,1.450085724,0.4751,0.4751,0.264,205632864,cifar_strom_quality,cifar_cnn,quality-selected,strom,strom_t0025,4400,84400,1800,9
240,1.745054193,1.327142908,1.417016531,0.4926,0.4926,0.266,279130784,cifar_strom_quality,cifar_cnn,quality-selected,strom,strom_t0025,4400,84400,1800,9
300,1.933473535,1.303852563,1.407410663,0.4891,0.4891,0.241,352968592,cifar_strom_quality,cifar_cnn,quality-selected,strom,strom_t0025,4400,84400,1800,9
360,2.17536123,1.282630151,1.423476587,0.4961,0.4961,0.255,429764656,cifar_strom_quality,cifar_cnn,quality-selected,strom,strom_t0025,4400,84400,1800,9
420,2.479740857,1.265630261,1.397580151,0.508,0.508,0.247,508365552,cifar_strom_quality,cifar_cnn,quality-selected,strom,strom_t0025,4400,84400,1800,9
480,2.855889734,1.282445886,1.404857889,0.5039,0.5039,0.322,587089168,cifar_strom_quality,cifar_cnn,quality-selected,strom,strom_t0025,4400,84400,1800,9
540,3.242969354,1.269899286,1.419944327,0.5046,0.5046,0.289,668067296,cifar_strom_quality,cifar_cnn,quality-selected,strom,strom_t0025,4400,84400,1800,9
600,3.683258289,1.273961169,1.42060802,0.5011,0.5011,0.285,749870400,cifar_strom_quality,cifar_cnn,quality-selected,strom,strom_t0025,4400,84400,1800,9
660,4.126062305,1.24525835,1.394444675,0.5076,0.5076,0.273,831627952,cifar_strom_quality,cifar_cnn,quality-selected,strom,strom_t0025,4400,84400,1800,9
720,4.652749469,1.282071735,1.435385156,0.5002,0.5002,0.244,914915488,cifar_strom_quality,cifar_cnn,quality-selected,strom,strom_t0025,4400,84400,1800,9
780,5.119149731,1.251179028,1.428767401,0.5046,0.5046,0.22,1000636208,cifar_strom_quality,cifar_cnn,quality-selected,strom,strom_t0025,4400,84400,1800,9
840,5.656663837,1.276987567,1.425663889,0.5038,0.5038,0.281,1084945600,cifar_strom_quality,cifar_cnn,quality-selected,strom,strom_t0025,4400,84400,1800,9
900,6.149961963,1.27125835,1.416291595,0.5086,0.5086,0.286,1165639488,cifar_strom_quality,cifar_cnn,quality-selected,strom,strom_t0025,4400,84400,1800,9
960,6.596322729,1.258466284,1.40125528,0.5092,0.5092,0.264,1243678208,cifar_strom_quality,cifar_cnn,quality-selected,strom,strom_t0025,4400,84400,1800,9
1020,7.061589246,1.263395398,1.416345477,0.5026,0.5026,0.314,1322433584,cifar_strom_quality,cifar_cnn,quality-selected,strom,strom_t0025,4400,84400,1800,9
1080,7.563578271,1.289248682,1.430099609,0.5014,0.5014,0.277,1398416432,cifar_strom_quality,cifar_cnn,quality-selected,strom,strom_t0025,4400,84400,1800,9
1140,8.042852966,1.295111267,1.430250269,0.5013,0.5013,0.272,1474088896,cifar_strom_quality,cifar_cnn,quality-selected,strom,strom_t0025,4400,84400,1800,9
1200,8.495166083,1.279777411,1.432103976,0.5024,0.5024,0.358,1549632992,cifar_strom_quality,cifar_cnn,quality-selected,strom,strom_t0025,4400,84400,1800,9
1260,8.986172058,1.29621698,1.425455859,0.5009,0.5009,0.341,1623411056,cifar_strom_quality,cifar_cnn,quality-selected,strom,strom_t0025,4400,84400,1800,9
1320,9.488359912,1.328181201,1.437171729,0.4949,0.4949,0.31,1697201296,cifar_strom_quality,cifar_cnn,quality-selected,strom,strom_t0025,4400,84400,1800,9
1380,9.941675421,1.306113898,1.42925957,0.4986,0.4986,0.374,1768512992,cifar_strom_quality,cifar_cnn,quality-selected,strom,strom_t0025,4400,84400,1800,9
1440,10.40852036,1.300377777,1.429506235,0.4961,0.4961,0.325,1840466016,cifar_strom_quality,cifar_cnn,quality-selected,strom,strom_t0025,4400,84400,1800,9
1500,10.87496238,1.306611792,1.424386334,0.4962,0.4962,0.322,1909813616,cifar_strom_quality,cifar_cnn,quality-selected,strom,strom_t0025,4400,84400,1800,9
1560,11.34476365,1.352267554,1.453891504,0.4834,0.4834,0.277,1977135216,cifar_strom_quality,cifar_cnn,quality-selected,strom,strom_t0025,4400,84400,1800,9
1620,11.73328123,1.352718732,1.462018066,0.4894,0.4894,0.242,2043299792,cifar_strom_quality,cifar_cnn,quality-selected,strom,strom_t0025,4400,84400,1800,9
1680,12.09761592,1.38549873,1.484446127,0.4717,0.4717,0.265,2108447232,cifar_strom_quality,cifar_cnn,quality-selected,strom,strom_t0025,4400,84400,1800,9
1740,12.42508442,1.383176215,1.467602829,0.4773,0.4773,0.337,2170573664,cifar_strom_quality,cifar_cnn,quality-selected,strom,strom_t0025,4400,84400,1800,9
1800,12.80158298,1.49418064,1.533705591,0.4615,0.4615,0.254,2231018720,cifar_strom_quality,cifar_cnn,quality-selected,strom,strom_t0025,4400,84400,1800,9
